Name,Category,Area,Google Map link,Rating,Reviews,Address,Latitude,Longitude
ORO ROASTERS,Cafe,Mirpur 1,https://www.google.com/maps/place/ORO+ROASTERS/data=!4m7!3m6!1s0x3755c1004cd60d45:0x51d86054da5efb1b!8m2!3d23.8009146!4d90.3540533!16s%2Fg%2F11vqtjp65l!19sChIJRQ3WTADBVTcRG_te2lRg2FE?authuser=0&hl=en&g_ep=EgoyMDI2MDkwMi4wIJJjKgBIAVAD&rclk=1,3.9,730,"Zoo Road, Mirpur 1, Dhaka",23.8009146,90.3540533
Wellness Cafe Mirpur,Cafe,Mirpur 1,https://www.google.com/maps/place/Wellness+Cafe+Mirpur/data=!4m7!3m6!1s0x3755c1a6df37be43:0x95aca9e325ce6299!8m2!3d23.7989207!4d90.3541707!16s%2Fg%2F11jz_m2pz5!19sChIJQ74336bBVTcRmWLOJeOprJU?authuser=0&hl=en&g_ep=EgoyMDI2MDkwMi4wIJJjKgBIAVAD&rclk=1,4.1,17,"Mirpur 1, Dhaka",23.7989207,90.3541707
IZ Pâtisserie and Café - Mirpur Branch,Cafe,Mirpur 12,https://www.google.com/maps/place/IZ+P%C3%A2tisserie+and+Caf%C3%A9+-+Mirpur+Branch/data=!4m7!3m6!1s0x3755c5dd9928851b:0xf182d3f18449d7fe!8m2!3d23.8272776!4d90.3643858!16s%2Fg%2F11tx4s10p1!19sChIJG4Uomd3FVTcR_tdJhPHTgvE?authuser=0&hl=en&g_ep=EgoyMDI2MDkwMi4wIJJjKgBIAVAD&rclk=1,4.4,1.3K,"B.A, House #45 Rd No. 7, Mirpur 12, Dhaka",23.8272776,90.3643858
Coffeelime - Mirpur,Cafe,Mirpur 1,https://www.google.com/maps/place/Coffeelime+-+Mirpur/data=!4m7!3m6!1s0x3755c1ee1f8553eb:0xf4f7e342c7f35910!8m2!3d23.7998111!4d90.3557203!16s%2Fg%2F11v4j7qn8p!19sChIJ61OFH-7BVTcREFnzx0Lj9_Q?authuser=0&hl=en&g_ep=EgoyMDI2MDkwMi4wIJJjKgBIAVAD&rclk=1,4.1,51,"1216 Rd No. 2, Mirpur 1, Dhaka",23.7998111,90.3557203
Dream Cafe,Cafe,Mirpur 1,https://www.google.com/maps/place/Dream+Cafe/data=!4m7!3m6!1s0x3755c18aeeb1831d:0x713c6432edb44560!8m2!3d23.7906303!4d90.3484649!16s%2Fg%2F11h8xy9rmg!19sChIJHYOx7orBVTcRYEW07TJkPHE?authuser=0&hl=en&g_ep=EgoyMDI2MDkwMi4wIJJjKgBIAVAD&rclk=1,4.2,482,"116 Mazar Rd, Mirpur 1, Dhaka",23.7906303,90.3484649
PERCH Cafe,Cafe,Mirpur 1,https://www.google.com/maps/place/PERCH+Cafe/data=!4m7!3m6!1s0x3755c1001e51d4ed:0xd14f9191ffe3ff05!8m2!3d23.800876!4d90.3540206!16s%2Fg%2F11zhx5gd2c!19sChIJ7dRRHgDBVTcRBf_j_5GRT9E?authuser=0&hl=en&g_ep=EgoyMDI2MDkwMi4wIJJjKgBIAVAD&rclk=1,4.4,43,"Mirpur 1, Dhaka",23.800876,90.3540206
Coffee House,Cafe,Mirpur 1,https://www.google.com/maps/place/Coffee+House/data=!4m7!3m6!1s0x3755c14f7994aa7d:0x4ec52b1be0e5f14a!8m2!3d23.8069154!4d90.3719075!16s%2Fg%2F11yw88hkjn!19sChIJfaqUeU_BVTcRSvHl4BsrxU4?authuser=0&hl=en&g_ep=EgoyMDI2MDkwMi4wIJJjKgBIAVAD&rclk=1,4.8,14,"11/2, Block - B, House - 1, 1216 Road, Mirpur 1, Dhaka",23.8069154,90.3719075
Cafe Gossip,Cafe,Mirpur 1,https://www.google.com/maps/place/Cafe+Gossip/data=!4m7!3m6!1s0x3755c0e90b8cc35d:0xad92e04977396d92!8m2!3d23.7942834!4d90.3532838!16s%2Fg%2F11c1c0xb7r!19sChIJXcOMC-nAVTcRkm05d0ngkq0?authuser=0&hl=en&g_ep=EgoyMDI2MDkwMi4wIJJjKgBIAVAD&rclk=1,3.8,277,"Q9V3+P87, Principal Abul Kashem Rd, Mirpur 1, Dhaka",23.7942834,90.3532838
Secret Recipe Mirpur Sony Square Flagship,Cafe,Mirpur 1,https://www.google.com/maps/place/Secret+Recipe+Mirpur+Sony+Square+Flagship/data=!4m7!3m6!1s0x3755c1c2afd1052f:0x516c22d6a40cbb85!8m2!3d23.8003145!4d90.3554393!16s%2Fg%2F11sg26pt8r!19sChIJLwXRr8LBVTcRhbsMpNYibFE?authuser=0&hl=en&g_ep=EgoyMDI2MDkwMi4wIJJjKgBIAVAD&rclk=1,3.4,322,"1st Floor, Plot-1, Sony Cinema Hall, 105 Mirpur Rd, Mirpur 1, Dhaka",23.8003145,90.3554393
ash cafe,Cafe,Mirpur 1,https://www.google.com/maps/place/ash+cafe/data=!4m7!3m6!1s0x3755c10dea0c9e1b:0xbf5bdee3c6ead6ae!8m2!3d23.7958193!4d90.3535695!16s%2Fg%2F11z8tjj2fp!19sChIJG54M6g3BVTcRrtbqxuPeW78?authuser=0&hl=en&g_ep=EgoyMDI2MDkwMi4wIJJjKgBIAVAD&rclk=1,4.3,1.2K,"Mirpur 1, Dhaka",23.7958193,90.3535695
Cafe Public Express,Cafe,Mirpur 1,https://www.google.com/maps/place/Cafe+Public+Express/data=!4m7!3m6!1s0x3755c10030deda69:0x44b8cdbb62fefb42!8m2!3d23.7986874!4d90.3554601!16s%2Fg%2F11x19mhm34!19sChIJadreMADBVTcRQvv-YrvNuEQ?authuser=0&hl=en&g_ep=EgoyMDI2MDkwMi4wIJJjKgBIAVAD&rclk=1,5,14,"Mirpur 1, Dhaka",23.7986874,90.3554601
Flavour Cafe & Restaurant,Cafe,Mirpur 1,https://www.google.com/maps/place/Flavour+Cafe+%26+Restaurant/data=!4m7!3m6!1s0x3755c1001cfc7ea7:0x7e9cbc7115dacf6a!8m2!3d23.8054898!4d90.3670573!16s%2Fg%2F11mdms5lxv!19sChIJp378HADBVTcRas_aFXG8nH4?authuser=0&hl=en&g_ep=EgoyMDI2MDkwMi4wIJJjKgBIAVAD&rclk=1,4.6,42,"Mirpur 1, Dhaka",23.8054898,90.3670573
RENEGADES CAFE (Mirpur 10),Cafe,Mirpur 10,https://www.google.com/maps/place/RENEGADES+CAFE+%28Mirpur+10%29/data=!4m7!3m6!1s0x3755c1000e9a57a1:0x6c59653403503bd1!8m2!3d23.8087217!4d90.3679052!16s%2Fg%2F11wqw6v6bl!19sChIJoVeaDgDBVTcR0TtQAzRlWWw?authuser=0&hl=en&g_ep=EgoyMDI2MDkwMi4wIJJjKgBIAVAD&rclk=1,4.3,82,"5th Floor, Green Avenue Park, Plot 01 Rd 3, Mirpur 10, Dhaka",23.8087217,90.3679052
কোকো ক্যাফে ~ মিরপুর,Cafe,Mirpur 1,https://www.google.com/maps/place/%E0%A6%95%E0%A7%8B%E0%A6%95%E0%A7%8B+%E0%A6%95%E0%A7%8D%E0%A6%AF%E0%A6%BE%E0%A6%AB%E0%A7%87+~+%E0%A6%AE%E0%A6%BF%E0%A6%B0%E0%A6%AA%E0%A7%81%E0%A6%B0/data=!4m7!3m6!1s0x3755c1b5d8990d3b:0x668477b7533fffb5!8m2!3d23.8002792!4d90.3547905!16s%2Fg%2F11j7vy86d3!19sChIJOw2Z2LXBVTcRtf8_U7d3hGY?authuser=0&hl=en&g_ep=EgoyMDI2MDkwMi4wIJJjKgBIAVAD&rclk=1,4.2,288,"Zoo Road, Mirpur 1, Dhaka",23.8002792,90.3547905
New Cafe Dhanshiri ~ Mirpur-1,Cafe,Mirpur 1,https://www.google.com/maps/place/New+Cafe+Dhanshiri+~+Mirpur-1/data=!4m7!3m6!1s0x3755c0e7d458d443:0xbbc4ca5a386eb3f7!8m2!3d23.79878!4d90.3540593!16s%2Fg%2F12hs52wdr!19sChIJQ9RY1OfAVTcR97NuOFrKxLs?authuser=0&hl=en&g_ep=EgoyMDI2MDkwMi4wIJJjKgBIAVAD&rclk=1,3.7,1.5K,"8, Block B Main Road, Mirpur 1, Dhaka",23.79878,90.3540593
Gourmet Delight & Cafe,Cafe,Mirpur 1,https://www.google.com/maps/place/Gourmet+Delight+%26+Cafe/data=!4m7!3m6!1s0x3755c16c5a7edcfd:0x3803d8f883e8c658!8m2!3d23.8029231!4d90.3541415!16s%2Fg%2F11t53h8bmv!19sChIJ_dx-WmzBVTcRWMbog_jYAzg?authuser=0&hl=en&g_ep=EgoyMDI2MDkwMi4wIJJjKgBIAVAD&rclk=1,4.2,22,"Plot 2/1, Block A, Avenue 1, Mirpur 1, Dhaka",23.8029231,90.3541415
The Cafe Rio Ltd. (Mirpur Branch),Cafe,Mirpur 12,https://www.google.com/maps/place/The+Cafe+Rio+Ltd.+%28Mirpur+Branch%29/data=!4m7!3m6!1s0x3755c1c4d7c5d2b7:0x4c1877f269ec7712!8m2!3d23.8284563!4d90.3637199!16s%2Fg%2F11sy1nnsjk!19sChIJt9LF18TBVTcREnfsafJ3GEw?authuser=0&hl=en&g_ep=EgoyMDI2MDkwMi4wIJJjKgBIAVAD&rclk=1,3.7,2.1K,"Prince Bazar Building, Sultan Mansion, (7th Floor) Holding. 3, Begum Rokeya Avenue, Pallabi Bus Stand (Metro Rail 170 No. Pillar, Mirpur 12, Dhaka",23.8284563,90.3637199
THAFI cafe & Spa,Cafe,Mirpur 1,https://www.google.com/maps/place/THAFI+cafe+%26+Spa/data=!4m7!3m6!1s0x3755c1004ba974c5:0x7d0fc610ef2020dc!8m2!3d23.7909754!4d90.3556328!16s%2Fg%2F11wj4m2hjl!19sChIJxXSpSwDBVTcR3CAg7xDGD30?authuser=0&hl=en&g_ep=EgoyMDI2MDkwMi4wIJJjKgBIAVAD&rclk=1,4.3,26,"Mirpur 1, Dhaka",23.7909754,90.3556328
EDIBOWL Mirpur-12,Cafe,Mirpur 12,https://www.google.com/maps/place/EDIBOWL+Mirpur-12/data=!4m7!3m6!1s0x3755c1a49c5ecd07:0x818c764751854bab!8m2!3d23.8272723!4d90.3643136!16s%2Fg%2F11try3fp5r!19sChIJB81enKTBVTcRq0uFUUd2jIE?authuser=0&hl=en&g_ep=EgoyMDI2MDkwMi4wIJJjKgBIAVAD&rclk=1,4.1,484,"House#45, Road#7, Block#A, 45 Rd No. 7, Mirpur 12, Dhaka",23.8272723,90.3643136
Mirpurian's Cafe,Cafe,Mirpur 1,https://www.google.com/maps/place/Mirpurian%27s+Cafe/data=!4m7!3m6!1s0x3755c10063493525:0xee84621440c4fb5b!8m2!3d23.8037143!4d90.3479339!16s%2Fg%2F11lynw4b4l!19sChIJJTVJYwDBVTcRW_vEQBRihO4?authuser=0&hl=en&g_ep=EgoyMDI2MDkwMi4wIJJjKgBIAVAD&rclk=1,4.9,8,"Mirpur 1, Dhaka",23.8037143,90.3479339
Checkmate Café,Cafe,Mirpur 10,https://www.google.com/maps/place/Checkmate+Caf%C3%A9/data=!4m7!3m6!1s0x3755c7c21bf02479:0x8e29e31f697a0469!8m2!3d23.8098566!4d90.3753068!16s%2Fg%2F11s5pw920g!19sChIJeSTwG8LHVTcRaQR6aR_jKY4?authuser=0&hl=en&g_ep=EgoyMDI2MDkwMi4wIJJjKgBIAVAD&rclk=1,4.6,126,"Rd No 17, Mirpur 10, Dhaka",23.8098566,90.3753068
Coffee Mania,Cafe,Mirpur 10,https://www.google.com/maps/place/Coffee+Mania/data=!4m7!3m6!1s0x3755c0d5edb6e297:0xfdc601a344143320!8m2!3d23.8094973!4d90.3710444!16s%2Fg%2F11c2pf4c9r!19sChIJl-K27dXAVTcRIDMURKMBxv0?authuser=0&hl=en&g_ep=EgoyMDI2MDkwMi4wIJJjKgBIAVAD&rclk=1,4.1,854,"Line-6, House # 16, Mirpur 10, Dhaka",23.8094973,90.3710444
Tech to tech,Cafe,Mirpur 10,https://www.google.com/maps/place/Tech+to+tech/data=!4m7!3m6!1s0x3755c137defa0a7b:0x16f34c3a1f0eca6f!8m2!3d23.8071132!4d90.3686097!16s%2Fg%2F11zwvzr90c!19sChIJewr63jfBVTcRb8oOHzpM8xY?authuser=0&hl=en&g_ep=EgoyMDI2MDkwMi4wIJJjKgBIAVAD&rclk=1,4.3,1.2K,"Mirpur 10, Dhaka",23.8071132,90.3686097
Urbán Café,Cafe,Mirpur 10,https://www.google.com/maps/place/Urb%C3%A1n+Caf%C3%A9/data=!4m7!3m6!1s0x3755c1000eaf838d:0x5fc75f752cc2e30f!8m2!3d23.7983832!4d90.3727623!16s%2Fg%2F11z76cxxv3!19sChIJjYOvDgDBVTcRD-PCLHVfx18?authuser=0&hl=en&g_ep=EgoyMDI2MDkwMi4wIJJjKgBIAVAD&rclk=1,4.9,16,"Mirpur 10, Dhaka",23.7983832,90.3727623
Crimson Cup Mirpur 12,Cafe,Mirpur 12,https://www.google.com/maps/place/Crimson+Cup+Mirpur+12/data=!4m7!3m6!1s0x3755c15a9540e10f:0x3c24a9af32efc42c!8m2!3d23.8270336!4d90.3645377!16s%2Fg%2F11tg2m316q!19sChIJD-FAlVrBVTcRLMTvMq-pJDw?authuser=0&hl=en&g_ep=EgoyMDI2MDkwMi4wIJJjKgBIAVAD&rclk=1,4.1,358,"Mirpur 12, Dhaka",23.8270336,90.3645377
Turkish Cafe Store,Cafe,Mirpur 10,https://www.google.com/maps/place/Turkish+Cafe+Store/data=!4m7!3m6!1s0x3755c1e35089b345:0x635c35aaec58f688!8m2!3d23.8066153!4d90.3732317!16s%2Fg%2F11qygk933y!19sChIJRbOJUOPBVTcRiPZY7Ko1XGM?authuser=0&hl=en&g_ep=EgoyMDI2MDkwMi4wIJJjKgBIAVAD&rclk=1,4.3,23,"Mirpur 10, Dhaka",23.8066153,90.3732317
"Café Metro, Mirpur",Cafe,Mirpur 10,"https://www.google.com/maps/place/Caf%C3%A9+Metro,+Mirpur/data=!4m7!3m6!1s0x3755c1ef0b4760ed:0x930057de9d1ffc4a!8m2!3d23.8089166!4d90.3683012!16s%2Fg%2F11pzjtf2l4!19sChIJ7WBHC-_BVTcRSvwfnd5XAJM?authuser=0&hl=en&g_ep=EgoyMDI2MDkwMi4wIJJjKgBIAVAD&rclk=1",3.8,32,"House-2 Ln. No. 2, Mirpur 10, Dhaka",23.8089166,90.3683012
Bean and Leaf,Cafe,Mirpur 10,https://www.google.com/maps/place/Bean+and+Leaf/data=!4m7!3m6!1s0x3755c1408332448f:0xd6ac94c9bdbf6e53!8m2!3d23.8100707!4d90.3727819!16s%2Fg%2F11fjb4f8sy!19sChIJj0Qyg0DBVTcRU26_vcmUrNY?authuser=0&hl=en&g_ep=EgoyMDI2MDkwMi4wIJJjKgBIAVAD&rclk=1,4.3,256,"10-C,2, 10 Rd No. 2, Mirpur 10, Dhaka",23.8100707,90.3727819
CAFE Mushroom,Cafe,Mirpur 10,https://www.google.com/maps/place/CAFE+Mushroom/data=!4m7!3m6!1s0x3755c7d829cfa821:0x7337ee9ff5ac2289!8m2!3d23.8088397!4d90.3751085!16s%2Fg%2F11mhg3tzp6!19sChIJIajPKdjHVTcRiSKs9Z_uN3M?authuser=0&hl=en&g_ep=EgoyMDI2MDkwMi4wIJJjKgBIAVAD&rclk=1,4.3,319,"Block C, House #1 Rd No 20, Mirpur 10, Dhaka",23.8088397,90.3751085
Coffee Gate,Cafe,Mirpur 10,https://www.google.com/maps/place/Coffee+Gate/data=!4m7!3m6!1s0x3755c1f2a1f14471:0x1d018265e4240826!8m2!3d23.8127197!4d90.3670202!16s%2Fg%2F11nvth6r4m!19sChIJcUTxofLBVTcRJggk5GWCAR0?authuser=0&hl=en&g_ep=EgoyMDI2MDkwMi4wIJJjKgBIAVAD&rclk=1,4.3,1.2K,"Mirpur 10, Dhaka",23.8127197,90.3670202
Cha & Chill,Cafe,Mirpur 10,https://www.google.com/maps/place/Cha+%26+Chill/data=!4m7!3m6!1s0x3755c1e708062a09:0xc9c4faa9e168c731!8m2!3d23.8100815!4d90.3652265!16s%2Fg%2F11t7hb62qg!19sChIJCSoGCOfBVTcRMcdo4an6xMk?authuser=0&hl=en&g_ep=EgoyMDI2MDkwMi4wIJJjKgBIAVAD&rclk=1,4,864,"46 Avenue 5, Mirpur 10, Dhaka",23.8100815,90.3652265
Cafe Imperial - Chinese Restaurant,Cafe,Mirpur 10,https://www.google.com/maps/place/Cafe+Imperial+-+Chinese+Restaurant/data=!4m7!3m6!1s0x3755c1fbe46ab855:0xb2fe93065f0ffba8!8m2!3d23.8079021!4d90.3724807!16s%2Fg%2F11gntv9qn7!19sChIJVbhq5PvBVTcRqPsPXwaT_rI?authuser=0&hl=en&g_ep=EgoyMDI2MDkwMi4wIJJjKgBIAVAD&rclk=1,3.5,210,"Mirpur 10, Dhaka",23.8079021,90.3724807
Tasty Treat - Mirpur 10,Cafe,Mirpur 10,https://www.google.com/maps/place/Tasty+Treat+-+Mirpur+10/data=!4m7!3m6!1s0x3755c1ed97c94c9d:0xa49e2eefc9b4acef!8m2!3d23.8063047!4d90.3687172!16s%2Fg%2F11gyyxdpxt!19sChIJnUzJl-3BVTcR76y0ye8unqQ?authuser=0&hl=en&g_ep=EgoyMDI2MDkwMi4wIJJjKgBIAVAD&rclk=1,4.1,552,"39/1/B, Block-kha Boundary Rd, Mirpur 10, Dhaka",23.8063047,90.3687172
Cafe 99,Cafe,Mirpur 10,https://www.google.com/maps/place/Cafe+99/data=!4m7!3m6!1s0x3755c7006ea9801d:0xbe93d1afafe84d91!8m2!3d23.8075356!4d90.3753726!16s%2Fg%2F11m61t4nlq!19sChIJHYCpbgDHVTcRkU3or6_Rk74?authuser=0&hl=en&g_ep=EgoyMDI2MDkwMi4wIJJjKgBIAVAD&rclk=1,4.1,13,"R94G+X3W, Rd No 22, Mirpur 10, Dhaka",23.8075356,90.3753726
Cafe Glory,Cafe,Mirpur 10,https://www.google.com/maps/place/Cafe+Glory/data=!4m7!3m6!1s0x3755c1006b958b9d:0xb73134f97b34df6f!8m2!3d23.8062001!4d90.3733374!16s%2Fg%2F11vx3_zkgb!19sChIJnYuVawDBVTcRb980e_k0Mbc?authuser=0&hl=en&g_ep=EgoyMDI2MDkwMi4wIJJjKgBIAVAD&rclk=1,3.1,9,"1, Plot-31, Mirpur Main Road, Mirpur-10, Mirpur 10, Dhaka",23.8062001,90.3733374
Plasma Cafe,Cafe,Mirpur 10,https://www.google.com/maps/place/Plasma+Cafe/data=!4m7!3m6!1s0x3755c15b5f3e889b:0x9a370ddd460c119c!8m2!3d23.8065824!4d90.3697388!16s%2Fg%2F11txpn4fr8!19sChIJm4g-X1vBVTcRnBEMRt0NN5o?authuser=0&hl=en&g_ep=EgoyMDI2MDkwMi4wIJJjKgBIAVAD&rclk=1,5,2,"House 10, Road 03 Roundabout, Mirpur 10, Dhaka",23.8065824,90.3697388
Burgerii,Cafe,Mirpur 10,https://www.google.com/maps/place/Burgerii/data=!4m7!3m6!1s0x3755c1003ed8155b:0xf2a7d5f6dd53d90d!8m2!3d23.8080959!4d90.3717019!16s%2Fg%2F11wnf9z1b7!19sChIJWxXYPgDBVTcRDdlT3fbVp_I?authuser=0&hl=en&g_ep=EgoyMDI2MDkwMi4wIJJjKgBIAVAD&rclk=1,4.8,19,"House: 1/7, Road: 19, Mirpur 10, Dhaka",23.8080959,90.3717019
"Burger Xpress - Benaroshi, Mirpur 10",Cafe,Mirpur 10,"https://www.google.com/maps/place/Burger+Xpress+-+Benaroshi,+Mirpur+10/data=!4m7!3m6!1s0x3755c17b6db346e3:0x446710e4d6aaaf15!8m2!3d23.8095422!4d90.3703839!16s%2Fg%2F11mtddy4qn!19sChIJ40azbXvBVTcRFa-q1uQQZ0Q?authuser=0&hl=en&g_ep=EgoyMDI2MDkwMi4wIJJjKgBIAVAD&rclk=1",4,561,"Mirpur 10, Dhaka",23.8095422,90.3703839
Pizzaria,Cafe,Mirpur 10,https://www.google.com/maps/place/Pizzaria/data=!4m7!3m6!1s0x3755c114ee391a07:0xa37768055b94ba21!8m2!3d23.8059072!4d90.366888!16s%2Fg%2F11m8r4bjwv!19sChIJBxo57hTBVTcRIbqUWwVod6M?authuser=0&hl=en&g_ep=EgoyMDI2MDkwMi4wIJJjKgBIAVAD&rclk=1,5,4,"Mirpur 10, Dhaka",23.8059072,90.366888
Riddhi Book Cafe-ঋদ্ধি বুক ক্যাফে,Cafe,Mirpur 11,https://www.google.com/maps/place/Riddhi+Book+Cafe-%E0%A6%8B%E0%A6%A6%E0%A7%8D%E0%A6%A7%E0%A6%BF+%E0%A6%AC%E0%A7%81%E0%A6%95+%E0%A6%95%E0%A7%8D%E0%A6%AF%E0%A6%BE%E0%A6%AB%E0%A7%87/data=!4m7!3m6!1s0x3755c1bf50dce7c3:0xf27dad0de68a9986!8m2!3d23.819499!4d90.3655512!16s%2Fg%2F11vy2c1w21!19sChIJw-fcUL_BVTcRhpmK5g2tffI?authuser=0&hl=en&g_ep=EgoyMDI2MDkwMi4wIJJjKgBIAVAD&rclk=1,3.9,240,"Block D, Plot 2, Road 9, Pallabi Rd, Mirpur 11, Dhaka",23.819499,90.3655512
Cafe Junction,Cafe,Mirpur 11,https://www.google.com/maps/place/Cafe+Junction/data=!4m7!3m6!1s0x3755c12eeca36f47:0x99030ec329383e57!8m2!3d23.81811!4d90.3674759!16s%2Fg%2F11f57sr2_g!19sChIJR2-j7C7BVTcRVz44KcMOA5k?authuser=0&hl=en&g_ep=EgoyMDI2MDkwMi4wIJJjKgBIAVAD&rclk=1,4.2,13,"Mirpur -11, Nannu Market, Section: 11, Block: A, Road: 08, Line: 03, House: 08, Mirpur 11, Dhaka",23.81811,90.3674759
"Bhanga , Mirpur-11",Cafe,Mirpur 11,"https://www.google.com/maps/place/Bhanga+,+Mirpur-11/data=!4m7!3m6!1s0x3755c1005b98fba1:0x6be4d00237380beb!8m2!3d23.8171849!4d90.3566045!16s%2Fg%2F11nbm4m_ts!19sChIJofuYWwDBVTcR6ws4NwLQ5Gs?authuser=0&hl=en&g_ep=EgoyMDI2MDkwMi4wIJJjKgBIAVAD&rclk=1",5,6,"Mirpur 11, Dhaka",23.8171849,90.3566045
Cafe President Park,Cafe,Mirpur 11,https://www.google.com/maps/place/Cafe+President+Park/data=!4m7!3m6!1s0x3755c1000892df7b:0xbebd0a0641a52eec!8m2!3d23.818447!4d90.3668517!16s%2Fg%2F11y39c5dc2!19sChIJe9-SCADBVTcR7C6lQQYKvb4?authuser=0&hl=en&g_ep=EgoyMDI2MDkwMi4wIJJjKgBIAVAD&rclk=1,3.5,21,"Mirpur 11, Dhaka",23.818447,90.3668517
Delicious Restaurant Cake & Cafe,Cafe,Mirpur 11,https://www.google.com/maps/place/Delicious+Restaurant+Cake+%26+Cafe/data=!4m7!3m6!1s0x3755c181176dbc45:0xaaaaaaccbb78f222!8m2!3d23.8175218!4d90.3663281!16s%2Fg%2F11t7bb_cv6!19sChIJRbxtF4HBVTcRIvJ4u8yqqqo?authuser=0&hl=en&g_ep=EgoyMDI2MDkwMi4wIJJjKgBIAVAD&rclk=1,4.1,35,"House 18, block a main road, Mirpur 11, Dhaka",23.8175218,90.3663281
Chawala,Cafe,Mirpur 11,https://www.google.com/maps/place/Chawala/data=!4m7!3m6!1s0x3755c131a0ef5625:0x427423a9d5cc9898!8m2!3d23.8170912!4d90.3654939!16s%2Fg%2F11jt1k0wcx!19sChIJJVbvoDHBVTcRmJjM1akjdEI?authuser=0&hl=en&g_ep=EgoyMDI2MDkwMi4wIJJjKgBIAVAD&rclk=1,4.6,30,"R988+R5Q, Main Road -3, Mirpur 11, Dhaka",23.8170912,90.3654939
3 Charlie's Cafe,Cafe,Mirpur 11,https://www.google.com/maps/place/3+Charlie%27s+Cafe/data=!4m7!3m6!1s0x3755c7962844bad5:0xfd825fe8d7d2421b!8m2!3d23.8191131!4d90.3786283!16s%2Fg%2F11npfw2lzs!19sChIJ1bpEKJbHVTcRG0LS1-hfgv0?authuser=0&hl=en&g_ep=EgoyMDI2MDkwMi4wIJJjKgBIAVAD&rclk=1,5,4,"House Number 14 lalmatia tempostan , G th Floor- Food Court lalmatia tempostan, Lane 8, Mirpur 11, Dhaka",23.8191131,90.3786283
Pizzazz Cafe,Cafe,Mirpur 11,https://www.google.com/maps/place/Pizzazz+Cafe/data=!4m7!3m6!1s0x3755c1003d1b0693:0xb77b91baedc4b632!8m2!3d23.8100811!4d90.364886!16s%2Fg%2F11ybc53jjm!19sChIJkwYbPQDBVTcRMrbE7bqRe7c?authuser=0&hl=en&g_ep=EgoyMDI2MDkwMi4wIJJjKgBIAVAD&rclk=1,4.7,52,"Block- A, House- 41 Avenue 5, Mirpur 11, Dhaka",23.8100811,90.364886
Tea N' More,Cafe,Mirpur 11,https://www.google.com/maps/place/Tea+N%27+More/data=!4m7!3m6!1s0x3755c100378594b5:0x2009c5d392bb708e!8m2!3d23.8176875!4d90.3658422!16s%2Fg%2F11y83ll2vz!19sChIJtZSFNwDBVTcRjnC7ktPFCSA?authuser=0&hl=en&g_ep=EgoyMDI2MDkwMi4wIJJjKgBIAVAD&rclk=1,4.2,20,"Mirpur 11, Dhaka",23.8176875,90.3658422
"Celebrate Cafe & Restaurant (Pallabi, Mirpur)",Cafe,Mirpur 11,"https://www.google.com/maps/place/Celebrate+Cafe+%26+Restaurant+%28Pallabi,+Mirpur%29/data=!4m7!3m6!1s0x3755c131b1e2e71b:0x7f258db3c2be96e!8m2!3d23.8244914!4d90.367992!16s%2Fg%2F11f2q4sp1q!19sChIJG-fisTHBVTcRbukrPNtY8gc?authuser=0&hl=en&g_ep=EgoyMDI2MDkwMi4wIJJjKgBIAVAD&rclk=1",4.2,620,"House 191 রোড নং ১০, Mirpur 11, Dhaka",23.8244914,90.367992
Sugar Rush and CO,Cafe,Mirpur 11,https://www.google.com/maps/place/Sugar+Rush+and+CO/data=!4m7!3m6!1s0x3755c1001e0123f5:0xdc482e975275ff88!8m2!3d23.8205866!4d90.3680205!16s%2Fg%2F11x0hs47_c!19sChIJ9SMBHgDBVTcRiP91UpcuSNw?authuser=0&hl=en&g_ep=EgoyMDI2MDkwMi4wIJJjKgBIAVAD&rclk=1,4,65,"Plot 14 & 15, 01 Kalshi Rd, Mirpur 11, Dhaka",23.8205866,90.3680205
Teabox Mirpur 11,Cafe,Mirpur 11,https://www.google.com/maps/place/Teabox+Mirpur+11/data=!4m7!3m6!1s0x3755c12f0bf32699:0xe585c05a60660ac8!8m2!3d23.8189573!4d90.366952!16s%2Fg%2F11hb7h6y3z!19sChIJmSbzCy_BVTcRyApmYFrAheU?authuser=0&hl=en&g_ep=EgoyMDI2MDkwMi4wIJJjKgBIAVAD&rclk=1,4.2,10,"14, Section-11, Line-7, House no: 88, Mirpur 11, Dhaka",23.8189573,90.366952
Breadsmith - Mirpur DOHS,Cafe,Mirpur 12,https://www.google.com/maps/place/Breadsmith+-+Mirpur+DOHS/data=!4m7!3m6!1s0x3755c1f3ca29feff:0xd8295d99131c126e!8m2!3d23.8379983!4d90.3753798!16s%2Fg%2F11sfrwtbyf!19sChIJ__4pyvPBVTcRbhIcE5ldKdg?authuser=0&hl=en&g_ep=EgoyMDI2MDkwMi4wIJJjKgBIAVAD&rclk=1,4.3,535,"Mirpur 12, Dhaka",23.8379983,90.3753798
Ash Cafe & Bistro,Cafe,Mirpur 12,https://www.google.com/maps/place/Ash+Cafe+%26+Bistro/data=!4m7!3m6!1s0x3755c1007ffa1217:0x966f9b179c5aba88!8m2!3d23.8272351!4d90.3643999!16s%2Fg%2F11msvvhzl9!19sChIJFxL6fwDBVTcRiLpanBebb5Y?authuser=0&hl=en&g_ep=EgoyMDI2MDkwMi4wIJJjKgBIAVAD&rclk=1,3.3,42,"Level 6, Safura Tower, House 45 Rd No. 7, Mirpur 12, Dhaka",23.8272351,90.3643999
Cumulus Brewed in the Cloud,Cafe,Mirpur 12,https://www.google.com/maps/place/Cumulus+Brewed+in+the+Cloud/data=!4m7!3m6!1s0x3755c1004347da23:0x4b0e049bcd4e66c2!8m2!3d23.827271!4d90.3644217!16s%2Fg%2F11lnppnp8x!19sChIJI9pHQwDBVTcRwmZOzZsEDks?authuser=0&hl=en&g_ep=EgoyMDI2MDkwMi4wIJJjKgBIAVAD&rclk=1,4.6,25,"45 Rd No. 7, Mirpur 12, Dhaka",23.827271,90.3644217
Waffle Bae Mirpur-12,Cafe,Mirpur 12,https://www.google.com/maps/place/Waffle+Bae+Mirpur-12/data=!4m7!3m6!1s0x3755c1a43ec93db1:0xdfabe950c5f22181!8m2!3d23.8271624!4d90.3644284!16s%2Fg%2F11vdn70gnm!19sChIJsT3JPqTBVTcRgSHyxVDpq98?authuser=0&hl=en&g_ep=EgoyMDI2MDkwMi4wIJJjKgBIAVAD&rclk=1,4.2,21,"Mirpur 12, Dhaka",23.8271624,90.3644284
Runcha Mirpur -12,Cafe,Mirpur 12,https://www.google.com/maps/place/Runcha+Mirpur+-12/data=!4m7!3m6!1s0x3755c1000fa4fe9d:0x565d53c7f28a98e5!8m2!3d23.8280746!4d90.3638959!16s%2Fg%2F11z7qp3rn7!19sChIJnf6kDwDBVTcR5ZiK8sdTXVY?authuser=0&hl=en&g_ep=EgoyMDI2MDkwMi4wIJJjKgBIAVAD&rclk=1,4.5,24,"12, 12, Nur Islam Mollah Avenue Holding No# 5, 1216 Bus stand, Mirpur 12, Dhaka",23.8280746,90.3638959
Caffe Lattetude,Cafe,Mirpur 12,https://www.google.com/maps/place/Caffe+Lattetude/data=!4m7!3m6!1s0x3755c1fd3f01bacd:0x94ceac8a13ccd44e!8m2!3d23.8287633!4d90.3636111!16s%2Fg%2F11mw5vx852!19sChIJzboBP_3BVTcRTtTME4qszpQ?authuser=0&hl=en&g_ep=EgoyMDI2MDkwMi4wIJJjKgBIAVAD&rclk=1,4.8,6,"Mirpur 12, Dhaka",23.8287633,90.3636111
THEA,Cafe,Mirpur 12,https://www.google.com/maps/place/THEA/data=!4m7!3m6!1s0x3755c1d87eb565bf:0xd3b876218bd3a811!8m2!3d23.8299258!4d90.3636504!16s%2Fg%2F11q947dvpc!19sChIJv2W1ftjBVTcREajTiyF2uNM?authuser=0&hl=en&g_ep=EgoyMDI2MDkwMi4wIJJjKgBIAVAD&rclk=1,4.2,42,"Mirpur 12, Dhaka",23.8299258,90.3636504
Cafe Twisted Burg,Cafe,Mirpur 12,https://www.google.com/maps/place/Cafe+Twisted+Burg/data=!4m7!3m6!1s0x3755c18633cf79f1:0x89c03884cd637b5f!8m2!3d23.8287408!4d90.3637495!16s%2Fg%2F11n8ttp7rf!19sChIJ8XnPM4bBVTcRX3tjzYQ4wIk?authuser=0&hl=en&g_ep=EgoyMDI2MDkwMi4wIJJjKgBIAVAD&rclk=1,3.4,25,"Mirpur 12, Dhaka",23.8287408,90.3637495
Goonjon Bangla Cafe,Cafe,Mirpur 12,https://www.google.com/maps/place/Goonjon+Bangla+Cafe/data=!4m7!3m6!1s0x3755c1256471e6e3:0x2a7005c0d628e191!8m2!3d23.8205135!4d90.3654914!16s%2Fg%2F11_1qqxz4!19sChIJ4-ZxZCXBVTcRkeEo1sAFcCo?authuser=0&hl=en&g_ep=EgoyMDI2MDkwMi4wIJJjKgBIAVAD&rclk=1,3.8,111,"75, 12 Kalshi Rd, Mirpur 12, Dhaka",23.8205135,90.3654914
The Park Cafe,Cafe,Mirpur 12,https://www.google.com/maps/place/The+Park+Cafe/data=!4m7!3m6!1s0x3755c10008de731d:0x2bcc1e7e76bfa314!8m2!3d23.8369705!4d90.3662379!16s%2Fg%2F11xdmf9j4m!19sChIJHXPeCADBVTcRFKO_dn4ezCs?authuser=0&hl=en&g_ep=EgoyMDI2MDkwMi4wIJJjKgBIAVAD&rclk=1,4.4,5,"620 Rd Number 9, Mirpur 12, Dhaka",23.8369705,90.3662379
Tasty Treat Mirpur 12,Cafe,Mirpur 12,https://www.google.com/maps/place/Tasty+Treat+Mirpur+12/data=!4m7!3m6!1s0x3755c1c48d9482bd:0xe9b605c847186771!8m2!3d23.8278979!4d90.3643791!16s%2Fg%2F11sqqhbyb9!19sChIJvYKUjcTBVTcRcWcYR8gFtuk?authuser=0&hl=en&g_ep=EgoyMDI2MDkwMi4wIJJjKgBIAVAD&rclk=1,4,127,"Mirpur 12, Dhaka",23.8278979,90.3643791
Tasty Treat Cafe,Cafe,Mirpur 12,https://www.google.com/maps/place/Tasty+Treat+Cafe/data=!4m7!3m6!1s0x3755c10019d081b9:0xa3868aac1f5f2d84!8m2!3d23.8268412!4d90.3640037!16s%2Fg%2F11xtnq48k5!19sChIJuYHQGQDBVTcRhC1fH6yKhqM?authuser=0&hl=en&g_ep=EgoyMDI2MDkwMi4wIJJjKgBIAVAD&rclk=1,3.8,51,"13 Rd No 1, Mirpur 12, Dhaka",23.8268412,90.3640037
Japan Cafe,Cafe,Mirpur 12,https://www.google.com/maps/place/Japan+Cafe/data=!4m7!3m6!1s0x3755c1f953b9f7a9:0xf8f70ddedfd5a5c3!8m2!3d23.8229702!4d90.3689124!16s%2Fg%2F11x8hflnc6!19sChIJqfe5U_nBVTcRw6XV394N9_g?authuser=0&hl=en&g_ep=EgoyMDI2MDkwMi4wIJJjKgBIAVAD&rclk=1,4.4,16,"Block-B, 1216, House-151 Road No. 8, Mirpur 12, Dhaka",23.8229702,90.3689124
IZ Pâtisserie and Café - Gulshan 2 Branch,Cafe,Gulshan 2,https://www.google.com/maps/place/IZ+P%C3%A2tisserie+and+Caf%C3%A9+-+Gulshan+2+Branch/data=!4m7!3m6!1s0x3755c70017fb6595:0x268abd51dc1cfcf7!8m2!3d23.7938905!4d90.4122613!16s%2Fg%2F11y7q7xcxd!19sChIJlWX7FwDHVTcR9_wc3FG9iiY?authuser=0&hl=en&g_ep=EgoyMDI2MDkwMi4wIJJjKgBIAVAD&rclk=1,4.5,624,"House - 11/A, Apartment - 1/B, Road No. 48, Gulshan 2, Dhaka",23.7938905,90.4122613
IZ Pâtisserie and Café - Dhanmondi Branch,Cafe,Dhanmondi,https://www.google.com/maps/place/IZ+P%C3%A2tisserie+and+Caf%C3%A9+-+Dhanmondi+Branch/data=!4m7!3m6!1s0x3755bf0061188ab1:0xac5400f2a1d9ef7e!8m2!3d23.7511533!4d90.3676697!16s%2Fg%2F11z7kshj1t!19sChIJsYoYYQC_VTcRfu_ZofIAVKw?authuser=0&hl=en&g_ep=EgoyMDI2MDkwMi4wIJJjKgBIAVAD&rclk=1,4.7,247,"Concord Sohel Square, 75 Satmasjid Road, Dhanmondi, Dhaka",23.7511533,90.3676697
The Cozy Bean,Cafe,Dhanmondi,https://www.google.com/maps/place/The+Cozy+Bean/data=!4m7!3m6!1s0x3755bf1dc74293a9:0xf0e6ec1663fe9884!8m2!3d23.7557034!4d90.3743097!16s%2Fg%2F11x76mn1bj!19sChIJqZNCxx2_VTcRhJj-Yxbs5vA?authuser=0&hl=en&g_ep=EgoyMDI2MDkwMi4wIJJjKgBIAVAD&rclk=1,4.3,205,"27 Plot: 390/B, Rangs Avenue, Road 27, Dhanmondi, Dhaka",23.7557034,90.3743097
Cafelytics (ক্যাফেলাইটিক্স),Cafe,Dhanmondi,https://www.google.com/maps/place/Cafelytics+%28%E0%A6%95%E0%A7%8D%E0%A6%AF%E0%A6%BE%E0%A6%AB%E0%A7%87%E0%A6%B2%E0%A6%BE%E0%A6%87%E0%A6%9F%E0%A6%BF%E0%A6%95%E0%A7%8D%E0%A6%B8%29/data=!4m7!3m6!1s0x3755bf4ba954393f:0x53837d980d4e737b!8m2!3d23.7415609!4d90.374026!16s%2Fg%2F11kj0vlvhc!19sChIJPzlUqUu_VTcRe3NODZh9g1M?authuser=0&hl=en&g_ep=EgoyMDI2MDkwMi4wIJJjKgBIAVAD&rclk=1,4.5,481,"3rd Floor, House 74, Bikalpa Tower, 5/A Satmasjid Road, Dhanmondi, Dhaka",23.7415609,90.374026
The Local Coffee Dhanmondi,Cafe,Dhanmondi,https://www.google.com/maps/place/The+Local+Coffee+Dhanmondi/data=!4m7!3m6!1s0x3755b9005d26fe2d:0xc3e6f07c8d8b330e!8m2!3d23.7389325!4d90.3788271!16s%2Fg%2F11nqbfm7n6!19sChIJLf4mXQC5VTcRDjOLjXzw5sM?authuser=0&hl=en&g_ep=EgoyMDI2MDkwMi4wIJJjKgBIAVAD&rclk=1,4.7,26,"Rangs Fortune Square, Level 6, Dhanmondi, Dhaka",23.7389325,90.3788271
RUSH Café & Bistro,Cafe,Dhanmondi,https://www.google.com/maps/place/RUSH+Caf%C3%A9+%26+Bistro/data=!4m7!3m6!1s0x3755b9007ecad315:0xe45172fad1e8b6d9!8m2!3d23.7385855!4d90.3784339!16s%2Fg%2F11lywyzj0p!19sChIJFdPKfgC5VTcR2bbo0fpyUeQ?authuser=0&hl=en&g_ep=EgoyMDI2MDkwMi4wIJJjKgBIAVAD&rclk=1,4.3,146,"House-35(Level, RUSH Cafe & Bistro, Ahmed & Kazi Tower, 6 -2, Dhanmondi, Dhaka",23.7385855,90.3784339
Beans & Aroma Coffees | Dhanmondi Branch,Cafe,Dhanmondi,https://www.google.com/maps/place/Beans+%26+Aroma+Coffees+%7C+Dhanmondi+Branch/data=!4m7!3m6!1s0x3755bf7e4801abcd:0x8cfa61438e056fe3!8m2!3d23.7473131!4d90.3703802!16s%2Fg%2F11t324m6rs!19sChIJzasBSH6_VTcR428FjkNh-ow?authuser=0&hl=en&g_ep=EgoyMDI2MDkwMi4wIJJjKgBIAVAD&rclk=1,4.4,422,"P9WC+W48, Satmasjid Road, Dhanmondi, Dhaka",23.7473131,90.3703802
Coffee Avenue,Cafe,Dhanmondi,https://www.google.com/maps/place/Coffee+Avenue/data=!4m7!3m6!1s0x3755bf98fb5e73d1:0x57bb7446b1384f4e!8m2!3d23.7512762!4d90.3676595!16s%2Fg%2F11kbfy1mpd!19sChIJ0XNe-5i_VTcRTk84sUZ0u1c?authuser=0&hl=en&g_ep=EgoyMDI2MDkwMi4wIJJjKgBIAVAD&rclk=1,4.2,533,"2rd floor Old, Concord Mumtaz Karim Heritage, 776 Satmasjid Road, Dhanmondi, Dhaka",23.7512762,90.3676595
Brew Buddies,Cafe,Dhanmondi,https://www.google.com/maps/place/Brew+Buddies/data=!4m7!3m6!1s0x3755bf0935ee859f:0xab267691e458590d!8m2!3d23.7511533!4d90.3676697!16s%2Fg%2F11xdsbp24l!19sChIJn4XuNQm_VTcRDVlY5JF2Jqs?authuser=0&hl=en&g_ep=EgoyMDI2MDkwMi4wIJJjKgBIAVAD&rclk=1,4.2,304,"Concord Sohel Square, 75 Satmasjid Road, Dhanmondi, Dhaka",23.7511533,90.3676697
NORTH END coffee roasters Dhanmondi,Cafe,Dhanmondi,https://www.google.com/maps/place/NORTH+END+coffee+roasters+Dhanmondi/data=!4m7!3m6!1s0x3755b9f0be5990bb:0x124c087cb8c03cb4!8m2!3d23.7383992!4d90.3781958!16s%2Fg%2F11f30bj5mv!19sChIJu5BZvvC5VTcRtDzAuHwITBI?authuser=0&hl=en&g_ep=EgoyMDI2MDkwMi4wIJJjKgBIAVAD&rclk=1,4.6,7.0K,"House 57, Old Ahmed & Kazi Tower, Lift 3rd, 35 সড়ক-২, Dhanmondi, Dhaka",23.7383992,90.3781958
Royal Cafe Experience,Cafe,Dhanmondi,https://www.google.com/maps/place/Royal+Cafe+Experience/data=!4m7!3m6!1s0x3755bff4940ed357:0x36ccba1a73a3bd3f!8m2!3d23.7475403!4d90.3699268!16s%2Fg%2F11kppxptd_!19sChIJV9MOlPS_VTcRP72jcxq6zDY?authuser=0&hl=en&g_ep=EgoyMDI2MDkwMi4wIJJjKgBIAVAD&rclk=1,4.4,116,"Ground Floor, Green Rowshanara Tower, 755 Satmasjid Road, Dhanmondi, Dhaka",23.7475403,90.3699268
House Cafe by Space,Cafe,Dhanmondi,https://www.google.com/maps/place/House+Cafe+by+Space/data=!4m7!3m6!1s0x3755bf00774fd3a5:0xe5493034cbadeeb0!8m2!3d23.7501221!4d90.3683945!16s%2Fg%2F11xn4xhlbv!19sChIJpdNPdwC_VTcRsO6tyzQwSeU?authuser=0&hl=en&g_ep=EgoyMDI2MDkwMi4wIJJjKgBIAVAD&rclk=1,4,59,"69 Satmasjid Road, Dhanmondi, Dhaka",23.7501221,90.3683945
Nerdy Bean Coffee House,Cafe,Dhanmondi,https://www.google.com/maps/place/Nerdy+Bean+Coffee+House/data=!4m7!3m6!1s0x3755b8ca732a3257:0xaa95af4fdb1b50a7!8m2!3d23.7498506!4d90.3690667!16s%2Fg%2F11f_j98h_t!19sChIJVzIqc8q4VTcRp1Ab20-vlao?authuser=0&hl=en&g_ep=EgoyMDI2MDkwMi4wIJJjKgBIAVAD&rclk=1,4.3,2.1K,"Navana Meher Skylark, House 39/B, Road No. 14/a, Satmasjid Road, Dhanmondi, Dhaka",23.7498506,90.3690667
Prezzie,Cafe,Dhanmondi,https://www.google.com/maps/place/Prezzie/data=!4m7!3m6!1s0x3755bf2b3e3519f1:0x597f254c3b8fe06e!8m2!3d23.752979!4d90.3693431!16s%2Fg%2F11fq_fkwg1!19sChIJ8Rk1Piu_VTcRbuCPO0wlf1k?authuser=0&hl=en&g_ep=EgoyMDI2MDkwMi4wIJJjKgBIAVAD&rclk=1,4.2,762,"House- 46, Rangs Nasim Square, Road-27 (old, Dhanmondi, Dhaka",23.752979,90.3693431
Griddle Cafe & Lounge,Cafe,Dhanmondi,https://www.google.com/maps/place/Griddle+Cafe+%26+Lounge/data=!4m7!3m6!1s0x3755c53a943ab1a9:0x683f78ec14de7814!8m2!3d23.754477!4d90.3729748!16s%2Fg%2F11sq3ft3d7!19sChIJqbE6lDrFVTcRFHjeFOx4P2g?authuser=0&hl=en&g_ep=EgoyMDI2MDkwMi4wIJJjKgBIAVAD&rclk=1,3.6,947,"House# 19A, Road 16, Dhanmondi, Dhaka",23.754477,90.3729748
"BROWN Coffee Roasters, Dhanmondi Branch",Cafe,Dhanmondi,"https://www.google.com/maps/place/BROWN+Coffee+Roasters,+Dhanmondi+Branch/data=!4m7!3m6!1s0x3755b90022c4371f:0xc3f59b037f2f2325!8m2!3d23.7405389!4d90.3752263!16s%2Fg%2F11yhy8jmwn!19sChIJHzfEIgC5VTcRJSMvfwOb9cM?authuser=0&hl=en&g_ep=EgoyMDI2MDkwMi4wIJJjKgBIAVAD&rclk=1",4.3,102,"Level 9, Suvastu Rialto Tower, Dhanmondi, Dhaka",23.7405389,90.3752263
Tabaq Coffee | Dhanmondi,Cafe,Dhanmondi,https://www.google.com/maps/place/Tabaq+Coffee+%7C+Dhanmondi/data=!4m7!3m6!1s0x3755c772f5490f2d:0x2524d0a52812e8c3!8m2!3d23.7383517!4d90.3779752!16s%2Fg%2F11q9mljf9c!19sChIJLQ9J9XLHVTcRw-gSKKXQJCU?authuser=0&hl=en&g_ep=EgoyMDI2MDkwMi4wIJJjKgBIAVAD&rclk=1,4.6,1.6K,"A2, Level 2, House, 37 সড়ক-২, Dhanmondi, Dhaka",23.7383517,90.3779752
Wellness Café Outdoor,Cafe,Dhanmondi,https://www.google.com/maps/place/Wellness+Caf%C3%A9+Outdoor/data=!4m7!3m6!1s0x3755b9308292defb:0x8a4e0988586e8b4e!8m2!3d23.7422672!4d90.3828583!16s%2Fg%2F11tnmx73pn!19sChIJ-96SgjC5VTcRTotuWIgJToo?authuser=0&hl=en&g_ep=EgoyMDI2MDkwMi4wIJJjKgBIAVAD&rclk=1,4.3,56,"House- 06 Road No 4, Dhanmondi, Dhaka",23.7422672,90.3828583
Second Cup Bangladesh,Cafe,Dhanmondi,https://www.google.com/maps/place/Second+Cup+Bangladesh/data=!4m7!3m6!1s0x3755bf51616b460d:0xd327564fa878d58d!8m2!3d23.7474031!4d90.3700637!16s%2Fg%2F11f5tbfhgj!19sChIJDUZrYVG_VTcRjdV4qE9WJ9M?authuser=0&hl=en&g_ep=EgoyMDI2MDkwMi4wIJJjKgBIAVAD&rclk=1,4.2,1.8K,"754/B, Satmasjid Road, Dhanmondi, Dhaka",23.7474031,90.3700637
Arabika Coffee Jigatola,Cafe,Dhanmondi,https://www.google.com/maps/place/Arabika+Coffee+Jigatola/data=!4m7!3m6!1s0x3755b90058c46679:0x6e538f1323921831!8m2!3d23.7394997!4d90.3756461!16s%2Fg%2F11y81vl51g!19sChIJeWbEWAC5VTcRMRiSIxOPU24?authuser=0&hl=en&g_ep=EgoyMDI2MDkwMi4wIJJjKgBIAVAD&rclk=1,4.4,150,"ANZ SQUARE, ROAD 3/A, Satmasjid Road, Dhanmondi, Dhaka",23.7394997,90.3756461
Gotcha - Art Of Tea Dhanmondi,Cafe,Dhanmondi,https://www.google.com/maps/place/Gotcha+-+Art+Of+Tea+Dhanmondi/data=!4m7!3m6!1s0x3755b92bbc819043:0x7390b626ac635dff!8m2!3d23.7455623!4d90.3792964!16s%2Fg%2F11pf86fwxp!19sChIJQ5CBvCu5VTcR_11jrCa2kHM?authuser=0&hl=en&g_ep=EgoyMDI2MDkwMi4wIJJjKgBIAVAD&rclk=1,4.1,529,"39/A Rd No. 8, Dhanmondi, Dhaka",23.7455623,90.3792964
D SMAAK Cafe,Cafe,Dhanmondi,https://www.google.com/maps/place/D+SMAAK+Cafe/data=!4m7!3m6!1s0x3755bf4b868e9b1d:0xa59f0742c8c1efe3!8m2!3d23.7446619!4d90.3720769!16s%2Fg%2F11bw8jvy50!19sChIJHZuOhku_VTcR4-_ByEIHn6U?authuser=0&hl=en&g_ep=EgoyMDI2MDkwMi4wIJJjKgBIAVAD&rclk=1,3.8,376,"10th Floor, Rangs KB Square, 49/A, (736, Satmasjid Road, Dhanmondi, Dhaka",23.7446619,90.3720769
Rustic Eatery,Cafe,Dhanmondi,https://www.google.com/maps/place/Rustic+Eatery/data=!4m7!3m6!1s0x3755bf33e056cd0b:0x633591eb933dec0b!8m2!3d23.7461589!4d90.3736337!16s%2Fg%2F11j8zxk7zj!19sChIJC81W4DO_VTcRC-w9k-uRNWM?authuser=0&hl=en&g_ep=EgoyMDI2MDkwMi4wIJJjKgBIAVAD&rclk=1,4.1,1.7K,"House no, 36 Road No. 9A, Dhanmondi, Dhaka",23.7461589,90.3736337
Cafe Darbar,Cafe,Dhanmondi,https://www.google.com/maps/place/Cafe+Darbar/data=!4m7!3m6!1s0x3755bfc5111384e1:0xa4e28c2695279964!8m2!3d23.7415864!4d90.3740939!16s%2Fg%2F11rxnmdkhm!19sChIJ4YQTEcW_VTcRZJknlSaM4qQ?authuser=0&hl=en&g_ep=EgoyMDI2MDkwMi4wIJJjKgBIAVAD&rclk=1,4.1,1.2K,"Bikalpa Tower, 74,Satmosjid Road, Rd No 5/A, Dhanmondi, Dhaka",23.7415864,90.3740939
Coffee World Dhanmondi,Cafe,Dhanmondi,https://www.google.com/maps/place/Coffee+World+Dhanmondi/data=!4m7!3m6!1s0x3755bf5193e537f5:0xea3592cc306e1ea2!8m2!3d23.7532745!4d90.3696425!16s%2Fg%2F11cfgmpw_!19sChIJ9Tflk1G_VTcRoh5uMMySNeo?authuser=0&hl=en&g_ep=EgoyMDI2MDkwMi4wIJJjKgBIAVAD&rclk=1,4,1.3K,"House-44, Road-27(old), Gemcon Building, 1st Floor · Trendy contemporary coffee shop chain, Dhanmondi, Dhaka",23.7532745,90.3696425
Le Fleur Cafe (Dhanmondi),Cafe,Dhanmondi,https://www.google.com/maps/place/Le+Fleur+Cafe+%28Dhanmondi%29/data=!4m7!3m6!1s0x3755bf2e0e86338d:0x3a9e0476e6afed89!8m2!3d23.7576182!4d90.3743286!16s%2Fg%2F11xsf4kp12!19sChIJjTOGDi6_VTcRie2v5nYEnjo?authuser=0&hl=en&g_ep=EgoyMDI2MDkwMi4wIJJjKgBIAVAD&rclk=1,4.2,32,"2/2, Lalmatia (beside 27 Sunrise Plaza), Mirpur Road., Dhanmondi, Dhaka",23.7576182,90.3743286
Java House,Cafe,Dhanmondi,https://www.google.com/maps/place/Java+House/data=!4m7!3m6!1s0x3755b900563ebe97:0xc06037b66925ae71!8m2!3d23.7383416!4d90.3779492!16s%2Fg%2F11lyry3z92!19sChIJl74-VgC5VTcRca4labY3YMA?authuser=0&hl=en&g_ep=EgoyMDI2MDkwMi4wIJJjKgBIAVAD&rclk=1,4.2,144,"House#37 4th Floor, Khan ABC Tradeplex, Road#02, Dhanmondi, Dhaka",23.7383416,90.3779492
Brewed Harmony Intercontinental,Cafe,Dhanmondi,https://www.google.com/maps/place/Brewed+Harmony+Intercontinental/data=!4m7!3m6!1s0x3755b9000664c58f:0x54b44f08d14b2921!8m2!3d23.7388427!4d90.3787366!16s%2Fg%2F11n4999l8s!19sChIJj8VkBgC5VTcRISlL0QhPtFQ?authuser=0&hl=en&g_ep=EgoyMDI2MDkwMi4wIJJjKgBIAVAD&rclk=1,4.8,100,"Plot: 32, Rangs Fortune, 5th Floor, Square Rd 02, Dhanmondi, Dhaka",23.7388427,90.3787366
Pasto,Cafe,Dhanmondi,https://www.google.com/maps/place/Pasto/data=!4m7!3m6!1s0x3755b94ed3948deb:0x39d264e54944081!8m2!3d23.7546836!4d90.3764767!16s%2Fg%2F11w43g7ql1!19sChIJ642U0065VTcRgUCUVE4mnQM?authuser=0&hl=en&g_ep=EgoyMDI2MDkwMi4wIJJjKgBIAVAD&rclk=1,4.3,26,"1, Sobhanbag Mirpur Rd, Dhanmondi, Dhaka",23.7546836,90.3764767
2BROS CAFE,Cafe,Gulshan 1,https://www.google.com/maps/place/2BROS+CAFE/data=!4m7!3m6!1s0x3755c78a1ec74ee9:0x755b3fb504d3bc5!8m2!3d23.7801743!4d90.417068!16s%2Fg%2F11yx9jnz_7!19sChIJ6U7HHorHVTcRxTtNUPuzVQc?authuser=0&hl=en&g_ep=EgoyMDI2MDkwMi4wIJJjKgBIAVAD&rclk=1,4.6,65,"Gulshan 1, Dhaka",23.7801743,90.417068
The Local Coffee Gulshan,Cafe,Gulshan 1,https://www.google.com/maps/place/The+Local+Coffee+Gulshan/data=!4m7!3m6!1s0x3755c7001e9b9afb:0xf48655fb33adf618!8m2!3d23.7816171!4d90.4169651!16s%2Fg%2F11x91l5t52!19sChIJ-5qbHgDHVTcRGPatM_tVhvQ?authuser=0&hl=en&g_ep=EgoyMDI2MDkwMi4wIJJjKgBIAVAD&rclk=1,4.4,188,"Gulshan 1, Dhaka",23.7816171,90.4169651
Crimson Cup Coffee,Cafe,Gulshan 1,https://www.google.com/maps/place/Crimson+Cup+Coffee/data=!4m7!3m6!1s0x3755c76b4439d7bd:0x617a0b38c230819e!8m2!3d23.7833889!4d90.4162392!16s%2Fg%2F11k04b66f8!19sChIJvdc5RGvHVTcRnoEwwjgLemE?authuser=0&hl=en&g_ep=EgoyMDI2MDkwMi4wIJJjKgBIAVAD&rclk=1,4.3,1.2K,"House 2 Rd 24, Gulshan 1, Dhaka",23.7833889,90.4162392
Happiness Cafe,Cafe,Gulshan 1,https://www.google.com/maps/place/Happiness+Cafe/data=!4m7!3m6!1s0x3755c7cd7234abb5:0xbfd4f6d4cdba3d54!8m2!3d23.7853706!4d90.4173564!16s%2Fg%2F11khrhv4c8!19sChIJtas0cs3HVTcRVD26zdT21L8?authuser=0&hl=en&g_ep=EgoyMDI2MDkwMi4wIJJjKgBIAVAD&rclk=1,4.3,561,"Gulshan 1, Dhaka",23.7853706,90.4173564
C House Café,Cafe,Gulshan 1,https://www.google.com/maps/place/C+House+Caf%C3%A9/data=!4m7!3m6!1s0x3755c7e71ee64255:0x77016b3fa6193aaa!8m2!3d23.7814281!4d90.4157751!16s%2Fg%2F11rl17xdxv!19sChIJVULmHufHVTcRqjoZpj9rAXc?authuser=0&hl=en&g_ep=EgoyMDI2MDkwMi4wIJJjKgBIAVAD&rclk=1,4.3,140,"House 4 Rd 21, Gulshan 1, Dhaka",23.7814281,90.4157751
Tabaq Coffee | Gulshan Avenue,Cafe,Gulshan 1,https://www.google.com/maps/place/Tabaq+Coffee+%7C+Gulshan+Avenue/data=!4m7!3m6!1s0x3755c7a1fa87db6b:0x5a70934232a1c28b!8m2!3d23.7769481!4d90.4167733!16s%2Fg%2F11dztqhj0k!19sChIJa9uH-qHHVTcRi8KhMkKTcFo?authuser=0&hl=en&g_ep=EgoyMDI2MDkwMi4wIJJjKgBIAVAD&rclk=1,4.5,4.7K,"House 22, 1st Floor, Crystal Palace, Road No 140, Gulshan Ave, Gulshan 1, Dhaka",23.7769481,90.4167733
Coffee Buzz,Cafe,Gulshan 1,https://www.google.com/maps/place/Coffee+Buzz/data=!4m7!3m6!1s0x3755c7005ff70acd:0x7cb5d02a5f4ac906!8m2!3d23.7814337!4d90.4170889!16s%2Fg%2F11vs_3m3kp!19sChIJzQr3XwDHVTcRBslKXyrQtXw?authuser=0&hl=en&g_ep=EgoyMDI2MDkwMi4wIJJjKgBIAVAD&rclk=1,4.3,48,"Gulshan 1, Dhaka",23.7814337,90.4170889
The Chocolate Room Flagship Store Gulshan 1,Cafe,Gulshan 1,https://www.google.com/maps/place/The+Chocolate+Room+Flagship+Store+Gulshan+1/data=!4m7!3m6!1s0x3755c7b861e33723:0x84dbbe37fed3200a!8m2!3d23.7783098!4d90.4167939!16s%2Fg%2F11h_fq34nm!19sChIJIzfjYbjHVTcRCiDT_je-24Q?authuser=0&hl=en&g_ep=EgoyMDI2MDkwMi4wIJJjKgBIAVAD&rclk=1,4.1,2.0K,"Ground Floor, Star Center Plot-2A Block SE (C) Road, 138 Gulshan Ave, Gulshan 1, Dhaka",23.7783098,90.4167939
Kiva Han,Cafe,Gulshan 1,https://www.google.com/maps/place/Kiva+Han/data=!4m7!3m6!1s0x3755c79e94b3433f:0x45e22f26aa7df58c!8m2!3d23.7819552!4d90.4158162!16s%2Fg%2F11ckyc4kgn!19sChIJP0OzlJ7HVTcRjPV9qiYv4kU?authuser=0&hl=en&g_ep=EgoyMDI2MDkwMi4wIJJjKgBIAVAD&rclk=1,4.2,2.5K,"1st floor House, 1/A Rd 23, Gulshan 1, Dhaka",23.7819552,90.4158162
Cafe Colombia,Cafe,Gulshan 1,https://www.google.com/maps/place/Cafe+Colombia/data=!4m7!3m6!1s0x3755c704921c5ec7:0xe7eeec28bc3d92db!8m2!3d23.7801595!4d90.4171468!16s%2Fg%2F11vf22mcyc!19sChIJx14ckgTHVTcR25I9vCjs7uc?authuser=0&hl=en&g_ep=EgoyMDI2MDkwMi4wIJJjKgBIAVAD&rclk=1,4.4,485,"Gulshan 1, Dhaka",23.7801595,90.4171468
NORTH END coffee roasters Cityscape,Cafe,Gulshan 1,https://www.google.com/maps/place/NORTH+END+coffee+roasters+Cityscape/data=!4m7!3m6!1s0x3755c798ad58dd3b:0xe98057a05da51b53!8m2!3d23.7853706!4d90.4173564!16s%2Fg%2F11b6nq_fj0!19sChIJO91YrZjHVTcRUxulXaBXgOk?authuser=0&hl=en&g_ep=EgoyMDI2MDkwMi4wIJJjKgBIAVAD&rclk=1,4.6,4.6K,"Gulshan 1, Dhaka",23.7853706,90.4173564
Biancaffé Gulshan,Cafe,Gulshan 1,https://www.google.com/maps/place/Biancaff%C3%A9+Gulshan/data=!4m7!3m6!1s0x3755c7e83e525e1f:0x7e20ff8fb24bcf64!8m2!3d23.7881779!4d90.4144206!16s%2Fg%2F11lyshlbh8!19sChIJH15SPujHVTcRZM9Lso__IH4?authuser=0&hl=en&g_ep=EgoyMDI2MDkwMi4wIJJjKgBIAVAD&rclk=1,4.4,154,"1st Floor, House #37 Rd 35, Gulshan 1, Dhaka",23.7881779,90.4144206
Cafe Dolce Gulshan Avenue,Cafe,Gulshan 2,https://www.google.com/maps/place/Cafe+Dolce+Gulshan+Avenue/data=!4m7!3m6!1s0x3755c7761d44c541:0xd224776edb55bdca!8m2!3d23.7901443!4d90.416315!16s%2Fg%2F11w890gdp1!19sChIJQcVEHXbHVTcRyr1V2253JNI?authuser=0&hl=en&g_ep=EgoyMDI2MDkwMi4wIJJjKgBIAVAD&rclk=1,3.4,191,"Elegant Square, Level 04, House 3/B, Road 111, Gulshan Avenue (Opposite Azad Mosque) 1212, Bangladesh, Gulshan 2, Dhaka",23.7901443,90.416315
Gloria Jean's Coffees,Cafe,Gulshan 2,https://www.google.com/maps/place/Gloria+Jean%27s+Coffees/data=!4m7!3m6!1s0x3755c7a9f9d902b7:0xc8ed145e58f231e5!8m2!3d23.8041824!4d90.4130082!16s%2Fg%2F11bxdslvvn!19sChIJtwLZ-anHVTcR5THyWF4U7cg?authuser=0&hl=en&g_ep=EgoyMDI2MDkwMi4wIJJjKgBIAVAD&rclk=1,4.4,7.7K,"Block- B, House no: 88, 2B Rd No 71 · Chain coffeehouse with flavored roasts, Gulshan 2, Dhaka",23.8041824,90.4130082
NORTH END coffee roasters LK Tower 2,Cafe,Gulshan 1,https://www.google.com/maps/place/NORTH+END+coffee+roasters+LK+Tower+2/data=!4m7!3m6!1s0x3755c79ec082b4d1:0x7b1b6dc6f1e11d32!8m2!3d23.7819763!4d90.4163204!16s%2Fg%2F11bz00wn6w!19sChIJ0bSCwJ7HVTcRMh3h8cZtG3s?authuser=0&hl=en&g_ep=EgoyMDI2MDkwMi4wIJJjKgBIAVAD&rclk=1,4.5,5.1K,"Plot 59/61 Rd 23, Gulshan 1, Dhaka",23.7819763,90.4163204
Smith's Caffè Regalo,Cafe,Gulshan 1,https://www.google.com/maps/place/Smith%27s+Caff%C3%A8+Regalo/data=!4m7!3m6!1s0x3755c72be6f963b3:0x6161426ade4aec23!8m2!3d23.7820138!4d90.4160599!16s%2Fg%2F11jqgs6fj5!19sChIJs2P55ivHVTcRI-xK3mpCYWE?authuser=0&hl=en&g_ep=EgoyMDI2MDkwMi4wIJJjKgBIAVAD&rclk=1,4.3,532,"House # 1 Rd 23, Gulshan 1, Dhaka",23.7820138,90.4160599
Oro Roasters Banani,Cafe,Banani,https://www.google.com/maps/place/Oro+Roasters+Banani/data=!4m7!3m6!1s0x3755c75bf6a624e9:0xc8492e4573af990!8m2!3d23.7904343!4d90.4081211!16s%2Fg%2F11njtx598_!19sChIJ6SSm9lvHVTcRkPk6V-SShAw?authuser=0&hl=en&g_ep=EgoyMDI2MDkwMi4wIJJjKgBIAVAD&rclk=1,4.4,76,"Block-E, Top Floor, House, 116 Road No. 11, Banani, Dhaka",23.7904343,90.4081211
Iceland Coffee Gulshan Branch,Cafe,Gulshan 1,https://www.google.com/maps/place/Iceland+Coffee+Gulshan+Branch/data=!4m7!3m6!1s0x3755c7004297495f:0x62526f5637b4569c!8m2!3d23.793685!4d90.4145368!16s%2Fg%2F11yct9c_lm!19sChIJX0mXQgDHVTcRnFa0N1ZvUmI?authuser=0&hl=en&g_ep=EgoyMDI2MDkwMi4wIJJjKgBIAVAD&rclk=1,4.1,210,"14th floor Plot 32/A, Navana Trillium, Rd 45, Gulshan 1, Dhaka",23.793685,90.4145368
Cafe Mango,Cafe,Gulshan 1,https://www.google.com/maps/place/Cafe+Mango/data=!4m7!3m6!1s0x3755bf51f6a28be7:0xb122cd343571d5bb!8m2!3d23.7818886!4d90.4177249!16s%2Fg%2F11clt979w_!19sChIJ54ui9lG_VTcRu9VxNTTNIrE?authuser=0&hl=en&g_ep=EgoyMDI2MDkwMi4wIJJjKgBIAVAD&rclk=1,4.1,1.9K,"Rd 131, Gulshan 1, Dhaka",23.7818886,90.4177249
Emerald Bakery & Cafe,Cafe,Banani,https://www.google.com/maps/place/Emerald+Bakery+%26+Cafe/data=!4m7!3m6!1s0x3755c79674494157:0x7a08dc68621c47f4!8m2!3d23.7902388!4d90.4093889!16s%2Fg%2F11t57f58l6!19sChIJV0FJdJbHVTcR9EccYmjcCHo?authuser=0&hl=en&g_ep=EgoyMDI2MDkwMi4wIJJjKgBIAVAD&rclk=1,4.4,836,"House 80, Road No. 11, Banani, Dhaka",23.7902388,90.4093889
The Coffee Bean & Tea Leaf,Cafe,Gulshan 1,https://www.google.com/maps/place/The+Coffee+Bean+%26+Tea+Leaf/data=!4m7!3m6!1s0x3755c7ada73d1505:0xa7114397bbf65cba!8m2!3d23.7880709!4d90.4184319!16s%2Fg%2F11cjkq8m8v!19sChIJBRU9p63HVTcRulz2u5dDEac?authuser=0&hl=en&g_ep=EgoyMDI2MDkwMi4wIJJjKgBIAVAD&rclk=1,4.3,4.3K,"House No 11, A Rd 117 · Chain coffee bar known for frozen drinks, Gulshan 1, Dhaka",23.7880709,90.4184319
Rose,Cafe,Gulshan 1,https://www.google.com/maps/place/Rose/data=!4m7!3m6!1s0x3755c75f04c6c809:0x4044d3cb5de7116d!8m2!3d23.7815942!4d90.4175002!16s%2Fg%2F11p4wj3p0h!19sChIJCcjGBF_HVTcRbRHnXcvTREA?authuser=0&hl=en&g_ep=EgoyMDI2MDkwMi4wIJJjKgBIAVAD&rclk=1,4.4,265,"House 58/B, Rd 131, Gulshan 1, Dhaka",23.7815942,90.4175002
The Coffee Lounge Bangladesh,Cafe,Gulshan 2,https://www.google.com/maps/place/The+Coffee+Lounge+Bangladesh/data=!4m7!3m6!1s0x3755c79eb5854c9b:0x3ce8199f67a43445!8m2!3d23.8001977!4d90.4118299!16s%2Fg%2F11vc34xzgj!19sChIJm0yFtZ7HVTcRRTSkZ58Z6Dw?authuser=0&hl=en&g_ep=EgoyMDI2MDkwMi4wIJJjKgBIAVAD&rclk=1,4.5,237,"House 175A, Rd 61, Gulshan 2, Dhaka",23.8001977,90.4118299
The White Canary Café - Gulshan 2,Cafe,Gulshan 2,https://www.google.com/maps/place/The+White+Canary+Caf%C3%A9+-+Gulshan+2/data=!4m7!3m6!1s0x3755c7a678d03da1:0x1a6085cbfce27e77!8m2!3d23.7994169!4d90.4155821!16s%2Fg%2F11c6_dn_5q!19sChIJoT3QeKbHVTcRd37i_MuFYBo?authuser=0&hl=en&g_ep=EgoyMDI2MDkwMi4wIJJjKgBIAVAD&rclk=1,4.2,2.1K,"House no:, 12A Rd 86, Gulshan 2, Dhaka",23.7994169,90.4155821
Sparrows,Cafe,Gulshan 2,https://www.google.com/maps/place/Sparrows/data=!4m7!3m6!1s0x3755c7ae3d08e3c5:0xc6dfe709c53f7e3e!8m2!3d23.8038407!4d90.4134179!16s%2Fg%2F11qp457cvn!19sChIJxeMIPa7HVTcRPn4_xQnn38Y?authuser=0&hl=en&g_ep=EgoyMDI2MDkwMi4wIJJjKgBIAVAD&rclk=1,4.1,700,"House 7, 2 Rd No 71, Gulshan 2, Dhaka",23.8038407,90.4134179
Antipodean Dhaka,Cafe,Gulshan 2,https://www.google.com/maps/place/Antipodean+Dhaka/data=!4m7!3m6!1s0x3755c7001b8378ef:0x8a81369a4c88a94d!8m2!3d23.7989028!4d90.4123741!16s%2Fg%2F11yq4k3jk0!19sChIJ73iDGwDHVTcRTamITJo2gYo?authuser=0&hl=en&g_ep=EgoyMDI2MDkwMi4wIJJjKgBIAVAD&rclk=1,4.3,122,"Gulshan 2, Dhaka",23.7989028,90.4123741
East Bengal Coffee Roasters Gulshan,Cafe,Gulshan 2,https://www.google.com/maps/place/East+Bengal+Coffee+Roasters+Gulshan/data=!4m7!3m6!1s0x3755c7cb0d7f56d1:0xadb08ac9ec9f604!8m2!3d23.8046961!4d90.4126823!16s%2Fg%2F11zkml0_58!19sChIJ0VZ_DcvHVTcRBPbJnqwI2wo?authuser=0&hl=en&g_ep=EgoyMDI2MDkwMi4wIJJjKgBIAVAD&rclk=1,4.5,52,"Ground floor, EK House, 4D Rd No 73, Gulshan 2, Dhaka",23.8046961,90.4126823
Grounds Coffee Factory,Cafe,Gulshan 2,https://www.google.com/maps/place/Grounds+Coffee+Factory/data=!4m7!3m6!1s0x3755c758711e60c7:0x5338dccfa9b749c!8m2!3d23.7985681!4d90.4129659!16s%2Fg%2F11xd9bgcxq!19sChIJx2AecVjHVTcRnHSb-syNMwU?authuser=0&hl=en&g_ep=EgoyMDI2MDkwMi4wIJJjKgBIAVAD&rclk=1,4.3,119,"Gulshan 2, Dhaka",23.7985681,90.4129659
NORTH END coffee roasters Shahabuddin Ahmed Park,Cafe,Gulshan 2,https://www.google.com/maps/place/NORTH+END+coffee+roasters+Shahabuddin+Ahmed+Park/data=!4m7!3m6!1s0x3755c74d180a0f37:0x493234e8cb382404!8m2!3d23.7987354!4d90.4154697!16s%2Fg%2F11shm93q5x!19sChIJNw8KGE3HVTcRBCQ4y-g0Mkk?authuser=0&hl=en&g_ep=EgoyMDI2MDkwMi4wIJJjKgBIAVAD&rclk=1,4.5,1.3K,"Gulshan 2, Dhaka",23.7987354,90.4154697
Cafe Sao Paulo - Gulshan 2,Cafe,Gulshan 2,https://www.google.com/maps/place/Cafe+Sao+Paulo+-+Gulshan+2/data=!4m7!3m6!1s0x3755c776cf3c3c79:0xab68ee27065deeff!8m2!3d23.8004183!4d90.4116448!16s%2Fg%2F11wq3mzypj!19sChIJeTw8z3bHVTcR_-5dBifuaKs?authuser=0&hl=en&g_ep=EgoyMDI2MDkwMi4wIJJjKgBIAVAD&rclk=1,4.4,401,"Gulshan 2, Dhaka",23.8004183,90.4116448
Tabaq Coffee | Gulshan 2,Cafe,Gulshan 2,https://www.google.com/maps/place/Tabaq+Coffee+%7C+Gulshan+2/data=!4m7!3m6!1s0x3755c78fc4304fc1:0x428ec97d5dc820d5!8m2!3d23.7959421!4d90.4150524!16s%2Fg%2F11rkm5n76j!19sChIJwU8wxI_HVTcR1SDIXX3JjkI?authuser=0&hl=en&g_ep=EgoyMDI2MDkwMi4wIJJjKgBIAVAD&rclk=1,4.6,147,"Gulshan 2, Dhaka",23.7959421,90.4150524
Arabika Coffee,Cafe,Gulshan 2,https://www.google.com/maps/place/Arabika+Coffee/data=!4m7!3m6!1s0x3755c7de2cbdb1b5:0x4e00faf5d39d5c8d!8m2!3d23.79815!4d90.4126092!16s%2Fg%2F11qwr1n0jg!19sChIJtbG9LN7HVTcRjVyd0_X6AE4?authuser=0&hl=en&g_ep=EgoyMDI2MDkwMi4wIJJjKgBIAVAD&rclk=1,4.3,1.4K,"Gulshan 2, Dhaka",23.79815,90.4126092
Crema Cafe,Cafe,Gulshan 2,https://www.google.com/maps/place/Crema+Cafe/data=!4m7!3m6!1s0x3755c7cb111832b5:0xb69f041d824cc4f7!8m2!3d23.793733!4d90.4199047!16s%2Fg%2F11xgd6nn6k!19sChIJtTIYEcvHVTcR98RMgh0En7Y?authuser=0&hl=en&g_ep=EgoyMDI2MDkwMi4wIJJjKgBIAVAD&rclk=1,4.8,20,"Gulshan 2, Dhaka",23.793733,90.4199047
The chocolate room,Cafe,Gulshan 2,https://www.google.com/maps/place/The+chocolate+room/data=!4m7!3m6!1s0x3755c74120d4c2c9:0xcdf22430f420451b!8m2!3d23.7981819!4d90.4126!16s%2Fg%2F11rkgwktn8!19sChIJycLUIEHHVTcRG0Ug9DAk8s0?authuser=0&hl=en&g_ep=EgoyMDI2MDkwMi4wIJJjKgBIAVAD&rclk=1,4,295,"Gulshan 2, Dhaka",23.7981819,90.4126
Cascade Cafe,Cafe,Gulshan 2,https://www.google.com/maps/place/Cascade+Cafe/data=!4m7!3m6!1s0x3755c7ba6ec2c6e7:0x6e241e947655951!8m2!3d23.790456!4d90.4127423!16s%2Fg%2F11v_5rsrgl!19sChIJ58bCbrrHVTcRUVllR-lB4gY?authuser=0&hl=en&g_ep=EgoyMDI2MDkwMi4wIJJjKgBIAVAD&rclk=1,5,17,"Lobby Level, House, 47 Road No. 41, Gulshan 2, Dhaka",23.790456,90.4127423
Comptoirs Richard,Cafe,Gulshan 2,https://www.google.com/maps/place/Comptoirs+Richard/data=!4m7!3m6!1s0x3755c7d0013e9691:0xdba8a19a757464db!8m2!3d23.7959294!4d90.4149317!16s%2Fg%2F11qyd3y2vq!19sChIJkZY-AdDHVTcR22R0dZqhqNs?authuser=0&hl=en&g_ep=EgoyMDI2MDkwMi4wIJJjKgBIAVAD&rclk=1,4.4,331,"House No 23, Gulshan Centre Point, Ground Floor, 26 Road No 91, Gulshan 2, Dhaka",23.7959294,90.4149317
Treehouse Cafe,Cafe,Gulshan 2,https://www.google.com/maps/place/Treehouse+Cafe/data=!4m7!3m6!1s0x3755c720d8d93ab7:0xe4a598d614dfa8e6!8m2!3d23.7930723!4d90.4181584!16s%2Fg%2F11wjp3yyl2!19sChIJtzrZ2CDHVTcR5qjfFNaYpeQ?authuser=0&hl=en&g_ep=EgoyMDI2MDkwMi4wIJJjKgBIAVAD&rclk=1,4.7,3,"House 8, Rd 101, Gulshan 2, Dhaka",23.7930723,90.4181584
Secret Recipe Gulshan2 Flagship,Cafe,Gulshan 2,https://www.google.com/maps/place/Secret+Recipe+Gulshan2+Flagship/data=!4m7!3m6!1s0x3755c7bba300b75d:0x2d0e242a934ec92b!8m2!3d23.798562!4d90.4123134!16s%2Fg%2F11n60gs7p_!19sChIJXbcAo7vHVTcRK8lOkyokDi0?authuser=0&hl=en&g_ep=EgoyMDI2MDkwMi4wIJJjKgBIAVAD&rclk=1,4.3,2.1K,"CFC Building, 12b Rd 55, Gulshan 2, Dhaka",23.798562,90.4123134
Wellness Café gulshan,Cafe,Gulshan 2,https://www.google.com/maps/place/Wellness+Caf%C3%A9+gulshan/data=!4m7!3m6!1s0x3755c7121741919d:0x2cb1d21f52d63bb6!8m2!3d23.7941855!4d90.4127283!16s%2Fg%2F11s7jvf23x!19sChIJnZFBFxLHVTcRtjvWUh_SsSw?authuser=0&hl=en&g_ep=EgoyMDI2MDkwMi4wIJJjKgBIAVAD&rclk=1,4.5,24,"Gulshan 2, Dhaka",23.7941855,90.4127283
HOUSE CAFE,Cafe,Gulshan 2,https://www.google.com/maps/place/HOUSE+CAFE/data=!4m7!3m6!1s0x3755c70044bf42bd:0x4aa66b628406e1d1!8m2!3d23.7992831!4d90.4099452!16s%2Fg%2F11lzwqdp1q!19sChIJvUK_RADHVTcR0eEGhGJrpko?authuser=0&hl=en&g_ep=EgoyMDI2MDkwMi4wIJJjKgBIAVAD&rclk=1,4.4,12,"Plot 14/B, 59 Rd 57, Gulshan 2, Dhaka",23.7992831,90.4099452
Brewers Den,Cafe,Gulshan 2,https://www.google.com/maps/place/Brewers+Den/data=!4m7!3m6!1s0x3755c7004c9f514f:0x3350cf05735d586!8m2!3d23.7938074!4d90.4047139!16s%2Fg%2F11vppbf0f4!19sChIJT1GfTADHVTcRhtU1V_AMNQM?authuser=0&hl=en&g_ep=EgoyMDI2MDkwMi4wIJJjKgBIAVAD&rclk=1,4.6,601,"Gulshan 2, Dhaka",23.7938074,90.4047139
NORTH END coffee roasters Concord Baksh Tower,Cafe,Banani,https://www.google.com/maps/place/NORTH+END+coffee+roasters+Concord+Baksh+Tower/data=!4m7!3m6!1s0x3755c7131da09587:0x904d6d19e4f30dd8!8m2!3d23.7939481!4d90.412056!16s%2Fg%2F11q8ry4ryt!19sChIJh5WgHRPHVTcR2A3z5BltTZA?authuser=0&hl=en&g_ep=EgoyMDI2MDkwMi4wIJJjKgBIAVAD&rclk=1,4.6,1.1K,"Plot-11/A, Road-48, Block, CWN (A Kemal Ataturk Ave, Banani, Dhaka",23.7939481,90.412056
Oromo Coffee Shop,Cafe,Gulshan 2,https://www.google.com/maps/place/Oromo+Coffee+Shop/data=!4m7!3m6!1s0x3755c71226b07c61:0x513af611ab678378!8m2!3d23.7950265!4d90.4134898!16s%2Fg%2F11fpnnqzzp!19sChIJYXywJhLHVTcReINnqxH2OlE?authuser=0&hl=en&g_ep=EgoyMDI2MDkwMi4wIJJjKgBIAVAD&rclk=1,4,73,"Gulshan 2, Dhaka",23.7950265,90.4134898
GNCL Coffee Lounge,Cafe,Gulshan 2,https://www.google.com/maps/place/GNCL+Coffee+Lounge/data=!4m7!3m6!1s0x3755c7001fb26a63:0xc5fb5344b2cc7e0e!8m2!3d23.8038696!4d90.4114865!16s%2Fg%2F11yfkzr1vk!19sChIJY2qyHwDHVTcRDn7MskRT-8U?authuser=0&hl=en&g_ep=EgoyMDI2MDkwMi4wIJJjKgBIAVAD&rclk=1,5,1,"House: 4/A Road: 71, Gulshan North Club Ltd, 4a Rd No 71, Gulshan 2, Dhaka",23.8038696,90.4114865
"BROWN Coffee Roasters, Banani Branch",Cafe,Banani,"https://www.google.com/maps/place/BROWN+Coffee+Roasters,+Banani+Branch/data=!4m7!3m6!1s0x3755c74991328723:0xb8ca46f5b1ec785!8m2!3d23.7928787!4d90.408437!16s%2Fg%2F11z7w2mw_p!19sChIJI4cykUnHVTcRhcceW2-kjAs?authuser=0&hl=en&g_ep=EgoyMDI2MDkwMi4wIJJjKgBIAVAD&rclk=1",4.8,42,"Momen Bari Hieghts Ground Floor, H: 157, R: 12, Block: E, Banani, Dhaka",23.7928787,90.408437
Fika,Cafe,Banani,https://www.google.com/maps/place/Fika/data=!4m7!3m6!1s0x3755c700171b994f:0x9e788478f4f5e6e6!8m2!3d23.7888484!4d90.4024621!16s%2Fg%2F11n44pflbz!19sChIJT5kbFwDHVTcR5ub19HiEeJ4?authuser=0&hl=en&g_ep=EgoyMDI2MDkwMi4wIJJjKgBIAVAD&rclk=1,4.4,68,"House 82 Road No. 5, Banani, Dhaka",23.7888484,90.4024621
Lapostrophe,Cafe,Banani,https://www.google.com/maps/place/Lapostrophe/data=!4m7!3m6!1s0x3755c7006eee695b:0x59a0f718e236201c!8m2!3d23.7904487!4d90.4062601!16s%2Fg%2F11x2cxks36!19sChIJW2nubgDHVTcRHCA24hj3oFk?authuser=0&hl=en&g_ep=EgoyMDI2MDkwMi4wIJJjKgBIAVAD&rclk=1,4.6,271,"Plot 2, M&S House by Innstar, Block H Road No. 11, Banani, Dhaka",23.7904487,90.4062601
Espresso Lounge,Cafe,Banani,https://www.google.com/maps/place/Espresso+Lounge/data=!4m7!3m6!1s0x3755c7002f1de9f5:0x4c05a8513a18e6d6!8m2!3d23.7946611!4d90.4085552!16s%2Fg%2F11y8ccs3tp!19sChIJ9ekdLwDHVTcR1uYYOlGoBUw?authuser=0&hl=en&g_ep=EgoyMDI2MDkwMi4wIJJjKgBIAVAD&rclk=1,4.1,374,"57 Road No.27, Banani, Dhaka",23.7946611,90.4085552
Coal & Coffee,Cafe,Banani,https://www.google.com/maps/place/Coal+%26+Coffee/data=!4m7!3m6!1s0x3755c790ee6d571b:0xb05ec9d31fd91b1b!8m2!3d23.7934925!4d90.4067037!16s%2Fg%2F11ssfklyrq!19sChIJG1dt7pDHVTcRGxvZH9PJXrA?authuser=0&hl=en&g_ep=EgoyMDI2MDkwMi4wIJJjKgBIAVAD&rclk=1,4.4,844,"Banani, Dhaka",23.7934925,90.4067037
Tagore Terrace,Cafe,Banani,https://www.google.com/maps/place/Tagore+Terrace/data=!4m7!3m6!1s0x3755c7558f49de2d:0xce828dc9ae726fcc!8m2!3d23.7918956!4d90.4080587!16s%2Fg%2F11fd7grx9z!19sChIJLd5Jj1XHVTcRzG9yrsmNgs4?authuser=0&hl=en&g_ep=EgoyMDI2MDkwMi4wIJJjKgBIAVAD&rclk=1,4.3,1.7K,"House 44 Rd 12, Banani, Dhaka",23.7918956,90.4080587
Cafe Americano,Cafe,Banani,https://www.google.com/maps/place/Cafe+Americano/data=!4m7!3m6!1s0x3755c70064b955c9:0x1ea1c174373abefc!8m2!3d23.7951111!4d90.4065753!16s%2Fg%2F11ys2z677b!19sChIJyVW5ZADHVTcR_L46N3TBoR4?authuser=0&hl=en&g_ep=EgoyMDI2MDkwMi4wIJJjKgBIAVAD&rclk=1,4.8,18,"38 Road No. 23, Banani, Dhaka",23.7951111,90.4065753
"Awake Coffee Roasters, Banani",Cafe,Banani,"https://www.google.com/maps/place/Awake+Coffee+Roasters,+Banani/data=!4m7!3m6!1s0x3755c7000107bc05:0x5a3f1ef880a78017!8m2!3d23.7902636!4d90.4081206!16s%2Fg%2F11vt5l0d18!19sChIJBbwHAQDHVTcRF4CngPgeP1o?authuser=0&hl=en&g_ep=EgoyMDI2MDkwMi4wIJJjKgBIAVAD&rclk=1",4.8,637,"Banani, Dhaka",23.7902636,90.4081206
Roll Xpress Cafe,Cafe,Banani,https://www.google.com/maps/place/Roll+Xpress+Cafe/data=!4m7!3m6!1s0x3755c70e363f8f2d:0x7c1f168c6f0a7bd1!8m2!3d23.7949689!4d90.4042351!16s%2Fg%2F1hc4ljmm2!19sChIJLY8_Ng7HVTcR0XsKb4wWH3w?authuser=0&hl=en&g_ep=EgoyMDI2MDkwMi4wIJJjKgBIAVAD&rclk=1,4.3,2.1K,"House 34, Block B Rd No # 21, Banani, Dhaka",23.7949689,90.4042351
Butternote - A Jazz Cafe,Cafe,Banani,https://www.google.com/maps/place/Butternote+-+A+Jazz+Cafe/data=!4m7!3m6!1s0x3755c7005deb5415:0xefd8273e1cd56585!8m2!3d23.792911!4d90.408494!16s%2Fg%2F11x8v1xby4!19sChIJFVTrXQDHVTcRhWXVHD4n2O8?authuser=0&hl=en&g_ep=EgoyMDI2MDkwMi4wIJJjKgBIAVAD&rclk=1,4.5,97,"House-157 (5th Fl, Bari Momen's Heights, Rd 12, Banani, Dhaka",23.792911,90.408494
Indulge,Cafe,Banani,https://www.google.com/maps/place/Indulge/data=!4m7!3m6!1s0x3755c7a2a0710739:0xd94d6f1db520b855!8m2!3d23.7934155!4d90.4030703!16s%2Fg%2F11rsrgkmnc!19sChIJOQdxoKLHVTcRVbggtR1vTdk?authuser=0&hl=en&g_ep=EgoyMDI2MDkwMi4wIJJjKgBIAVAD&rclk=1,4.3,70,"Plot-5 Road No. 17, Banani, Dhaka",23.7934155,90.4030703
Blend cafe & bakery,Cafe,Banani,https://www.google.com/maps/place/Blend+cafe+%26+bakery/data=!4m7!3m6!1s0x3755c74c6210dd57:0x3a182d611ea5a266!8m2!3d23.7897198!4d90.4091827!16s%2Fg%2F11n9tw1tgw!19sChIJV90QYkzHVTcRZqKlHmEtGDo?authuser=0&hl=en&g_ep=EgoyMDI2MDkwMi4wIJJjKgBIAVAD&rclk=1,4.6,14,"Fl 3, Plot 50 Road-7B, Banani, Dhaka",23.7897198,90.4091827
BREW & ESPRESSO,Cafe,Banani,https://www.google.com/maps/place/BREW+%26+ESPRESSO/data=!4m7!3m6!1s0x3755c7004ca0db1f:0x14a1c722e2a69e4f!8m2!3d23.7927545!4d90.4081811!16s%2Fg%2F11ybpk4r3s!19sChIJH9ugTADHVTcRT56m4iLHoRQ?authuser=0&hl=en&g_ep=EgoyMDI2MDkwMi4wIJJjKgBIAVAD&rclk=1,4.8,39,"House # 37 Rd 12, Banani, Dhaka",23.7927545,90.4081811
Sugar Rush Café,Cafe,Banani,https://www.google.com/maps/place/Sugar+Rush+Caf%C3%A9/data=!4m7!3m6!1s0x3755c77b316d0fb1:0xca49eca9e8a683bc!8m2!3d23.7920456!4d90.409231!16s%2Fg%2F11rv5dsznf!19sChIJsQ9tMXvHVTcRvIOm6KnsSco?authuser=0&hl=en&g_ep=EgoyMDI2MDkwMi4wIJJjKgBIAVAD&rclk=1,4,323,"House-90 Road No. 17/A, Banani, Dhaka",23.7920456,90.409231
NORTH END Coffee Roasters,Cafe,Banani,https://www.google.com/maps/place/NORTH+END+Coffee+Roasters/data=!4m7!3m6!1s0x3755c7ed0165cef7:0x6be1b97c7a9df434!8m2!3d23.7938498!4d90.4064674!16s%2Fg%2F11gxj6snxx!19sChIJ985lAe3HVTcRNPSdeny54Ws?authuser=0&hl=en&g_ep=EgoyMDI2MDkwMi4wIJJjKgBIAVAD&rclk=1,4.6,4.9K,"Banani, Dhaka",23.7938498,90.4064674
Belview Art Cafe,Cafe,Banani,https://www.google.com/maps/place/Belview+Art+Cafe/data=!4m7!3m6!1s0x3755c744900eae09:0x337e4d46cf2149ca!8m2!3d23.7906442!4d90.4067661!16s%2Fg%2F11sfh9t42d!19sChIJCa4OkETHVTcRykkhz0ZNfjM?authuser=0&hl=en&g_ep=EgoyMDI2MDkwMi4wIJJjKgBIAVAD&rclk=1,4,49,"154 Road No. 11, Banani, Dhaka",23.7906442,90.4067661
Sugarpuffs,Cafe,Banani,https://www.google.com/maps/place/Sugarpuffs/data=!4m7!3m6!1s0x3755c740f311836b:0xd48794fe8cfd5d5b!8m2!3d23.7913388!4d90.4078275!16s%2Fg%2F11gjnm5z4d!19sChIJa4MR80DHVTcRW139jP6Uh9Q?authuser=0&hl=en&g_ep=EgoyMDI2MDkwMi4wIJJjKgBIAVAD&rclk=1,4.2,263,"House 134 Rd 12, Banani, Dhaka",23.7913388,90.4078275
Chokka,Cafe,Banani,https://www.google.com/maps/place/Chokka/data=!4m7!3m6!1s0x3755c774a8125eb7:0xb2b2ff3ab81c3008!8m2!3d23.7915677!4d90.4028146!16s%2Fg%2F11kj_65thb!19sChIJt14SqHTHVTcRCDAcuDr_srI?authuser=0&hl=en&g_ep=EgoyMDI2MDkwMi4wIJJjKgBIAVAD&rclk=1,4,116,"Block C, House 93 Road No. 6, Banani, Dhaka",23.7915677,90.4028146
Barcode Cafe,Cafe,Banani,https://www.google.com/maps/place/Barcode+Cafe/data=!4m7!3m6!1s0x3755c79caf9caf09:0x49b9e24aec1d45ef!8m2!3d23.7945957!4d90.4059036!16s%2Fg%2F11cjj1b7m6!19sChIJCa-cr5zHVTcR70Ud7EriuUk?authuser=0&hl=en&g_ep=EgoyMDI2MDkwMi4wIJJjKgBIAVAD&rclk=1,4.3,4.6K,"House 55/B Rd No # 21, Banani, Dhaka",23.7945957,90.4059036
Tastebud,Cafe,Banani,https://www.google.com/maps/place/Tastebud/data=!4m7!3m6!1s0x3755c70b84ec9cc7:0x8c6a8f08cf68b73!8m2!3d23.7894686!4d90.4082184!16s%2Fg%2F12vr507lq!19sChIJx5zshAvHVTcRc4v2jPCoxgg?authuser=0&hl=en&g_ep=EgoyMDI2MDkwMi4wIJJjKgBIAVAD&rclk=1,4.2,1.6K,"Block H, 52 Road 12A, Banani, Dhaka",23.7894686,90.4082184
Arabika coffee Banani 11,Cafe,Banani,https://www.google.com/maps/place/Arabika+coffee+Banani+11/data=!4m7!3m6!1s0x3755c70077b03f63:0xa5c88533c1614493!8m2!3d23.7903265!4d90.4092633!16s%2Fg%2F11xn50z87f!19sChIJYz-wdwDHVTcRk0RhwTOFyKU?authuser=0&hl=en&g_ep=EgoyMDI2MDkwMi4wIJJjKgBIAVAD&rclk=1,4.5,49,"Plot 81 Road No. 11, Banani, Dhaka",23.7903265,90.4092633
"Orange & Half Cafe, Bulu Ocean Tower Banani",Cafe,Banani,"https://www.google.com/maps/place/Orange+%26+Half+Cafe,+Bulu+Ocean+Tower+Banani/data=!4m7!3m6!1s0x3755c7100dda71fd:0xa5c6e8c57a772c98!8m2!3d23.7936692!4d90.4053838!16s%2Fg%2F11tfm_ycy2!19sChIJ_XHaDRDHVTcRmCx3esXoxqU?authuser=0&hl=en&g_ep=EgoyMDI2MDkwMi4wIJJjKgBIAVAD&rclk=1",4.5,13,"Banani, Dhaka",23.7936692,90.4053838
Coffee World Banani,Cafe,Banani,https://www.google.com/maps/place/Coffee+World+Banani/data=!4m7!3m6!1s0x3755c7121440a0cb:0x765cebd9defd3bff!8m2!3d23.7906659!4d90.4041404!16s%2Fg%2F1tkjjk90!19sChIJy6BAFBLHVTcR_zv93tnrXHY?authuser=0&hl=en&g_ep=EgoyMDI2MDkwMi4wIJJjKgBIAVAD&rclk=1,4.1,782,"Ground Floor, House 32 Road No. 11 · Trendy contemporary coffee shop chain, Banani, Dhaka",23.7906659,90.4041404
Assurance Farm Cafe - Banani,Cafe,Banani,https://www.google.com/maps/place/Assurance+Farm+Cafe+-+Banani/data=!4m7!3m6!1s0x3755c758655e8607:0xa029014f6974487d!8m2!3d23.7943006!4d90.404388!16s%2Fg%2F11xs4lxf_5!19sChIJB4ZeZVjHVTcRfUh0aU8BKaA?authuser=0&hl=en&g_ep=EgoyMDI2MDkwMi4wIJJjKgBIAVAD&rclk=1,4.8,5,"Banani, Dhaka",23.7943006,90.404388
Coffee and Tales,Cafe,Banani,https://www.google.com/maps/place/Coffee+and+Tales/data=!4m7!3m6!1s0x3755c700602c2cc7:0xc2c1a69bfac61a63!8m2!3d23.7901599!4d90.4080726!16s%2Fg%2F11z9nkrtjn!19sChIJxywsYADHVTcRYxrG-pumwcI?authuser=0&hl=en&g_ep=EgoyMDI2MDkwMi4wIJJjKgBIAVAD&rclk=1,4.7,11,"Block H, Point 11, House 25 (Lift 4, Road No. 11, Banani, Dhaka",23.7901599,90.4080726
Cha & Chill Banani -17,Cafe,Banani,https://www.google.com/maps/place/Cha+%26+Chill+Banani+-17/data=!4m7!3m6!1s0x3755c7007ee9e1af:0x986bb255449f81f3!8m2!3d23.7930777!4d90.4040473!16s%2Fg%2F11ykpxdyh8!19sChIJr-HpfgDHVTcR84GfRFWya5g?authuser=0&hl=en&g_ep=EgoyMDI2MDkwMi4wIJJjKgBIAVAD&rclk=1,4.1,22,"Banani, Dhaka",23.7930777,90.4040473
Magix Bear Cafe & Restaurant,Cafe,Banani,https://www.google.com/maps/place/Magix+Bear+Cafe+%26+Restaurant/data=!4m7!3m6!1s0x3755c7e2363e713f:0x81b8b13d70cdc246!8m2!3d23.7931943!4d90.4030006!16s%2Fg%2F11tsyg7hb8!19sChIJP3E-NuLHVTcRRsLNcD2xuIE?authuser=0&hl=en&g_ep=EgoyMDI2MDkwMi4wIJJjKgBIAVAD&rclk=1,4.3,68,"Block C, 72 Road No. 6, Banani, Dhaka",23.7931943,90.4030006
Boomers Cafe,Cafe,Banani,https://www.google.com/maps/place/Boomers+Cafe/data=!4m7!3m6!1s0x3755c70e66eeb1a5:0x465ded5d37842779!8m2!3d23.79378!4d90.4043527!16s%2Fg%2F1ttp8nvr!19sChIJpbHuZg7HVTcReSeEN13tXUY?authuser=0&hl=en&g_ep=EgoyMDI2MDkwMi4wIJJjKgBIAVAD&rclk=1,4.1,2.2K,"Banani, Dhaka",23.79378,90.4043527
Coffee And,Cafe,Banani,https://www.google.com/maps/place/Coffee+And/data=!4m7!3m6!1s0x3755c70f3e822b61:0xaf877932b95929a0!8m2!3d23.7920964!4d90.4080505!16s%2Fg%2F11fnw_f607!19sChIJYSuCPg_HVTcRoClZuTJ5h68?authuser=0&hl=en&g_ep=EgoyMDI2MDkwMi4wIJJjKgBIAVAD&rclk=1,4.8,115,"House # 42, 1st Floor, Rd 12, Banani, Dhaka",23.7920964,90.4080505
The Fundamental Restaurant & Coffee Lounge,Cafe,Banani,https://www.google.com/maps/place/The+Fundamental+Restaurant+%26+Coffee+Lounge/data=!4m7!3m6!1s0x3755c7cb1ab5ed33:0x8ca601b1150bc828!8m2!3d23.7913875!4d90.4079519!16s%2Fg%2F11rkft64j3!19sChIJM-21GsvHVTcRKMgLFbEBpow?authuser=0&hl=en&g_ep=EgoyMDI2MDkwMi4wIJJjKgBIAVAD&rclk=1,4.1,33,"134 Rd 12, Banani, Dhaka",23.7913875,90.4079519
Next Cafe,Cafe,Banani,https://www.google.com/maps/place/Next+Cafe/data=!4m7!3m6!1s0x3755c700763c8b15:0xcd41967f350f324c!8m2!3d23.7926211!4d90.4095468!16s%2Fg%2F11yx7qyxnv!19sChIJFYs8dgDHVTcRTDIPNX-WQc0?authuser=0&hl=en&g_ep=EgoyMDI2MDkwMi4wIJJjKgBIAVAD&rclk=1,4.4,7,"Block #, House No 30 Rd No. 19/A, Banani, Dhaka",23.7926211,90.4095468
Le d'Or Banani,Cafe,Banani,https://www.google.com/maps/place/Le+d%27Or+Banani/data=!4m7!3m6!1s0x3755c700480cfcf3:0x961291e6fb7d5c8f!8m2!3d23.7904445!4d90.40621!16s%2Fg%2F11yd7__27l!19sChIJ8_wMSADHVTcRj1x9--aREpY?authuser=0&hl=en&g_ep=EgoyMDI2MDkwMi4wIJJjKgBIAVAD&rclk=1,4.4,180,"level 1 M&S house, plot 2 Rd No. 11, Banani, Dhaka",23.7904445,90.40621
Coffee Express (Banani),Cafe,Banani,https://www.google.com/maps/place/Coffee+Express+%28Banani%29/data=!4m7!3m6!1s0x3755c7dfd0175767:0x13ec1238a1827793!8m2!3d23.7932317!4d90.4062998!16s%2Fg%2F11s55806xr!19sChIJZ1cX0N_HVTcRk3eCoTgS7BM?authuser=0&hl=en&g_ep=EgoyMDI2MDkwMi4wIJJjKgBIAVAD&rclk=1,4.2,13,"Road No. 17, Banani, Dhaka",23.7932317,90.4062998
KOI Thé Bangladesh - Banani,Cafe,Banani,https://www.google.com/maps/place/KOI+Th%C3%A9+Bangladesh+-+Banani/data=!4m7!3m6!1s0x3755c70017e86147:0xf66ce91c356d8ef1!8m2!3d23.7911608!4d90.4027718!16s%2Fg%2F11yjrbs5jv!19sChIJR2HoFwDHVTcR8Y5tNRzpbPY?authuser=0&hl=en&g_ep=EgoyMDI2MDkwMi4wIJJjKgBIAVAD&rclk=1,4.4,55,"Bay's Bellavista, 96 Road No. 11, Banani, Dhaka",23.7911608,90.4027718
BruTown Cafe,Cafe,Shantinagar,https://www.google.com/maps/place/BruTown+Cafe/data=!4m7!3m6!1s0x3755b88c7722f6a7:0x542d25fdc783bf04!8m2!3d23.7428186!4d90.4075375!16s%2Fg%2F11c5b3x7gz!19sChIJp_Yid4y4VTcRBL-Dx_0lLVQ?authuser=0&hl=en&g_ep=EgoyMDI2MDkwMi4wIJJjKgBIAVAD&rclk=1,4.2,2.7K,"62/A siddeswari road Safa Apartment, 62/a Siddheswari Rd, Shantinagar, Dhaka",23.7428186,90.4075375
Cafe Bellissimo,Cafe,Shantinagar,https://www.google.com/maps/place/Cafe+Bellissimo/data=!4m7!3m6!1s0x3755b9003ec2c889:0x2edb700bceb7cdfc!8m2!3d23.7409624!4d90.4124754!16s%2Fg%2F11lnmw4xn5!19sChIJicjCPgC5VTcR_M23zgtw2y4?authuser=0&hl=en&g_ep=EgoyMDI2MDkwMi4wIJJjKgBIAVAD&rclk=1,4.3,29,"Shantinagar, Dhaka",23.7409624,90.4124754
Aurora Cafe,Cafe,Shantinagar,https://www.google.com/maps/place/Aurora+Cafe/data=!4m7!3m6!1s0x3755b9007696bb69:0x54d1995610ef54d0!8m2!3d23.7392119!4d90.4104494!16s%2Fg%2F11ln5gbr0c!19sChIJabuWdgC5VTcR0FTvEFaZ0VQ?authuser=0&hl=en&g_ep=EgoyMDI2MDkwMi4wIJJjKgBIAVAD&rclk=1,4.3,3,"1, Rahman Lucid Tower wing, Level -2 19, 3 Kakrail Rd, Shantinagar, Dhaka",23.7392119,90.4104494
Coffeelicious Coffée BailyRoad,Cafe,Shantinagar,https://www.google.com/maps/place/Coffeelicious+Coff%C3%A9e+BailyRoad/data=!4m7!3m6!1s0x3755b88c7eaf6703:0x8ab396b980ecf244!8m2!3d23.7422029!4d90.4076632!16s%2Fg%2F11cm0by4v5!19sChIJA2evfoy4VTcRRPLsgLmWs4o?authuser=0&hl=en&g_ep=EgoyMDI2MDkwMi4wIJJjKgBIAVAD&rclk=1,4,2.3K,"1 No., Natok Shoroni 2nd Floor, Western Side Of Bangladesh Girls Guide Association, New Bailey Rd, Shantinagar, Dhaka",23.7422029,90.4076632
Second Cup Coffee,Cafe,Shantinagar,https://www.google.com/maps/place/Second+Cup+Coffee/data=!4m7!3m6!1s0x3755b90034f2db8f:0x9f37473ad99484c1!8m2!3d23.7447174!4d90.4069578!16s%2Fg%2F11wpq2vyxm!19sChIJj9vyNAC5VTcRwYSU2TpHN58?authuser=0&hl=en&g_ep=EgoyMDI2MDkwMi4wIJJjKgBIAVAD&rclk=1,3.9,45,"55 Siddheswari Rd, Shantinagar, Dhaka",23.7447174,90.4069578
CAFE BIR (☕ &more),Cafe,Shantinagar,https://www.google.com/maps/place/CAFE+BIR+%28%E2%98%95+%26more%29/data=!4m7!3m6!1s0x3755b90070d2df05:0x536ff751181c7a89!8m2!3d23.7400086!4d90.413851!16s%2Fg%2F11z67844pv!19sChIJBd_ScAC5VTcRiXocGFH3b1M?authuser=0&hl=en&g_ep=EgoyMDI2MDkwMi4wIJJjKgBIAVAD&rclk=1,5,1,"Shantinagar, Dhaka",23.7400086,90.413851
Emon,Cafe,Gulshan 2,https://www.google.com/maps/place/Emon/data=!4m7!3m6!1s0x3755c74128fbda43:0x843ba5dd35c90e61!8m2!3d23.8004191!4d90.4117006!16s%2Fg%2F11zxhhktgs!19sChIJQ9r7KEHHVTcRYQ7JNd2lO4Q?authuser=0&hl=en&g_ep=EgoyMDI2MDkwMi4wIJJjKgBIAVAD&rclk=1,4.3,1.2K,"Gulshan 2, Dhaka",23.8004191,90.4117006
Café Social at InterContinental Dhaka,Cafe,Shantinagar,https://www.google.com/maps/place/Caf%C3%A9+Social+at+InterContinental+Dhaka/data=!4m7!3m6!1s0x3755b9545b5998db:0xa873ea90cc285d9f!8m2!3d23.7405591!4d90.3965593!16s%2Fg%2F11h3n17hfm!19sChIJ25hZW1S5VTcRn10ozJDqc6g?authuser=0&hl=en&g_ep=EgoyMDI2MDkwMi4wIJJjKgBIAVAD&rclk=1,4.5,145,"1 Minto Rd, Shantinagar, Dhaka",23.7405591,90.3965593
Gloria Jean's Coffees,Cafe,Gulshan 1,https://www.google.com/maps/place/Gloria+Jean%27s+Coffees/data=!4m7!3m6!1s0x3755c79c1317032d:0xd995395cfe2a8fc3!8m2!3d23.7792201!4d90.416352!16s%2Fg%2F11clgyd96n!19sChIJLQMXE5zHVTcRw48q_lw5ldk?authuser=0&hl=en&g_ep=EgoyMDI2MDkwMi4wIJJjKgBIAVAD&rclk=1,4.4,9.2K,"House 35, S.W (a, 29 Rd No 11 · Chain coffeehouse with flavored roasts, Gulshan 1, Dhaka",23.7792201,90.416352
Cafe mango,Cafe,Gulshan 2,https://www.google.com/maps/place/Cafe+mango/data=!4m7!3m6!1s0x3755c7003ef04713:0x93389de11e3ef056!8m2!3d23.804093!4d90.4152376!16s%2Fg%2F11xlfjynsc!19sChIJE0fwPgDHVTcRVvA-HuGdOJM?authuser=0&hl=en&g_ep=EgoyMDI2MDkwMi4wIJJjKgBIAVAD&rclk=1,4.2,39,"Gulshan 2, Dhaka",23.804093,90.4152376
Crimson Cup Bailey Road,Cafe,Shantinagar,https://www.google.com/maps/place/Crimson+Cup+Bailey+Road/data=!4m7!3m6!1s0x3755b90061743b9b:0xdad55e674dec297e!8m2!3d23.7420971!4d90.40966!16s%2Fg%2F11x0761np5!19sChIJmzt0YQC5VTcRfinsTWde1do?authuser=0&hl=en&g_ep=EgoyMDI2MDkwMi4wIJJjKgBIAVAD&rclk=1,4.2,96,"PCR5+VV2, 8 Bailey Rd, Shantinagar, Dhaka",23.7420971,90.40966
PBS (Books+Music+Café),Cafe,Shantinagar,https://www.google.com/maps/place/PBS+%28Books%2BMusic%2BCaf%C3%A9%29/data=!4m7!3m6!1s0x3755b86023a9d785:0x9f5128c933e75e5e!8m2!3d23.7407762!4d90.4127809!16s%2Fg%2F1v42d4fq!19sChIJhdepI2C4VTcRXl7nM8koUZ8?authuser=0&hl=en&g_ep=EgoyMDI2MDkwMi4wIJJjKgBIAVAD&rclk=1,4.4,1.4K,"Shantinagar, Dhaka",23.7407762,90.4127809
Daily Treats,Cafe,Gulshan 2,https://www.google.com/maps/place/Daily+Treats/data=!4m7!3m6!1s0x3755c7142da7448f:0x27a799e06fb4f39c!8m2!3d23.793223!4d90.414601!16s%2Fg%2F11h1kn80gm!19sChIJj0SnLRTHVTcRnPO0b-CZpyc?authuser=0&hl=en&g_ep=EgoyMDI2MDkwMi4wIJJjKgBIAVAD&rclk=1,4.5,35,"Gulshan 2, Dhaka",23.793223,90.414601
Coffee parlour,Cafe,Shantinagar,https://www.google.com/maps/place/Coffee+parlour/data=!4m7!3m6!1s0x3755b861830a27cf:0x7631b215b6b63d62!8m2!3d23.7443132!4d90.4146715!16s%2Fg%2F11c2y9mdmw!19sChIJzycKg2G4VTcRYj22thWyMXY?authuser=0&hl=en&g_ep=EgoyMDI2MDkwMi4wIJJjKgBIAVAD&rclk=1,4.1,77,"161, Malibagh Bazar Road, Shantinagar, Dhaka",23.7443132,90.4146715
Grounds,Cafe,Gulshan 2,https://www.google.com/maps/place/Grounds/data=!4m7!3m6!1s0x3755c70026ac1eff:0xabf7f4cd7c86c88d!8m2!3d23.7997892!4d90.4118735!16s%2Fg%2F11nhn_3fct!19sChIJ_x6sJgDHVTcRjciGfM3096s?authuser=0&hl=en&g_ep=EgoyMDI2MDkwMi4wIJJjKgBIAVAD&rclk=1,5,1,"Gulshan 2, Dhaka",23.7997892,90.4118735
Assurance Farm Cafe – Khilgaon,Cafe,Khilgaon,https://www.google.com/maps/place/Assurance+Farm+Cafe+%E2%80%93+Khilgaon/data=!4m7!3m6!1s0x3755b90043ef62b3:0xd1a86f5b1cb13c60!8m2!3d23.7519293!4d90.4170005!16s%2Fg%2F11z9gmwty_!19sChIJs2LvQwC5VTcRYDyxHFtvqNE?authuser=0&hl=en&g_ep=EgoyMDI2MDkwMi4wIJJjKgBIAVAD&rclk=1,4.2,5,"Plot No. 591/C, Shahid Baki Rd, Khilgaon, Dhaka",23.7519293,90.4170005
Cafe Relish,Cafe,Khilgaon,https://www.google.com/maps/place/Cafe+Relish/data=!4m7!3m6!1s0x3755b9003931030b:0x54b839ae070334a1!8m2!3d23.7419326!4d90.4288168!16s%2Fg%2F11whty_v_k!19sChIJCwMxOQC5VTcRoTQDB645uFQ?authuser=0&hl=en&g_ep=EgoyMDI2MDkwMi4wIJJjKgBIAVAD&rclk=1,4.8,24,"Khilgaon, Dhaka",23.7419326,90.4288168
Cha & Chill Khilgaon,Cafe,Khilgaon,https://www.google.com/maps/place/Cha+%26+Chill+Khilgaon/data=!4m7!3m6!1s0x3755b9b690dcca07:0xd2c6f7dbdf8a970!8m2!3d23.7520033!4d90.4229252!16s%2Fg%2F11js_bmh6w!19sChIJB8rckLa5VTcRcKn4vX1vLA0?authuser=0&hl=en&g_ep=EgoyMDI2MDkwMi4wIJJjKgBIAVAD&rclk=1,4,506,"QC2F+R4Q, 373/B Taltola Rd, Khilgaon, Dhaka",23.7520033,90.4229252
Rest Nivo,Cafe,Khilgaon,https://www.google.com/maps/place/Rest+Nivo/data=!4m7!3m6!1s0x3755b9c826fdaed9:0x1790c036aac99ff9!8m2!3d23.7486846!4d90.4289578!16s%2Fg%2F11pt_8lghv!19sChIJ2a79Jsi5VTcR-Z_JqjbAkBc?authuser=0&hl=en&g_ep=EgoyMDI2MDkwMi4wIJJjKgBIAVAD&rclk=1,4.7,25,"618/A Road: 20, Khilgaon, Dhaka",23.7486846,90.4289578
Crimson Cup,Cafe,Khilgaon,https://www.google.com/maps/place/Crimson+Cup/data=!4m7!3m6!1s0x3755b9a8b44a52e5:0xc048542043e84ca7!8m2!3d23.7521136!4d90.4168753!16s%2Fg%2F11ryt3ksjr!19sChIJ5VJKtKi5VTcRp0zoQyBUSMA?authuser=0&hl=en&g_ep=EgoyMDI2MDkwMi4wIJJjKgBIAVAD&rclk=1,4,241,"QC28+VP6, 1219 Shahid Baki Rd, Khilgaon, Dhaka",23.7521136,90.4168753
Cafe Laam,Cafe,Khilgaon,https://www.google.com/maps/place/Cafe+Laam/data=!4m7!3m6!1s0x3755b95427a1d78d:0x61726449967ae025!8m2!3d23.7522719!4d90.4183583!16s%2Fg%2F11zbd18rw_!19sChIJjdehJ1S5VTcRJeB6lklkcmE?authuser=0&hl=en&g_ep=EgoyMDI2MDkwMi4wIJJjKgBIAVAD&rclk=1,3.5,15,"Khilgaw Taltola Road, Opposite of Brack Bank, Khilgaon, Dhaka",23.7522719,90.4183583
Indulge Khilgaon,Cafe,Khilgaon,https://www.google.com/maps/place/Indulge+Khilgaon/data=!4m7!3m6!1s0x3755b90006f4e899:0xa1639ae53d1cbd64!8m2!3d23.7522563!4d90.4182312!16s%2Fg%2F11y5f4br75!19sChIJmej0BgC5VTcRZL0cPeWaY6E?authuser=0&hl=en&g_ep=EgoyMDI2MDkwMi4wIJJjKgBIAVAD&rclk=1,4,26,"582/C Chowdhury Para, Shahid Baki Rd, Khilgaon, Dhaka",23.7522563,90.4182312
Elysian cafe & eatery,Cafe,Khilgaon,https://www.google.com/maps/place/Elysian+cafe+%26+eatery/data=!4m7!3m6!1s0x3755b90011410c85:0x8a3b74cd1805a5c8!8m2!3d23.751994!4d90.4172076!16s%2Fg%2F11vzgmf5vn!19sChIJhQxBEQC5VTcRyKUFGM10O4o?authuser=0&hl=en&g_ep=EgoyMDI2MDkwMi4wIJJjKgBIAVAD&rclk=1,4.2,48,"KFC moor, 589/C Malibagh Chowdhury Para Rd, Khilgaon, Dhaka",23.751994,90.4172076
COFFEE FEAST,Cafe,Khilgaon,https://www.google.com/maps/place/COFFEE+FEAST/data=!4m7!3m6!1s0x3755b9ce183319c9:0xac733a8ec169c79b!8m2!3d23.7483476!4d90.4302058!16s%2Fg%2F11l36g4zb9!19sChIJyRkzGM65VTcRm8dpwY46c6w?authuser=0&hl=en&g_ep=EgoyMDI2MDkwMi4wIJJjKgBIAVAD&rclk=1,4.1,37,"A-Block, Bank Asia Building, 26/8, Khilgaon, Dhaka",23.7483476,90.4302058
CLASSIC COFFEE HOUSE,Cafe,Khilgaon,https://www.google.com/maps/place/CLASSIC+COFFEE+HOUSE/data=!4m7!3m6!1s0x3755b9de6ac6cc37:0xae7387d3adf6cfb9!8m2!3d23.7523945!4d90.4212221!16s%2Fg%2F11t9p6m84k!19sChIJN8zGat65VTcRuc_2rdOHc64?authuser=0&hl=en&g_ep=EgoyMDI2MDkwMi4wIJJjKgBIAVAD&rclk=1,4.4,25,"402a Shahid Baki Rd, Khilgaon, Dhaka",23.7523945,90.4212221
GRIND HOUSE MUSIC CAFE,Cafe,Khilgaon,https://www.google.com/maps/place/GRIND+HOUSE+MUSIC+CAFE/data=!4m7!3m6!1s0x3755b9d6da26c585:0x4c33a0a2c7e76898!8m2!3d23.7514072!4d90.4234351!16s%2Fg%2F11k4wkf7zr!19sChIJhcUm2ta5VTcRmGjnx6KgM0w?authuser=0&hl=en&g_ep=EgoyMDI2MDkwMi4wIJJjKgBIAVAD&rclk=1,4.1,51,"level-8, skyview tower, 368/b Taltola Rd, Khilgaon, Dhaka",23.7514072,90.4234351
Wellness Cafe Malibagh,Cafe,Khilgaon,https://www.google.com/maps/place/Wellness+Cafe+Malibagh/data=!4m7!3m6!1s0x3755b98d1c29750f:0xc4eb25b7130722bf!8m2!3d23.7540022!4d90.4153939!16s%2Fg%2F11tnl_t4tw!19sChIJD3UpHI25VTcRvyIHE7cl68Q?authuser=0&hl=en&g_ep=EgoyMDI2MDkwMi4wIJJjKgBIAVAD&rclk=1,4.2,24,"Rahaman Arcadia, House-B65, DIT Avenue, Malibagh Chowdhury Para Rd, Khilgaon, Dhaka",23.7540022,90.4153939
HANG OUT CAFE,Cafe,Khilgaon,https://www.google.com/maps/place/HANG+OUT+CAFE/data=!4m7!3m6!1s0x3755b99da79fa10f:0x376a9cbf4a54c99e!8m2!3d23.7455457!4d90.4269196!16s%2Fg%2F11rw92n87f!19sChIJD6Gfp525VTcRnslUSr-cajc?authuser=0&hl=en&g_ep=EgoyMDI2MDkwMi4wIJJjKgBIAVAD&rclk=1,4.5,12,"215 Road No. 5, Khilgaon, Dhaka",23.7455457,90.4269196
Domesky Cafe,Cafe,Khilgaon,https://www.google.com/maps/place/Domesky+Cafe/data=!4m7!3m6!1s0x3755c7ce483a16af:0x95b8a2915d03772d!8m2!3d23.7643437!4d90.4288909!16s%2Fg%2F11qqfljw5l!19sChIJrxY6SM7HVTcRLXcDXZGiuJU?authuser=0&hl=en&g_ep=EgoyMDI2MDkwMi4wIJJjKgBIAVAD&rclk=1,5,10,"Khilgaon, Dhaka",23.7643437,90.4288909
Crimson Cup Coffee Dhanmondi,Cafe,Dhanmondi,https://www.google.com/maps/search/?api=1&query=Crimson+Cup+Dhanmondi+Dhaka,4.5,2.8K,"Road 27 (Old), Dhanmondi, Dhaka",23.748,90.374
Gloria Jean's Coffees Dhanmondi,Cafe,Dhanmondi,https://www.google.com/maps/search/?api=1&query=Gloria+Jeans+Coffees+Dhanmondi+Dhaka,4.3,2.2K,"Satmasjid Road, Dhanmondi, Dhaka",23.742,90.375
Brew Buddies Dhanmondi,Cafe,Dhanmondi,https://www.google.com/maps/search/?api=1&query=Brew+Buddies+Dhanmondi+Dhaka,4.5,1.3K,"Road 7/A, Dhanmondi, Dhaka",23.7432,90.3735
Cafelytics Dhanmondi,Cafe,Dhanmondi,https://www.google.com/maps/search/?api=1&query=Cafelytics+Dhanmondi+Dhaka,4.4,950,"Road 15, Dhanmondi, Dhaka",23.744,90.3765
Capawcino Cat Cafe Dhanmondi,Cafe,Dhanmondi,https://www.google.com/maps/search/?api=1&query=Capawcino+Cat+Cafe+Dhanmondi+Dhaka,4.4,1.7K,"Road 27, Dhanmondi, Dhaka",23.7478,90.3738
Triangle Cafe Dhanmondi,Cafe,Dhanmondi,https://www.google.com/maps/search/?api=1&query=Triangle+Cafe+Dhanmondi+Lake+Dhaka,4.3,1.1K,"Lake Side, Dhanmondi, Dhaka",23.745,90.379
Dipped The Dessert Cafe Dhanmondi,Cafe,Dhanmondi,https://www.google.com/maps/search/?api=1&query=Dipped+The+Dessert+Cafe+Dhanmondi+Dhaka,4.3,890,"Satmasjid Road, Dhanmondi, Dhaka",23.746,90.3748
The Cozy Bean Dhanmondi,Cafe,Dhanmondi,https://www.google.com/maps/search/?api=1&query=The+Cozy+Bean+Dhanmondi+Dhaka,4.4,720,"Road 8/A, Dhanmondi, Dhaka",23.7445,90.3725
Banku Coffee Dhanmondi,Cafe,Dhanmondi,https://www.google.com/maps/search/?api=1&query=Banku+Coffee+Dhanmondi+Dhaka,4.5,1.1K,"Road 27, Dhanmondi, Dhaka",23.7483,90.3735
The French Press Gulshan 1,Cafe,Gulshan 1,https://www.google.com/maps/search/?api=1&query=The+French+Press+Gulshan+1+Dhaka,4.5,1.8K,"Road 138, Gulshan 1, Dhaka",23.778,90.414
Butlers Chocolate Cafe Gulshan 1,Cafe,Gulshan 1,https://www.google.com/maps/search/?api=1&query=Butlers+Chocolate+Cafe+Gulshan+1+Dhaka,4.4,2.3K,"Gulshan Avenue, Gulshan 1, Dhaka",23.7795,90.4158
Crimson Cup Gulshan 1,Cafe,Gulshan 1,https://www.google.com/maps/search/?api=1&query=Crimson+Cup+Gulshan+1+Dhaka,4.4,2.1K,"Road 99, Gulshan 1, Dhaka",23.7768,90.4142
North End Coffee Police Plaza,Cafe,Gulshan 1,https://www.google.com/maps/search/?api=1&query=North+End+Coffee+Roasters+Police+Plaza+Dhaka,4.5,1.9K,"Police Plaza Concord, Gulshan 1, Dhaka",23.7745,90.4125
Tabaq Coffee Gulshan 1,Cafe,Gulshan 1,https://www.google.com/maps/search/?api=1&query=Tabaq+Coffee+Gulshan+1+Dhaka,4.3,1.4K,"Avenue, Gulshan 1, Dhaka",23.7778,90.415
Second Cup Coffee Gulshan 1,Cafe,Gulshan 1,https://www.google.com/maps/search/?api=1&query=Second+Cup+Coffee+Gulshan+1+Dhaka,4.2,1.1K,"Police Plaza, Gulshan 1, Dhaka",23.7755,90.413
Cafe Dolce Gulshan 2,Cafe,Gulshan 2,https://www.google.com/maps/search/?api=1&query=Cafe+Dolce+Gulshan+2+Dhaka,4.5,1.4K,"Road 113, Gulshan 2, Dhaka",23.7945,90.4135
The Coffee Bean & Tea Leaf Gulshan 2,Cafe,Gulshan 2,https://www.google.com/maps/search/?api=1&query=Coffee+Bean+Tea+Leaf+Gulshan+2+Dhaka,4.3,2.1K,"Circle, Gulshan 2, Dhaka",23.793,90.413
Happiness Cafe Gulshan,Cafe,Gulshan 2,https://www.google.com/maps/search/?api=1&query=Happiness+Cafe+Gulshan+Dhaka,4.4,980,"Road 44, Gulshan 2, Dhaka",23.7915,90.414
Gloria Jean's Coffees Gulshan 2,Cafe,Gulshan 2,https://www.google.com/maps/search/?api=1&query=Gloria+Jeans+Gulshan+2+Dhaka,4.3,1.9K,"Gulshan Avenue, Gulshan 2, Dhaka",23.794,90.4148
Barista Dhaka Gulshan 2,Cafe,Gulshan 2,https://www.google.com/maps/search/?api=1&query=Barista+Dhaka+Gulshan+2+Dhaka,4.2,1.2K,"Road 50, Gulshan 2, Dhaka",23.7922,90.4152
North End Coffee Roasters Gulshan 2,Cafe,Gulshan 2,https://www.google.com/maps/search/?api=1&query=North+End+Coffee+Roasters+Gulshan+2+Dhaka,4.6,2.5K,"Landmark, Gulshan 2, Dhaka",23.7935,90.4135
The Black Cup Banani,Cafe,Banani,https://www.google.com/maps/search/?api=1&query=The+Black+Cup+Banani+Dhaka,4.5,2.4K,"Road 11, Banani, Dhaka",23.7935,90.404
Cafe Nuvola Banani,Cafe,Banani,https://www.google.com/maps/search/?api=1&query=Cafe+Nuvola+Banani+Dhaka,4.3,1.2K,"Block E, Banani, Dhaka",23.793,90.4038
Kiva Han Banani,Cafe,Banani,https://www.google.com/maps/search/?api=1&query=Kiva+Han+Banani+Dhaka,4.4,2.0K,"Road 11, Banani, Dhaka",23.794,90.4046
Jatra Biroti Banani,Cafe,Banani,https://www.google.com/maps/search/?api=1&query=Jatra+Biroti+Banani+Dhaka,4.5,1.5K,"Kemal Ataturk Avenue, Banani, Dhaka",23.7928,90.4058
The Coffee Bean & Tea Leaf Banani,Cafe,Banani,https://www.google.com/maps/search/?api=1&query=The+Coffee+Bean+Tea+Leaf+Banani+Dhaka,4.3,1.8K,"Road 11, Banani, Dhaka",23.7942,90.4054
North End Coffee Roasters Banani,Cafe,Banani,https://www.google.com/maps/search/?api=1&query=North+End+Coffee+Roasters+Banani+Dhaka,4.6,3.2K,"Road 11, Block F, Banani, Dhaka",23.7947,90.4049
The Hub - Cafe & Bistro Mirpur 1,Cafe,Mirpur 1,https://www.google.com/maps/search/?api=1&query=The+Hub+Cafe+Bistro+Mirpur+1+Dhaka,4.4,1.5K,"29 Zoo Road, Mirpur 1, Dhaka",23.8042,90.3532
Coffee House Mirpur 1,Cafe,Mirpur 1,https://www.google.com/maps/search/?api=1&query=Coffee+House+Mirpur+1+Dhaka,4,920,"Mukto Bangla Complex, Mirpur 1, Dhaka",23.8038,90.3525
Cream & Fudge Mirpur 1,Cafe,Mirpur 1,https://www.google.com/maps/search/?api=1&query=Cream+and+Fudge+Mirpur+1+Dhaka,4.1,850,"Main Road, Mirpur 1, Dhaka",23.8052,90.3542
Cafe Cloud 9 Mirpur 1,Cafe,Mirpur 1,https://www.google.com/maps/search/?api=1&query=Cafe+Cloud+9+Mirpur+1+Dhaka,4.2,730,"Zoo Road, Mirpur 1, Dhaka",23.8047,90.3528
Chaiwala Mirpur 1,Cafe,Mirpur 1,https://www.google.com/maps/search/?api=1&query=Chaiwala+Mirpur+1+Dhaka,4.3,1.1K,"Mukto Bangla Gate, Mirpur 1, Dhaka",23.8035,90.354
Sweet & Coffee Corner Mirpur 1,Cafe,Mirpur 1,https://www.google.com/maps/search/?api=1&query=Sweet+and+Coffee+Corner+Mirpur+1+Dhaka,4,620,"Main Avenue, Mirpur 1, Dhaka",23.8058,90.3535
North End Coffee Roasters Mirpur 10,Cafe,Mirpur 10,https://www.google.com/maps/search/?api=1&query=North+End+Coffee+Roasters+Mirpur+10+Dhaka,4.5,1.8K,"Block B, Mirpur 10, Dhaka",23.808,90.3695
Beans & Bites Mirpur 10,Cafe,Mirpur 10,https://www.google.com/maps/search/?api=1&query=Beans+and+Bites+Mirpur+10+Dhaka,4.4,1.2K,"Metro Pillar area, Mirpur 10, Dhaka",23.806,90.3682
Bake & Brew Mirpur 10,Cafe,Mirpur 10,https://www.google.com/maps/search/?api=1&query=Bake+and+Brew+Mirpur+10+Dhaka,4.2,980,"Roundabout area, Mirpur 10, Dhaka",23.807,90.3698
San Pie Cafe Mirpur 10,Cafe,Mirpur 10,https://www.google.com/maps/search/?api=1&query=San+Pie+Cafe+Mirpur+10+Dhaka,4.3,850,"Senpara Parbata, Mirpur 10, Dhaka",23.8055,90.369
Sky Lounge Cafe Mirpur 10,Cafe,Mirpur 10,https://www.google.com/maps/search/?api=1&query=Sky+Lounge+Mirpur+10+Dhaka,4.3,1.1K,"Circle, Mirpur 10, Dhaka",23.8073,90.3678
The Coffee Club Mirpur 10,Cafe,Mirpur 10,https://www.google.com/maps/search/?api=1&query=The+Coffee+Club+Mirpur+10+Dhaka,4.1,760,"Block B, Mirpur 10, Dhaka",23.8085,90.3688
Cuppa Coffee Mirpur 10,Cafe,Mirpur 10,https://www.google.com/maps/search/?api=1&query=Cuppa+Coffee+Mirpur+10+Dhaka,4,590,"Metro Station Exit, Mirpur 10, Dhaka",23.8062,90.3685
Toasted Cafe Mirpur 11,Cafe,Mirpur 11,https://www.google.com/maps/search/?api=1&query=Toasted+Cafe+Mirpur+11+Dhaka,4.2,950,"Block D, Pallabi, Mirpur 11, Dhaka",23.8175,90.365
Cafe 11 Pallabi,Cafe,Mirpur 11,https://www.google.com/maps/search/?api=1&query=Cafe+11+Pallabi+Dhaka,4.1,680,"Avenue 5, Mirpur 11, Dhaka",23.8188,90.3638
Bean House Cafe Mirpur 11,Cafe,Mirpur 11,https://www.google.com/maps/search/?api=1&query=Bean+House+Cafe+Mirpur+11+Dhaka,4.3,750,"Pallabi Commercial Area, Mirpur 11, Dhaka",23.8192,90.3645
Chayer Golpo Mirpur 11,Cafe,Mirpur 11,https://www.google.com/maps/search/?api=1&query=Chayer+Golpo+Mirpur+11+Dhaka,4.2,890,"Metro Area, Mirpur 11, Dhaka",23.818,90.3658
Coffee Time Pallabi,Cafe,Mirpur 11,https://www.google.com/maps/search/?api=1&query=Coffee+Time+Pallabi+Dhaka,4,520,"Pallabi, Mirpur 11, Dhaka",23.817,90.3635
Cha Adda Mirpur 11,Cafe,Mirpur 11,https://www.google.com/maps/search/?api=1&query=Cha+Adda+Mirpur+11+Dhaka,4.3,1.1K,"Main Avenue, Mirpur 11, Dhaka",23.8185,90.3652
Tea Valley Mirpur 12,Cafe,Mirpur 12,https://www.google.com/maps/search/?api=1&query=Tea+Valley+Mirpur+12+Dhaka,4.1,820,"Bus Stand area, Mirpur 12, Dhaka",23.8265,90.3615
The Street Cafe Mirpur 12,Cafe,Mirpur 12,https://www.google.com/maps/search/?api=1&query=The+Street+Cafe+Mirpur+12+Dhaka,4,640,"Near DOHS Road, Mirpur 12, Dhaka",23.8278,90.3602
Matir Chayer Cup Mirpur 12,Cafe,Mirpur 12,https://www.google.com/maps/search/?api=1&query=Matir+Chayer+Cup+Mirpur+12+Dhaka,4.3,910,"DOHS Road, Mirpur 12, Dhaka",23.8282,90.361
Coffee Corner 12,Cafe,Mirpur 12,https://www.google.com/maps/search/?api=1&query=Coffee+Corner+Mirpur+12+Dhaka,4.1,580,"Terminal Area, Mirpur 12, Dhaka",23.8268,90.3606
Brew & Chew Mirpur 12,Cafe,Mirpur 12,https://www.google.com/maps/search/?api=1&query=Brew+and+Chew+Mirpur+12+Dhaka,4.2,670,"Block A, Mirpur 12, Dhaka",23.8272,90.3618
Cha Shongjog Mirpur 12,Cafe,Mirpur 12,https://www.google.com/maps/search/?api=1&query=Cha+Shongjog+Mirpur+12+Dhaka,4.1,750,"Kazipara Link Road, Mirpur 12, Dhaka",23.826,90.3614
Rustic Eatery & Cafe Shantinagar,Cafe,Shantinagar,https://www.google.com/maps/search/?api=1&query=Rustic+Eatery+Shantinagar+Dhaka,4.4,1.9K,"Road, Shantinagar, Dhaka",23.738,90.4132
Ghuri Rooftop Cafe Shantinagar,Cafe,Shantinagar,https://www.google.com/maps/search/?api=1&query=Ghuri+Rooftop+Cafe+Shantinagar+Dhaka,4.3,1.4K,"Near Twin Towers, Shantinagar, Dhaka",23.7392,90.4138
Cha Chakra Shantinagar,Cafe,Shantinagar,https://www.google.com/maps/search/?api=1&query=Cha+Chakra+Shantinagar+Dhaka,4.2,910,"Road, Shantinagar, Dhaka",23.7375,90.4125
Well Food Cafe Shantinagar,Cafe,Shantinagar,https://www.google.com/maps/search/?api=1&query=Well+Food+Shantinagar+Dhaka,4.1,1.3K,"Twin Towers Concord, Shantinagar, Dhaka",23.7388,90.4142
Mithai Cafe & Bakery Shantinagar,Cafe,Shantinagar,https://www.google.com/maps/search/?api=1&query=Mithai+Shantinagar+Dhaka,4.2,1.1K,"Bazaar Mor, Shantinagar, Dhaka",23.737,90.413
Tea Lounge Rajarbagh,Cafe,Shantinagar,https://www.google.com/maps/search/?api=1&query=Tea+Lounge+Rajarbagh+Dhaka,4,780,"Rajarbagh Line, Shantinagar, Dhaka",23.7382,90.415
Cafe Shantinagar,Cafe,Shantinagar,https://www.google.com/maps/search/?api=1&query=Cafe+Shantinagar+Dhaka,4.1,650,"Plaza, Shantinagar, Dhaka",23.7386,90.4132
Brew Station Khilgaon,Cafe,Khilgaon,https://www.google.com/maps/search/?api=1&query=Brew+Station+Khilgaon+Dhaka,4.2,1.4K,"Block C, Khilgaon, Dhaka",23.7505,90.4215
Cafe Ipanema Khilgaon,Cafe,Khilgaon,https://www.google.com/maps/search/?api=1&query=Cafe+Ipanema+Khilgaon+Dhaka,4.3,1.2K,"Taltola, Khilgaon, Dhaka",23.7512,90.421
Sweet Tooth Khilgaon,Cafe,Khilgaon,https://www.google.com/maps/search/?api=1&query=Sweet+Tooth+Khilgaon+Dhaka,4.1,980,"Tilpapara, Khilgaon, Dhaka",23.75,90.4232
The Chocolate Room Khilgaon,Cafe,Khilgaon,https://www.google.com/maps/search/?api=1&query=The+Chocolate+Room+Khilgaon+Dhaka,4.3,1.5K,"Taltola Chowrasta, Khilgaon, Dhaka",23.751,90.4222
Coffee Factory Khilgaon,Cafe,Khilgaon,https://www.google.com/maps/search/?api=1&query=Coffee+Factory+Khilgaon+Dhaka,4.2,890,"Shahid Baki Road, Khilgaon, Dhaka",23.7525,90.4218
Kissa Cafe Khilgaon,Cafe,Khilgaon,https://www.google.com/maps/search/?api=1&query=Kissa+Cafe+Khilgaon+Dhaka,4.4,1.1K,"Block B, Khilgaon, Dhaka",23.7508,90.4212
La Mirchi Eatery & Cafe,Cafe,Uttara,https://www.google.com/maps/place/La+Mirchi+Eatery+%26+Cafe/data=!4m7!3m6!1s0x3755c512163198a7:0x4fdd6b2b774bd479!8m2!3d23.8668654!4d90.3932577!16s%2Fg%2F11sg24g5rb!19sChIJp5gxFhLFVTcRedRLdytr3U8?authuser=0&hl=en&g_ep=EgoyMDI2MDkwOS4wIJJjKgBIAVAD&rclk=1,4.2,1.2K,"House-33 / A, Road No. 20 , Uttara, Dhaka",23.866865,90.393258
MEALS & CAFE Restaurant Uttara.,Cafe,Uttara,https://www.google.com/maps/place/MEALS+%26+CAFE+Restaurant+Uttara./data=!4m7!3m6!1s0x3755c5ccf344573f:0xeb725e293bc827fb!8m2!3d23.8716124!4d90.3837015!16s%2Fg%2F11s7_bm1c3!19sChIJP1dE88zFVTcR-yfIOylecus?authuser=0&hl=en&g_ep=EgoyMDI2MDkwOS4wIJJjKgBIAVAD&rclk=1,4.8,5,"Plot 63 Shah Makhdum Ave , Uttara, Dhaka",23.871612,90.383702
Real Thai Sky Cafe,Cafe,Uttara,https://www.google.com/maps/place/Real+Thai+Sky+Cafe/data=!4m7!3m6!1s0x3755c537f845d4dd:0x8352e10b01630f7d!8m2!3d23.8746232!4d90.3919911!16s%2Fg%2F11ry998t3h!19sChIJ3dRF-DfFVTcRfQ9jAQvhUoM?authuser=0&hl=en&g_ep=EgoyMDI2MDkwOS4wIJJjKgBIAVAD&rclk=1,4,1.1K,"14-16, khan tower, Sonargaon Janapath Rd , Uttara, Dhaka",23.874623,90.391991
Noor Cafe & Restaurant,Cafe,Uttara,https://www.google.com/maps/place/Noor+Cafe+%26+Restaurant/data=!4m7!3m6!1s0x3755c5a6cf34f3d7:0xbba39832ae6fb34a!8m2!3d23.8741743!4d90.4009224!16s%2Fg%2F11t0w0k8yv!19sChIJ1_M0z6bFVTcRSrNvrjKYo7s?authuser=0&hl=en&g_ep=EgoyMDI2MDkwOS4wIJJjKgBIAVAD&rclk=1,4.7,31,"5th Floor, Tropical Rafa Tower , Uttara, Dhaka",23.874174,90.400922
Phin Cafe – Vietnamese Coffee Uttara,Cafe,Uttara,https://www.google.com/maps/place/Phin+Cafe+%E2%80%93+Vietnamese+Coffee+Uttara/data=!4m7!3m6!1s0x3755c50011a46271:0xc79e74f3bd92e59e!8m2!3d23.8777694!4d90.3906205!16s%2Fg%2F11y_3r2cby!19sChIJcWKkEQDFVTcRnuWSvfN0nsc?authuser=0&hl=en&g_ep=EgoyMDI2MDkwOS4wIJJjKgBIAVAD&rclk=1,4.9,133,"Uttara, Dhaka",23.877769,90.39062
K-klock cafe,Cafe,Uttara,https://www.google.com/maps/place/K-klock+cafe/data=!4m7!3m6!1s0x3755c5337f1ff68d:0x1cd0639c40d572f1!8m2!3d23.868166!4d90.4028802!16s%2Fg%2F11ys2_znnp!19sChIJjfYffzPFVTcR8XLVQJxj0Bw?authuser=0&hl=en&g_ep=EgoyMDI2MDkwOS4wIJJjKgBIAVAD&rclk=1,4.9,204,"House-2,R-13/A, 6 Shahajalal Ave , Uttara, Dhaka",23.868166,90.40288
Lounge 25,Cafe,Uttara,https://www.google.com/maps/place/Lounge+25/data=!4m7!3m6!1s0x3755c5b6e7f63e69:0x2814bf1622b5b800!8m2!3d23.8678336!4d90.3977411!16s%2Fg%2F11ml2mq3k9!19sChIJaT7257bFVTcRALi1Iha_FCg?authuser=0&hl=en&g_ep=EgoyMDI2MDkwOS4wIJJjKgBIAVAD&rclk=1,4.8,112,"Plot- 14 Rabindra Sarani , Uttara, Dhaka",23.867834,90.397741
Beans & Aroma Coffees,Cafe,Uttara,https://www.google.com/maps/place/Beans+%26+Aroma+Coffees/data=!4m7!3m6!1s0x3755c5d73daf79ad:0x45daa43bd08bf153!8m2!3d23.862026!4d90.3938947!16s%2Fg%2F11t77xcnjz!19sChIJrXmvPdfFVTcRU_GL0Duk2kU?authuser=0&hl=en&g_ep=EgoyMDI2MDkwOS4wIJJjKgBIAVAD&rclk=1,4.3,3.2K,"House : 09, Road: 18 , Uttara, Dhaka",23.862026,90.393895
Coal & Coffee,Cafe,Uttara,https://www.google.com/maps/place/Coal+%26+Coffee/data=!4m7!3m6!1s0x3755c5e968b2607d:0x549a6961665684ab!8m2!3d23.874597!4d90.3948305!16s%2Fg%2F11s49zhq_2!19sChIJfWCyaOnFVTcRq4RWZmFpmlQ?authuser=0&hl=en&g_ep=EgoyMDI2MDkwOS4wIJJjKgBIAVAD&rclk=1,4.4,1.3K,"House 60, Road Sonargaon Janapath Rd , Uttara, Dhaka",23.874597,90.39483
NORTH END coffee roasters Liberty Tower,Cafe,Uttara,https://www.google.com/maps/place/NORTH+END+coffee+roasters+Liberty+Tower/data=!4m7!3m6!1s0x3755c5e8de389f2d:0xd986959f35c10fb2!8m2!3d23.8630624!4d90.3996904!16s%2Fg%2F11x391tb27!19sChIJLZ843ujFVTcRsg_BNZ-Vhtk?authuser=0&hl=en&g_ep=EgoyMDI2MDkwOS4wIJJjKgBIAVAD&rclk=1,4.6,379,"Plot: 19, Liberty Tower , Uttara, Dhaka",23.863062,90.39969
Boncafe Uttara,Cafe,Uttara,https://www.google.com/maps/place/Boncafe+Uttara/data=!4m7!3m6!1s0x3755c421ae44598d:0xdf5cb4e23922272d!8m2!3d23.8613664!4d90.3959175!16s%2Fg%2F11g6wstlzl!19sChIJjVlEriHEVTcRLSciOeK0XN8?authuser=0&hl=en&g_ep=EgoyMDI2MDkwOS4wIJJjKgBIAVAD&rclk=1,4.2,822,"Jashimuddin Rd , Uttara, Dhaka",23.861366,90.395917
Gusto Bistro & Coffee House company,Cafe,Uttara,https://www.google.com/maps/place/Gusto+Bistro+%26+Coffee+House+company/data=!4m7!3m6!1s0x3755c7a1e64c4b99:0x1cd23f36bbb893b6!8m2!3d23.8558725!4d90.4035662!16s%2Fg%2F11hpkcnfz8!19sChIJmUtM5qHHVTcRtpO4uzY_0hw?authuser=0&hl=en&g_ep=EgoyMDI2MDkwOS4wIJJjKgBIAVAD&rclk=1,4.5,1.3K,"Uttara, Dhaka",23.855873,90.403566
RAAGA ART CAFE,Cafe,Uttara,https://www.google.com/maps/place/RAAGA+ART+CAFE/data=!4m7!3m6!1s0x3755c5a146ea2cb9:0x2049f1fb66a75aac!8m2!3d23.8717058!4d90.3906887!16s%2Fg%2F11nygrptfd!19sChIJuSzqRqHFVTcRrFqnZvvxSSA?authuser=0&hl=en&g_ep=EgoyMDI2MDkwOS4wIJJjKgBIAVAD&rclk=1,4.3,1.0K,"29 Garib Newaz Avenue , Uttara, Dhaka",23.871706,90.390689
Aat Art Cafe,Cafe,Uttara,https://www.google.com/maps/place/Aat+Art+Cafe/data=!4m7!3m6!1s0x3755c5007ca75975:0x9785dd5338d219c2!8m2!3d23.8697142!4d90.3952236!16s%2Fg%2F11lw0cxbqr!19sChIJdVmnfADFVTcRwhnSOFPdhZc?authuser=0&hl=en&g_ep=EgoyMDI2MDkwOS4wIJJjKgBIAVAD&rclk=1,4.5,153,"The Sand Roses, House 10 Rd - 17 , Uttara, Dhaka",23.869714,90.395224
Twelve30 Cafe,Cafe,Uttara,https://www.google.com/maps/place/Twelve30+Cafe/data=!4m7!3m6!1s0x3755c5bfc7acd0e9:0xc859cb3ef543c798!8m2!3d23.8633662!4d90.3939193!16s%2Fg%2F11rk9lp72x!19sChIJ6dCsx7_FVTcRmMdD9T7LWcg?authuser=0&hl=en&g_ep=EgoyMDI2MDkwOS4wIJJjKgBIAVAD&rclk=1,4.2,269,"House# 25 সড়ক-১৮ , Uttara, Dhaka",23.863366,90.393919
Crimson Cup Uttara,Cafe,Uttara,https://www.google.com/maps/place/Crimson+Cup+Uttara/data=!4m7!3m6!1s0x3755c419e3c3df7f:0xd3d812c114b66da0!8m2!3d23.8695356!4d90.3898276!16s%2Fg%2F11df0mp6_s!19sChIJf9_D4xnEVTcRoG22FMES2NM?authuser=0&hl=en&g_ep=EgoyMDI2MDkwOS4wIJJjKgBIAVAD&rclk=1,4.3,3.1K,"18, 2nd Floor, Quantum Properties Ltd. Quantum Mostafa Tower, Towers Gausul Azam Ave , Uttara, Dhaka",23.869536,90.389828
Coffeelicious Coffee Uttara,Cafe,Uttara,https://www.google.com/maps/place/Coffeelicious+Coffee+Uttara/data=!4m7!3m6!1s0x3755c424181f9ac5:0x61aa036557f2e296!8m2!3d23.8675028!4d90.3941162!16s%2Fg%2F11clzrhq62!19sChIJxZofGCTEVTcRluLyV2UDqmE?authuser=0&hl=en&g_ep=EgoyMDI2MDkwOS4wIJJjKgBIAVAD&rclk=1,4.1,2.7K,"3rd floor, top to Miniso, Vivek Hight’s, House-01 Road-18 , Uttara, Dhaka",23.867503,90.394116
Fiori Coffee and Bakery,Cafe,Uttara,https://www.google.com/maps/place/Fiori+Coffee+and+Bakery/data=!4m7!3m6!1s0x3755c510c77911d1:0x16266893a14bbfa8!8m2!3d23.8661271!4d90.3922128!16s%2Fg%2F11w1d_yl_t!19sChIJ0RF5xxDFVTcRqL9LoZNoJhY?authuser=0&hl=en&g_ep=EgoyMDI2MDkwOS4wIJJjKgBIAVAD&rclk=1,4.1,139,"House 11 Road-2 , Uttara, Dhaka",23.866127,90.392213
Hobnob Coffee,Cafe,Uttara,https://www.google.com/maps/place/Hobnob+Coffee/data=!4m7!3m6!1s0x3755c41a705e4531:0xaf8f0e8d6b958dea!8m2!3d23.8691584!4d90.3872034!16s%2Fg%2F11c20c1khb!19sChIJMUVecBrEVTcR6o2Va40Oj68?authuser=0&hl=en&g_ep=EgoyMDI2MDkwOS4wIJJjKgBIAVAD&rclk=1,4.3,2.5K,"Uttara, Dhaka",23.869158,90.387203
Al WAWAH,Cafe,Uttara,https://www.google.com/maps/place/Al+WAWAH/data=!4m7!3m6!1s0x3755c50016db8c1b:0x8d9321da6c1f377d!8m2!3d23.8743295!4d90.3816509!16s%2Fg%2F11ys4m63qt!19sChIJG4zbFgDFVTcRfTcfbNohk40?authuser=0&hl=en&g_ep=EgoyMDI2MDkwOS4wIJJjKgBIAVAD&rclk=1,5,17,"6th Floor) Plot, 24 & 26Canyon Tower, Sonargaon Janapath Rd , Uttara, Dhaka",23.87433,90.381651
1st Cup Coffee Business Brunch,Cafe,Uttara,https://www.google.com/maps/place/1st+Cup+Coffee+Business+Brunch/data=!4m7!3m6!1s0x3755c5aab411eb37:0x7ac352ebc9edff17!8m2!3d23.8612621!4d90.3995174!16s%2Fg%2F11p5l7v07c!19sChIJN-sRtKrFVTcRF__tyetSw3o?authuser=0&hl=en&g_ep=EgoyMDI2MDkwOS4wIJJjKgBIAVAD&rclk=1,4.2,119,"Uttara, Dhaka",23.861262,90.399517
Arabika Coffee Uttara,Cafe,Uttara,https://www.google.com/maps/place/Arabika+Coffee+Uttara/data=!4m7!3m6!1s0x3755c500414067f3:0x3a27c73fae20271b!8m2!3d23.8652115!4d90.3940715!16s%2Fg%2F11xgt3nrtn!19sChIJ82dAQQDFVTcRGycgrj_HJzo?authuser=0&hl=en&g_ep=EgoyMDI2MDkwOS4wIJJjKgBIAVAD&rclk=1,4.3,163,"House, 14 Road-7/A , Uttara, Dhaka",23.865212,90.394071
Crown Coffee-Uttara,Cafe,Uttara,https://www.google.com/maps/place/Crown+Coffee-Uttara/data=!4m7!3m6!1s0x3755c500765dcd2d:0x213d6d981f311869!8m2!3d23.8699992!4d90.3841976!16s%2Fg%2F11xrzlfb24!19sChIJLc1ddgDFVTcRaRgxH5htPSE?authuser=0&hl=en&g_ep=EgoyMDI2MDkwOS4wIJJjKgBIAVAD&rclk=1,4.7,77,"Uttara, Dhaka",23.869999,90.384198
"Coffee World - RAK Tower, Uttara",Cafe,Uttara,"https://www.google.com/maps/place/Coffee+World+-+RAK+Tower,+Uttara/data=!4m7!3m6!1s0x3755c426d7bf70e5:0xdab6489daa5eb43!8m2!3d23.8609462!4d90.3992425!16s%2Fg%2F1tk1lbvm!19sChIJ5XC_1ybEVTcRQ-ul2olkqw0?authuser=0&hl=en&g_ep=EgoyMDI2MDkwOS4wIJJjKgBIAVAD&rclk=1",4.1,1.7K,"Ground Floor, Rak Tower, Jashimuddin Ave Trendy contemporary coffee shop chain , Uttara, Dhaka",23.860946,90.399242
Jalapeno Café Lebanese,Cafe,Uttara,https://www.google.com/maps/place/Jalapeno+Caf%C3%A9+Lebanese/data=!4m7!3m6!1s0x3755c5704fa5a5c3:0x6022b5606c333d13!8m2!3d23.86752!4d90.3950422!16s%2Fg%2F11r7xfmc34!19sChIJw6WlT3DFVTcREz0zbGC1ImA?authuser=0&hl=en&g_ep=EgoyMDI2MDkwOS4wIJJjKgBIAVAD&rclk=1,4.3,559,"46 Rabindra Sarani , Uttara, Dhaka",23.86752,90.395042
Gloria Jean's Coffees Uttara,Cafe,Uttara,https://www.google.com/maps/place/Gloria+Jean%27s+Coffees+Uttara/data=!4m7!3m6!1s0x3755c5005ef642bb:0xfa531de7c28eb129!8m2!3d23.8709199!4d90.3910128!16s%2Fg%2F11lnlw9tqp!19sChIJu0L2XgDFVTcRKbGOwucdU_o?authuser=0&hl=en&g_ep=EgoyMDI2MDkwOS4wIJJjKgBIAVAD&rclk=1,4.5,456,"Plot-16 & 18, Navana Centroid, Garib-E-Newaz Ave , Uttara, Dhaka",23.87092,90.391013
Woodrose - the book cafe,Cafe,Uttara,https://www.google.com/maps/place/Woodrose+-+the+book+cafe/data=!4m7!3m6!1s0x3755c524f4077d2d:0xde48f70c2c57cb74!8m2!3d23.8743347!4d90.397524!16s%2Fg%2F11pz7_ts94!19sChIJLX0H9CTFVTcRdMtXLAz3SN4?authuser=0&hl=en&g_ep=EgoyMDI2MDkwOS4wIJJjKgBIAVAD&rclk=1,4.4,141,"House - 21 (2nd Floor, Road Sonargaon Janapath Rd , Uttara, Dhaka",23.874335,90.397524
Canvas 0.1 uttara,Cafe,Uttara,https://www.google.com/maps/place/Canvas+0.1+uttara/data=!4m7!3m6!1s0x3755c50043d3f79d:0xa99b842ee6bfd9!8m2!3d23.8626038!4d90.3989756!16s%2Fg%2F11w_rxnj78!19sChIJnffTQwDFVTcR2b_mLoSbqQA?authuser=0&hl=en&g_ep=EgoyMDI2MDkwOS4wIJJjKgBIAVAD&rclk=1,4.9,12,"Shop-12, House, 16 Road-2, Uttara, Dhaka",23.862604,90.398976
Cream & Coffee (C&C),Cafe,Uttara,https://www.google.com/maps/place/Cream+%26+Coffee+%28C%26C%29/data=!4m7!3m6!1s0x3755c50047111ced:0x504a415805979a15!8m2!3d23.8755025!4d90.3984742!16s%2Fg%2F11xff_1d94!19sChIJ7RwRRwDFVTcRFZqXBVhBSlA?authuser=0&hl=en&g_ep=EgoyMDI2MDkwOS4wIJJjKgBIAVAD&rclk=1,4.8,11,"House 24, Road-2 , Uttara, Dhaka",23.875502,90.398474
BeanBuzz Coffee & Bistro,Cafe,Uttara,https://www.google.com/maps/place/BeanBuzz+Coffee+%26+Bistro/data=!4m7!3m6!1s0x3755c5004a48ae65:0x3d6332bdbd756e4d!8m2!3d23.8672707!4d90.3949244!16s%2Fg%2F11wxv37ymy!19sChIJZa5ISgDFVTcRTW51vb0yYz0?authuser=0&hl=en&g_ep=EgoyMDI2MDkwOS4wIJJjKgBIAVAD&rclk=1,4.2,102,"House-45(1st Floor, Road-15 Rabindra Sarani , Uttara, Dhaka",23.867271,90.394924
O-Ten Coffee,Cafe,Uttara,https://www.google.com/maps/place/O-Ten+Coffee/data=!4m7!3m6!1s0x3755c7825b1050f9:0xb024561c3610d82c!8m2!3d23.8521861!4d90.4061225!16s%2Fg%2F11yxq9_04y!19sChIJ-VAQW4LHVTcRLNgQNhxWJLA?authuser=0&hl=en&g_ep=EgoyMDI2MDkwOS4wIJJjKgBIAVAD&rclk=1,5,1,"Uttara, Dhaka",23.852186,90.406122
Cafe Darbar Uttara,Cafe,Uttara,https://www.google.com/maps/place/Cafe+Darbar+Uttara/data=!4m7!3m6!1s0x3755c59b86d093a5:0xbe7baf8e488dc563!8m2!3d23.8706254!4d90.3841413!16s%2Fg%2F11f5q6955m!19sChIJpZPQhpvFVTcRY8WNSI6ve74?authuser=0&hl=en&g_ep=EgoyMDI2MDkwOS4wIJJjKgBIAVAD&rclk=1,4,2.9K,"Uttara, Dhaka",23.870625,90.384141
Cafe De 19,Cafe,Uttara,https://www.google.com/maps/place/Cafe+De+19/data=!4m7!3m6!1s0x3755c5c3ed951b6d:0x33f880a6e9ad0a57!8m2!3d23.8656041!4d90.4062979!16s%2Fg%2F11m_m4gnbc!19sChIJbRuV7cPFVTcRVwqt6aaA-DM?authuser=0&hl=en&g_ep=EgoyMDI2MDkwOS4wIJJjKgBIAVAD&rclk=1,4.7,6,"Near Rail Line, Opposite Sector 04(road#18), Uttara, Dhaka , Uttara, Dhaka",23.865604,90.406298
Secret Recipe Uttara Sector13 Standard Outlet,Cafe,Uttara,https://www.google.com/maps/place/Secret+Recipe+Uttara+Sector13+Standard+Outlet/data=!4m7!3m6!1s0x3755c562ddd1c8d3:0x10789a58605c0de7!8m2!3d23.8696249!4d90.3898637!16s%2Fg%2F11p5rqzwq2!19sChIJ08jR3WLFVTcR5w1cYFiaeBA?authuser=0&hl=en&g_ep=EgoyMDI2MDkwOS4wIJJjKgBIAVAD&rclk=1,4.2,358,"Uttara, Dhaka",23.869625,90.389864
Grassroot Cafe Uttara,Cafe,Uttara,https://www.google.com/maps/place/Grassroot+Cafe+Uttara/data=!4m7!3m6!1s0x3755c5e66bae4c63:0x90d56fd3b7c3ceea!8m2!3d23.8617189!4d90.399564!16s%2Fg%2F11rp_wjpl9!19sChIJY0yua-bFVTcR6s7Dt9Nv1ZA?authuser=0&hl=en&g_ep=EgoyMDI2MDkwOS4wIJJjKgBIAVAD&rclk=1,4.1,276,"V96X+MRP, Service Rd , Uttara, Dhaka",23.861719,90.399564
Mövenpick & Café Suisse,Cafe,Uttara,https://www.google.com/maps/place/M%C3%B6venpick+%26+Caf%C3%A9+Suisse/data=!4m7!3m6!1s0x3755c5c089adfb87:0xe84e3616176e3b80!8m2!3d23.868179!4d90.3939775!16s%2Fg%2F11nmj175m2!19sChIJh_uticDFVTcRgDtuFxY2Tug?authuser=0&hl=en&g_ep=EgoyMDI2MDkwOS4wIJJjKgBIAVAD&rclk=1,4.1,121,"House# 14 Lake Drive Rd , Uttara, Dhaka",23.868179,90.393978
Monsoon Iced Tea & Coffee,Cafe,Uttara,https://www.google.com/maps/place/Monsoon+Iced+Tea+%26+Coffee/data=!4m7!3m6!1s0x3755c5161ba6f99f:0xf3f5877a0beb0eb9!8m2!3d23.8635349!4d90.3952547!16s%2Fg%2F11wj9f8k_3!19sChIJn_mmGxbFVTcRuQ7rC3qH9fM?authuser=0&hl=en&g_ep=EgoyMDI2MDkwOS4wIJJjKgBIAVAD&rclk=1,4.8,5,"House: 2 Rd : 14 , Uttara, Dhaka",23.863535,90.395255
The Cafe Rio Ltd. (Uttara Branch),Cafe,Uttara,https://www.google.com/maps/place/The+Cafe+Rio+Ltd.+%28Uttara+Branch%29/data=!4m7!3m6!1s0x3755c5e9036123db:0x5b9296b8f5584790!8m2!3d23.8616836!4d90.3989229!16s%2Fg%2F11f7nlvkt7!19sChIJ2yNhA-nFVTcRkEdY9biWkls?authuser=0&hl=en&g_ep=EgoyMDI2MDkwOS4wIJJjKgBIAVAD&rclk=1,3.9,4.4K,"5th Floor, House # 6 Road # 2, Jashimuddin Ave Buffet-style dining in a relaxed setting , Uttara, Dhaka",23.861684,90.398923
Tasty Treat Cafe - Shahajalal Avenue,Cafe,Uttara,https://www.google.com/maps/place/Tasty+Treat+Cafe+-+Shahajalal+Avenue/data=!4m7!3m6!1s0x3755c5001d5b009d:0xb04fc75b4c17123e!8m2!3d23.8682169!4d90.4029134!16s%2Fg%2F11y7n9zt8r!19sChIJnQBbHQDFVTcRPhIXTFvHT7A?authuser=0&hl=en&g_ep=EgoyMDI2MDkwOS4wIJJjKgBIAVAD&rclk=1,4.3,127,"Uttara, Dhaka",23.868217,90.402913
Honest Bistro & Dine,Cafe,Uttara,https://www.google.com/maps/place/Honest+Bistro+%26+Dine/data=!4m7!3m6!1s0x3755c50057f6b2a9:0x87facda204067496!8m2!3d23.8623729!4d90.3938835!16s%2Fg%2F11ygr48jjb!19sChIJqbL2VwDFVTcRlnQGBKLN-oc?authuser=0&hl=en&g_ep=EgoyMDI2MDkwOS4wIJJjKgBIAVAD&rclk=1,4.6,47,"House - 11 Road No. 18 , Uttara, Dhaka",23.862373,90.393884
Cafe Angel Drop,Cafe,Uttara,https://www.google.com/maps/place/Cafe+Angel+Drop/data=!4m7!3m6!1s0x3755c3006e9f687b:0x56a72d4bb18b426d!8m2!3d23.8689371!4d90.3671022!16s%2Fg%2F11y94n76hc!19sChIJe2ifbgDDVTcRbUKLsUstp1Y?authuser=0&hl=en&g_ep=EgoyMDI2MDkwOS4wIJJjKgBIAVAD&rclk=1,4.4,87,"Uttara, Dhaka",23.868937,90.367102
The snow cafe,Cafe,Uttara,https://www.google.com/maps/place/The+snow+cafe/data=!4m7!3m6!1s0x3755c5f0ac95b13b:0x7f21effee5ec5100!8m2!3d23.8716435!4d90.3797835!16s%2Fg%2F11rx2y4y4s!19sChIJO7GVrPDFVTcRAFHs5f7vIX8?authuser=0&hl=en&g_ep=EgoyMDI2MDkwOS4wIJJjKgBIAVAD&rclk=1,4.2,53,"28 Road No. 6C , Uttara, Dhaka",23.871644,90.379784
South Pole Coffee,Cafe,Uttara,https://www.google.com/maps/place/South+Pole+Coffee/data=!4m7!3m6!1s0x3755c5a6b93de69f:0x582cac6d915ed68d!8m2!3d23.8744987!4d90.3905494!16s%2Fg%2F11wng27vnx!19sChIJn-Y9uabFVTcRjdZekW2sLFg?authuser=0&hl=en&g_ep=EgoyMDI2MDkwOS4wIJJjKgBIAVAD&rclk=1,4.4,65,"30, 4A, (Level, 4 Sonargaon Janapath Rd , Uttara, Dhaka",23.874499,90.390549
Le d'Or Uttara,Cafe,Uttara,https://www.google.com/maps/place/Le+d%27Or+Uttara/data=!4m7!3m6!1s0x3755c50041ab3749:0xa9bec66206285c09!8m2!3d23.8672018!4d90.3939821!16s%2Fg%2F11yqx9rr00!19sChIJSTerQQDFVTcRCVwoBmLGvqk?authuser=0&hl=en&g_ep=EgoyMDI2MDkwOS4wIJJjKgBIAVAD&rclk=1,4,91,"House 53, Rangs KM Square, Road 15 Rabindra Sarani , Uttara, Dhaka",23.867202,90.393982
Arabella Lounge Cafe & Restaurant,Cafe,Uttara,https://www.google.com/maps/place/Arabella+Lounge+Cafe+%26+Restaurant/data=!4m7!3m6!1s0x3755c500160736fd:0x64b647955c3a1c83!8m2!3d23.8676055!4d90.3950281!16s%2Fg%2F11z5rsc5p3!19sChIJ_TYHFgDFVTcRgxw6XJVHtmQ?authuser=0&hl=en&g_ep=EgoyMDI2MDkwOS4wIJJjKgBIAVAD&rclk=1,4.4,9,"46 Rabindra Sarani , Uttara, Dhaka",23.867605,90.395028
Rustic Eatery Uttara,Cafe,Uttara,https://www.google.com/maps/place/Rustic+Eatery+Uttara/data=!4m7!3m6!1s0x3755c510a0787f77:0xfd1e8ef6918821a7!8m2!3d23.8732981!4d90.3906849!16s%2Fg%2F11s8tx9q9z!19sChIJd394oBDFVTcRpyGIkfaOHv0?authuser=0&hl=en&g_ep=EgoyMDI2MDkwOS4wIJJjKgBIAVAD&rclk=1,4.1,1.2K,"2nd floor, House, 1 Road No. 13 , Uttara, Dhaka",23.873298,90.390685
"Broast Cafe, Dhaka",Cafe,Uttara,"https://www.google.com/maps/place/Broast+Cafe,+Dhaka/data=!4m7!3m6!1s0x3755c5d8cbfda763:0x48a6682d655601db!8m2!3d23.8714101!4d90.3906839!16s%2Fg%2F11g2pdk35f!19sChIJY6f9y9jFVTcR2wFWZS1opkg?authuser=0&hl=en&g_ep=EgoyMDI2MDkwOS4wIJJjKgBIAVAD&rclk=1",4.2,468,"Super House, 25 Garib-E-Newaz Ave , Uttara, Dhaka",23.87141,90.390684
Britto Cafe,Cafe,Uttara,https://www.google.com/maps/place/Britto+Cafe/data=!4m7!3m6!1s0x3755c54f0999b103:0xaf5c10aa42af358c!8m2!3d23.8715104!4d90.3979118!16s%2Fg%2F11mrbvn9cd!19sChIJA7GZCU_FVTcRjDWvQqoQXK8?authuser=0&hl=en&g_ep=EgoyMDI2MDkwOS4wIJJjKgBIAVAD&rclk=1,4.4,12,"House-20, Road-28 , Uttara, Dhaka",23.87151,90.397912
Sangam Square Cafe & Restaurant,Cafe,Uttara,https://www.google.com/maps/place/Sangam+Square+Cafe+%26+Restaurant/data=!4m7!3m6!1s0x3755c57405249b1b:0xb70c43fc2677d4c4!8m2!3d23.8675028!4d90.3941162!16s%2Fg%2F11wb07syl2!19sChIJG5skBXTFVTcRxNR3JvxDDLc?authuser=0&hl=en&g_ep=EgoyMDI2MDkwOS4wIJJjKgBIAVAD&rclk=1,4.2,113,"Fl 13, House, 1 Road-18 , Uttara, Dhaka",23.867503,90.394116
Rk Cafe and restaurant,Cafe,Uttara,https://www.google.com/maps/place/Rk+Cafe+and+restaurant/data=!4m7!3m6!1s0x3755c51bebc0f7a3:0x5318d587dba89fdc!8m2!3d23.8728642!4d90.3959984!16s%2Fg%2F11tf6h28wb!19sChIJo_fA6xvFVTcR3J-o24fVGFM?authuser=0&hl=en&g_ep=EgoyMDI2MDkwOS4wIJJjKgBIAVAD&rclk=1,5,4,"Uttara, Dhaka",23.872864,90.395998
Jol Torongo Cafe,Cafe,Uttara,https://www.google.com/maps/place/Jol+Torongo+Cafe/data=!4m7!3m6!1s0x3755c52c1c9b4eb5:0xd6571b93e786c1a4!8m2!3d23.8780315!4d90.3934435!16s%2Fg%2F11h64vlrd0!19sChIJtU6bHCzFVTcRpMGG55MbV9Y?authuser=0&hl=en&g_ep=EgoyMDI2MDkwOS4wIJJjKgBIAVAD&rclk=1,4.3,71,"Road No. 9 , Uttara, Dhaka",23.878031,90.393444
One Pin Coffee Restaurant,Cafe,Uttara,https://www.google.com/maps/place/One+Pin+Coffee+Restaurant/data=!4m7!3m6!1s0x3755c54d1671923d:0x7aee89b0d44507a7!8m2!3d23.8741023!4d90.3904344!16s%2Fg%2F11qnt918gf!19sChIJPZJxFk3FVTcRpwdF1LCJ7no?authuser=0&hl=en&g_ep=EgoyMDI2MDkwOS4wIJJjKgBIAVAD&rclk=1,4.2,275,"Grand Zamzam Tower, Sonargaon Janapath Rd , Uttara, Dhaka",23.874102,90.390434
Brëwhaus Coffee Roasters,Cafe,Uttara,https://www.google.com/maps/place/Br%C3%ABwhaus+Coffee+Roasters/data=!4m7!3m6!1s0x3755c54415b2b285:0xf2c1d2fc7588442d!8m2!3d23.8673615!4d90.396314!16s%2Fg%2F11njtn5vw2!19sChIJhbKyFUTFVTcRLUSIdfzSwfI?authuser=0&hl=en&g_ep=EgoyMDI2MDkwOS4wIJJjKgBIAVAD&rclk=1,4.9,30,"Lift 5, House-33, Sector-03, Road, 15 Rabindra Sarani , Uttara, Dhaka",23.867362,90.396314
Espresso Factory Cafe,Cafe,Uttara,https://www.google.com/maps/place/Espresso+Factory+Cafe/data=!4m7!3m6!1s0x3755c1d4ef2c96d9:0xb12fca981283e3a2!8m2!3d23.8544723!4d90.3565056!16s%2Fg%2F11yn6g2dq3!19sChIJ2ZYs79TBVTcRouODEpjKL7E?authuser=0&hl=en&g_ep=EgoyMDI2MDkwOS4wIJJjKgBIAVAD&rclk=1,4.7,11,"1st Floor, RUAP, Commercial Complex , Uttara, Dhaka",23.854472,90.356506
Black Bean Coffees,Cafe,Uttara,https://www.google.com/maps/place/Black+Bean+Coffees/data=!4m7!3m6!1s0x3755c50029dd0a35:0x13b8736d072927fa!8m2!3d23.8706186!4d90.3905633!16s%2Fg%2F11yqy24mmn!19sChIJNQrdKQDFVTcR-icpB21zuBM?authuser=0&hl=en&g_ep=EgoyMDI2MDkwOS4wIJJjKgBIAVAD&rclk=1,4.3,31,"Uttara, Dhaka",23.870619,90.390563
Brew Buddies,Cafe,Uttara,https://www.google.com/maps/place/Brew+Buddies/data=!4m7!3m6!1s0x3755c51deff9d27f:0x79afd0632febf261!8m2!3d23.8672614!4d90.3949183!16s%2Fg%2F11z8bqr9mk!19sChIJf9L57x3FVTcRYfLrL2PQr3k?authuser=0&hl=en&g_ep=EgoyMDI2MDkwOS4wIJJjKgBIAVAD&rclk=1,4.2,93,"House-45(2nd Floor, Road-15 Rabindra Sarani , Uttara, Dhaka",23.867261,90.394918
RED BEANS,Cafe,Uttara,https://www.google.com/maps/place/RED+BEANS/data=!4m7!3m6!1s0x3755c57119e4ecfd:0xf4e1e4c500934cb6!8m2!3d23.8719976!4d90.3837517!16s%2Fg%2F11qpl8l_k7!19sChIJ_ezkGXHFVTcRtkyTAMXk4fQ?authuser=0&hl=en&g_ep=EgoyMDI2MDkwOS4wIJJjKgBIAVAD&rclk=1,4.1,847,"Uttara, Dhaka",23.871998,90.383752
Iceland Coffee,Cafe,Uttara,https://www.google.com/maps/place/Iceland+Coffee/data=!4m7!3m6!1s0x3755c5001c0014a1:0xffdcc8f627de1dd0!8m2!3d23.8695384!4d90.3857818!16s%2Fg%2F11wqq66qq9!19sChIJoRQAHADFVTcR0B3eJ_bI3P8?authuser=0&hl=en&g_ep=EgoyMDI2MDkwOS4wIJJjKgBIAVAD&rclk=1,4.2,255,"Uttara, Dhaka",23.869538,90.385782
"Gloria Jean's Coffees Uttara, Jashimuddin",Cafe,Uttara,"https://www.google.com/maps/place/Gloria+Jean%27s+Coffees+Uttara,+Jashimuddin/data=!4m7!3m6!1s0x3755c5640f266d7d:0x71b563443dbd52d7!8m2!3d23.8614382!4d90.3993196!16s%2Fg%2F11myf61jhj!19sChIJfW0mD2TFVTcR11K9PURjtXE?authuser=0&hl=en&g_ep=EgoyMDI2MDkwOS4wIJJjKgBIAVAD&rclk=1",4.6,24,"1st Floor, Sector-03, GQ SHEFALI TOWER House # 5/A, Road #02 , Uttara, Dhaka",23.861438,90.39932
Tabaq Coffee | Centrepoint,Cafe,Uttara,https://www.google.com/maps/place/Tabaq+Coffee+%7C+Centrepoint/data=!4m7!3m6!1s0x3755c779af95b145:0xdee41b1d84b4d168!8m2!3d23.8527948!4d90.405446!16s%2Fg%2F11mzt5wrkq!19sChIJRbGVr3nHVTcRaNG0hB0b5N4?authuser=0&hl=en&g_ep=EgoyMDI2MDkwOS4wIJJjKgBIAVAD&rclk=1,4.8,42,"Chef's Table Centrepoint, Dhaka - Mymensingh Rd , Uttara, Dhaka",23.852795,90.405446
Maple Cafe,Cafe,Uttara,https://www.google.com/maps/place/Maple+Cafe/data=!4m7!3m6!1s0x3755c7c952379983:0x346db411c2368022!8m2!3d23.8552426!4d90.404097!16s%2Fg%2F11k7xpr6z_!19sChIJg5k3UsnHVTcRIoA2whG0bTQ?authuser=0&hl=en&g_ep=EgoyMDI2MDkwOS4wIJJjKgBIAVAD&rclk=1,4.5,64,"Maple Leaf Hotel, Plot 1B, Rd No 1 , Uttara, Dhaka",23.855243,90.404097
Coffee Square,Cafe,Uttara,https://www.google.com/maps/place/Coffee+Square/data=!4m7!3m6!1s0x3755c599556e3c85:0x4228f1c49475486c!8m2!3d23.8741549!4d90.3886467!16s%2Fg%2F11z6fylwzm!19sChIJhTxuVZnFVTcRbEh1lMTxKEI?authuser=0&hl=en&g_ep=EgoyMDI2MDkwOS4wIJJjKgBIAVAD&rclk=1,5,4,"Plot No : 39 & 41, Uttara Square, Sonargaon Janapath Rd, Uttara, Dhaka",23.874155,90.388647
Le Delicia Uttara,Cafe,Uttara,https://www.google.com/maps/place/Le+Delicia+Uttara/data=!4m7!3m6!1s0x3755c53062694657:0xc7c3de1ceb057d04!8m2!3d23.8745133!4d90.3935344!16s%2Fg%2F11thkdd7mm!19sChIJV0ZpYjDFVTcRBH0F6xzew8c?authuser=0&hl=en&g_ep=EgoyMDI2MDkwOS4wIJJjKgBIAVAD&rclk=1,4.3,240,"House 2A, Road 2B Sonargaon Janapath Rd , Uttara, Dhaka",23.874513,90.393534
Grain Pastry & Bakery Sector 11,Cafe,Uttara,https://www.google.com/maps/place/Grain+Pastry+%26+Bakery+Sector+11/data=!4m7!3m6!1s0x3755c540f5280f7f:0x59351756a54a2339!8m2!3d23.8767396!4d90.3901068!16s%2Fg%2F11tfklgj4g!19sChIJfw8o9UDFVTcROSNKpVYXNVk?authuser=0&hl=en&g_ep=EgoyMDI2MDkwOS4wIJJjKgBIAVAD&rclk=1,4.4,48,"House 1 Rd -15 , Uttara, Dhaka",23.87674,90.390107
Ajwah Bake & Pastry,Cafe,Uttara,https://www.google.com/maps/place/Ajwah+Bake+%26+Pastry/data=!4m7!3m6!1s0x3755c5007c3296b9:0xfa6cb49449715bf8!8m2!3d23.8679848!4d90.3979761!16s%2Fg%2F11myqnnydj!19sChIJuZYyfADFVTcR-FtxSZS0bPo?authuser=0&hl=en&g_ep=EgoyMDI2MDkwOS4wIJJjKgBIAVAD&rclk=1,5,2,"12 Rabindra Sarani , Uttara, Dhaka",23.867985,90.397976
Bread & Beyond - Uttara,Cafe,Uttara,https://www.google.com/maps/place/Bread+%26+Beyond+-+Uttara/data=!4m7!3m6!1s0x3755c421ae3105a7:0x2dc98eba81247612!8m2!3d23.861151!4d90.3975651!16s%2Fg%2F11cn9spmbf!19sChIJpwUxriHEVTcREnYkgbqOyS0?authuser=0&hl=en&g_ep=EgoyMDI2MDkwOS4wIJJjKgBIAVAD&rclk=1,4.2,735,"Jashimuddin Avenue, House #14 Road-1 , Uttara, Dhaka",23.861151,90.397565
Grain Pastry & Bakery,Cafe,Uttara,https://www.google.com/maps/place/Grain+Pastry+%26+Bakery/data=!4m7!3m6!1s0x3755c54c9550cc93:0x845f4a05f8e7e583!8m2!3d23.8760752!4d90.3873432!16s%2Fg%2F11tjpnyw1w!19sChIJk8xQlUzFVTcRg-Xn-AVKX4Q?authuser=0&hl=en&g_ep=EgoyMDI2MDkwOS4wIJJjKgBIAVAD&rclk=1,4.4,32,"House - 50 Road No. 17 , Uttara, Dhaka",23.876075,90.387343
Mr.Baker Cake And Pastry Shop Ltd,Cafe,Uttara,https://www.google.com/maps/place/Mr.Baker+Cake+And+Pastry+Shop+Ltd/data=!4m7!3m6!1s0x3755c423132b0465:0x667c3e2278c583d9!8m2!3d23.8677914!4d90.3970705!16s%2Fg%2F11bbwpm67s!19sChIJZQQrEyPEVTcR2YPFeCI-fGY?authuser=0&hl=en&g_ep=EgoyMDI2MDkwOS4wIJJjKgBIAVAD&rclk=1,4.2,185,"house-20 Rabindra Sarani , Uttara, Dhaka",23.867791,90.39707
Puro Pastry & Bakery,Cafe,Uttara,https://www.google.com/maps/place/Puro+Pastry+%26+Bakery/data=!4m7!3m6!1s0x3755c5430fcc3779:0xa97a634846df944b!8m2!3d23.8712977!4d90.3952911!16s%2Fg%2F11pv8x0wdy!19sChIJeTfMD0PFVTcRS5TfRkhjeqk?authuser=0&hl=en&g_ep=EgoyMDI2MDkwOS4wIJJjKgBIAVAD&rclk=1,4.3,49,"House26, Road No. 20 , Uttara, Dhaka",23.871298,90.395291
Cake Storys Uttara 13,Cafe,Uttara,https://www.google.com/maps/place/Cake+Storys+Uttara+13/data=!4m7!3m6!1s0x3755c54aed961699:0x9d9a5e2a9f69ae02!8m2!3d23.8709738!4d90.3841253!16s%2Fg%2F11t2svtg4s!19sChIJmRaW7UrFVTcRAq5pnypemp0?authuser=0&hl=en&g_ep=EgoyMDI2MDkwOS4wIJJjKgBIAVAD&rclk=1,4.2,69,"Uttara, Dhaka",23.870974,90.384125
Puro Pastry & Bakery-Uttara 13,Cafe,Uttara,https://www.google.com/maps/place/Puro+Pastry+%26+Bakery-Uttara+13/data=!4m7!3m6!1s0x3755c54fa1ce854d:0x8c1bb2e3a91b02e!8m2!3d23.871721!4d90.390698!16s%2Fg%2F11k55bjh8_!19sChIJTYXOoU_FVTcRLrCROi67wQg?authuser=0&hl=en&g_ep=EgoyMDI2MDkwOS4wIJJjKgBIAVAD&rclk=1,4,41,"Uttara, Dhaka",23.871721,90.390698
Mr. Baker,Cafe,Uttara,https://www.google.com/maps/place/Mr.+Baker/data=!4m7!3m6!1s0x3755c426d06f778d:0x1beabab441f95c65!8m2!3d23.8615416!4d90.3989254!16s%2Fg%2F11f25w8yw7!19sChIJjXdv0CbEVTcRZVz5QbS66hs?authuser=0&hl=en&g_ep=EgoyMDI2MDkwOS4wIJJjKgBIAVAD&rclk=1,4.2,131,"Uttara, Dhaka",23.861542,90.398925
Kavazo,Cafe,Uttara,https://www.google.com/maps/place/Kavazo/data=!4m7!3m6!1s0x3755c5c1fdd6bd2f:0x2f9cb5db82c1504e!8m2!3d23.8647122!4d90.3940682!16s%2Fg%2F11w1gnhl9v!19sChIJL73W_cHFVTcRTlDBgtu1nC8?authuser=0&hl=en&g_ep=EgoyMDI2MDkwOS4wIJJjKgBIAVAD&rclk=1,4.6,65,"House-44 Road-7 , Uttara, Dhaka",23.864712,90.394068
Ajwah Bake & Pastry,Cafe,Uttara,https://www.google.com/maps/place/Ajwah+Bake+%26+Pastry/data=!4m7!3m6!1s0x3755c4235d3a7505:0x785cef049119e258!8m2!3d23.8644306!4d90.3912614!16s%2Fg%2F11c1vggngm!19sChIJBXU6XSPEVTcRWOIZkQTvXHg?authuser=0&hl=en&g_ep=EgoyMDI2MDkwOS4wIJJjKgBIAVAD&rclk=1,4.1,317,"House 17, Road-1 , Uttara, Dhaka",23.864431,90.391261
Ajwah Bake & Pastry,Cafe,Uttara,https://www.google.com/maps/place/Ajwah+Bake+%26+Pastry/data=!4m7!3m6!1s0x3755c42418d41601:0x3f9ca64e1d272476!8m2!3d23.8643746!4d90.399609!16s%2Fg%2F11cs47nq60!19sChIJARbUGCTEVTcRdiQnHU6mnD8?authuser=0&hl=en&g_ep=EgoyMDI2MDkwOS4wIJJjKgBIAVAD&rclk=1,4.1,627,"Uttara, Dhaka",23.864375,90.399609
Cooper's House Building,Cafe,Uttara,https://www.google.com/maps/place/Cooper%27s+House+Building/data=!4m7!3m6!1s0x3755c43bc0b9e2ad:0xc68880daf9cf7492!8m2!3d23.8743469!4d90.3997879!16s%2Fg%2F1hhw34d03!19sChIJreK5wDvEVTcRknTP-dqAiMY?authuser=0&hl=en&g_ep=EgoyMDI2MDkwOS4wIJJjKgBIAVAD&rclk=1,4.3,1.7K,"Sonargaon Janapath Rd , Uttara, Dhaka",23.874347,90.399788
Ajwah Bake & Pastry,Cafe,Uttara,https://www.google.com/maps/place/Ajwah+Bake+%26+Pastry/data=!4m7!3m6!1s0x3755c5f325461cdf:0x4be0ebdbba24bc1e!8m2!3d23.8749484!4d90.3911739!16s%2Fg%2F11z2_qmd5x!19sChIJ3xxGJfPFVTcRHrwkutvr4Es?authuser=0&hl=en&g_ep=EgoyMDI2MDkwOS4wIJJjKgBIAVAD&rclk=1,5,1,"House 01 Rd 01 , Uttara, Dhaka",23.874948,90.391174
Tasty Treat- Uttara 06,Cafe,Uttara,https://www.google.com/maps/place/Tasty+Treat-+Uttara+06/data=!4m7!3m6!1s0x3755c5f8cb6e0d59:0xceb7e1e48de5eddc!8m2!3d23.8688439!4d90.4016397!16s%2Fg%2F11fd4rqyyw!19sChIJWQ1uy_jFVTcR3O3ljeTht84?authuser=0&hl=en&g_ep=EgoyMDI2MDkwOS4wIJJjKgBIAVAD&rclk=1,3.9,517,"13 Rajuk College Rd , Uttara, Dhaka",23.868844,90.40164
King's Confectionery Uttara Sect. 11,Cafe,Uttara,https://www.google.com/maps/place/King%27s+Confectionery+Uttara+Sect.+11/data=!4m7!3m6!1s0x3755c4144744b2ed:0x98c9fdd22d9ff4cb!8m2!3d23.8677908!4d90.3964573!16s%2Fg%2F11clsxqcf6!19sChIJ7bJERxTEVTcRy_SfLdL9yZg?authuser=0&hl=en&g_ep=EgoyMDI2MDkwOS4wIJJjKgBIAVAD&rclk=1,4.1,211,"Avenue, House No 33, road 15, Garib-E-Newaz Ave , Uttara, Dhaka",23.867791,90.396457
Amber Bake & Pastry,Cafe,Uttara,https://www.google.com/maps/place/Amber+Bake+%26+Pastry/data=!4m7!3m6!1s0x3755c51aaf9c9ae1:0x1067be9bf2c788ca!8m2!3d23.8728415!4d90.3905754!16s%2Fg%2F11l7y4d1n3!19sChIJ4ZqcrxrFVTcRyojH8pu-ZxA?authuser=0&hl=en&g_ep=EgoyMDI2MDkwOS4wIJJjKgBIAVAD&rclk=1,4.1,44,"Uttara, Dhaka",23.872841,90.390575
Sumi's Hot Cake,Cafe,Uttara,https://www.google.com/maps/place/Sumi%27s+Hot+Cake/data=!4m7!3m6!1s0x3755c5a59236b199:0xd810db1c22e94599!8m2!3d23.8743697!4d90.3975319!16s%2Fg%2F11h5vvcd8p!19sChIJmbE2kqXFVTcRmUXpIhzbENg?authuser=0&hl=en&g_ep=EgoyMDI2MDkwOS4wIJJjKgBIAVAD&rclk=1,4.3,136,"V9FX+P2V, Rd -16 , Uttara, Dhaka",23.87437,90.397532
California Fried Chicken and Pastry Shop (CFC) Uttara Sector 7,Cafe,Uttara,https://www.google.com/maps/place/California+Fried+Chicken+and+Pastry+Shop+%28CFC%29+Uttara+Sector+7/data=!4m7!3m6!1s0x3755c58799dcf591:0x16fbde3853f82b2c!8m2!3d23.8712303!4d90.4001766!16s%2Fg%2F11zxjczmsn!19sChIJkfXcmYfFVTcRLCv4Uzje-xY?authuser=0&hl=en&g_ep=EgoyMDI2MDkwOS4wIJJjKgBIAVAD&rclk=1,5,1,"Shop #33, Syed Grand Center, Plot #89 Road-28 , Uttara, Dhaka",23.87123,90.400177
Fresh Bake,Cafe,Uttara,https://www.google.com/maps/place/Fresh+Bake/data=!4m7!3m6!1s0x3755c539f95417f5:0x7a991394a01a6aad!8m2!3d23.8761052!4d90.3909806!16s%2Fg%2F11hyz6n_td!19sChIJ9RdU-TnFVTcRrWoaoJQTmXo?authuser=0&hl=en&g_ep=EgoyMDI2MDkwOS4wIJJjKgBIAVAD&rclk=1,4.1,59,"Uttara, Dhaka",23.876105,90.390981
Grain Pastry & Bakery - Sector 12,Cafe,Uttara,https://www.google.com/maps/place/Grain+Pastry+%26+Bakery+-+Sector+12/data=!4m7!3m6!1s0x3755c5206f2a1a23:0x5a7842a74391df4f!8m2!3d23.8697895!4d90.3838113!16s%2Fg%2F11vjdsds7z!19sChIJIxoqbyDFVTcRT9-RQ6dCeFo?authuser=0&hl=en&g_ep=EgoyMDI2MDkwOS4wIJJjKgBIAVAD&rclk=1,4.4,25,"House - 39 Shah Makhdum Ave , Uttara, Dhaka",23.869789,90.383811
Queens Confectionery Uttara 11,Cafe,Uttara,https://www.google.com/maps/place/Queens+Confectionery+Uttara+11/data=!4m7!3m6!1s0x3755c5ea3a16b94f:0xb92543e539bf751a!8m2!3d23.8764678!4d90.3909268!16s%2Fg%2F11j47q8wqk!19sChIJT7kWOurFVTcRGnW_OeVDJbk?authuser=0&hl=en&g_ep=EgoyMDI2MDkwOS4wIJJjKgBIAVAD&rclk=1,4,64,"Uttara, Dhaka",23.876468,90.390927
Uttara Wellness Spa,Cafe,Uttara,https://www.google.com/maps/place/Uttara+Wellness+Spa/data=!4m7!3m6!1s0x3755c416f394ffbb:0xe54f505b36ec6679!8m2!3d23.8643746!4d90.399609!16s%2Fg%2F11cjnmjy3z!19sChIJu_-U8xbEVTcReWbsNltQT-U?authuser=0&hl=en&g_ep=EgoyMDI2MDkwOS4wIJJjKgBIAVAD&rclk=1,4.1,578,"81 Service Rd , Uttara, Dhaka",23.864375,90.399609
Sumi's Hot Cake,Cafe,Uttara,https://www.google.com/maps/place/Sumi%27s+Hot+Cake/data=!4m7!3m6!1s0x3755c427f27fc2ed:0xadd6d0759aa363ec!8m2!3d23.8614782!4d90.3987684!16s%2Fg%2F1ptykcmrc!19sChIJ7cJ_8ifEVTcR7GOjmnXQ1q0?authuser=0&hl=en&g_ep=EgoyMDI2MDkwOS4wIJJjKgBIAVAD&rclk=1,4.1,584,"Uttara, Dhaka",23.861478,90.398768
CFC Uttara 13 Pastry Shop,Cafe,Uttara,https://www.google.com/maps/place/CFC+Uttara+13+Pastry+Shop/data=!4m7!3m6!1s0x3755c516b2ea9b7b:0x600b813a0e269f1d!8m2!3d23.8718213!4d90.3906698!16s%2Fg%2F11fx89qr8n!19sChIJe5vqshbFVTcRHZ8mDjqBC2A?authuser=0&hl=en&g_ep=EgoyMDI2MDkwOS4wIJJjKgBIAVAD&rclk=1,4,314,"Uttara, Dhaka",23.871821,90.39067
Coopers,Cafe,Uttara,https://www.google.com/maps/place/Coopers/data=!4m7!3m6!1s0x3755c50078903083:0x6f53bd6be485dba8!8m2!3d23.8677319!4d90.3936397!16s%2Fg%2F11xvdwz7f2!19sChIJgzCQeADFVTcRqNuF5Gu9U28?authuser=0&hl=en&g_ep=EgoyMDI2MDkwOS4wIJJjKgBIAVAD&rclk=1,4.3,945,"House # 5 Lake Drive Rd, Uttara, Dhaka",23.867732,90.39364
Tasty Treat - Uttara 13,Cafe,Uttara,https://www.google.com/maps/place/Tasty+Treat+-+Uttara+13/data=!4m7!3m6!1s0x3755c5666413a1bd:0xc9c7a634858fa0f2!8m2!3d23.8696482!4d90.3898085!16s%2Fg%2F11j67qzjsd!19sChIJvaETZGbFVTcR8qCPhTSmx8k?authuser=0&hl=en&g_ep=EgoyMDI2MDkwOS4wIJJjKgBIAVAD&rclk=1,3.3,26,"V99Q+RWW Quantum Properties Ltd. Quantum Mostafa Tower, 18, Gausal Azam Avenue, Gausul Azam Ave , Uttara, Dhaka",23.869648,90.389809
Tasty Treat - Uttara 10,Cafe,Uttara,https://www.google.com/maps/place/Tasty+Treat+-+Uttara+10/data=!4m7!3m6!1s0x3755c5ae6d515865:0x49e062272db294f6!8m2!3d23.8830661!4d90.3907885!16s%2Fg%2F11kb9c333x!19sChIJZVhRba7FVTcR9pSyLSdi4Ek?authuser=0&hl=en&g_ep=EgoyMDI2MDkwOS4wIJJjKgBIAVAD&rclk=1,3.7,38,"House: 33 Road: 13 , Uttara, Dhaka",23.883066,90.390788
Coopers,Cafe,Uttara,https://www.google.com/maps/place/Coopers/data=!4m7!3m6!1s0x3755c533cb50e53b:0x27f02e775898b2d5!8m2!3d23.8710226!4d90.3837638!16s%2Fg%2F11lkx3y66d!19sChIJO-VQyzPFVTcR1bKYWHcu8Cc?authuser=0&hl=en&g_ep=EgoyMDI2MDkwOS4wIJJjKgBIAVAD&rclk=1,4.2,107,"Uttara, Dhaka",23.871023,90.383764
Bake Aromen,Cafe,Uttara,https://www.google.com/maps/place/Bake+Aromen/data=!4m7!3m6!1s0x3755c5000421128d:0xbe10cfdc2e4c4acd!8m2!3d23.8626038!4d90.3992203!16s%2Fg%2F11w8k8tdsc!19sChIJjRIhBADFVTcRzUpMLtzPEL4?authuser=0&hl=en&g_ep=EgoyMDI2MDkwOS4wIJJjKgBIAVAD&rclk=1,4.3,24,"Shop#05, Plot#16 Road-2, Uttara, Dhaka",23.862604,90.39922
Tasty Treats - Uttara 7,Cafe,Uttara,https://www.google.com/maps/place/Tasty+Treats+-+Uttara+7/data=!4m7!3m6!1s0x3755c4180ab3f939:0x7929e4f2cf566bf1!8m2!3d23.8677278!4d90.396186!16s%2Fg%2F11dxm0fnb7!19sChIJOfmzChjEVTcR8WtWz_LkKXk?authuser=0&hl=en&g_ep=EgoyMDI2MDkwOS4wIJJjKgBIAVAD&rclk=1,4,323,"44, 32 Rabindra Sarani , Uttara, Dhaka",23.867728,90.396186
Mr. Baker,Cafe,Uttara,https://www.google.com/maps/place/Mr.+Baker/data=!4m7!3m6!1s0x3755c43bf18a99b1:0x79880f3f3b775c2b!8m2!3d23.8746753!4d90.398357!16s%2Fg%2F12hlgyq63!19sChIJsZmK8TvEVTcRK1x3Oz8PiHk?authuser=0&hl=en&g_ep=EgoyMDI2MDkwOS4wIJJjKgBIAVAD&rclk=1,3.9,56,"Plot No.:18, House Building, Road Sonargaon Avenue , Uttara, Dhaka",23.874675,90.398357
Ajwah Bake & Pastry,Cafe,Uttara,https://www.google.com/maps/place/Ajwah+Bake+%26+Pastry/data=!4m7!3m6!1s0x3755c7f9b242ccf5:0x52c262f7fb91a12e!8m2!3d23.8598422!4d90.4037112!16s%2Fg%2F11pyc2g86z!19sChIJ9cxCsvnHVTcRLqGR-_diwlI?authuser=0&hl=en&g_ep=EgoyMDI2MDkwOS4wIJJjKgBIAVAD&rclk=1,3.5,28,"House 20 সড়ক-৫ , Uttara, Dhaka",23.859842,90.403711
Ajwah Bake & Pastry,Cafe,Uttara,https://www.google.com/maps/place/Ajwah+Bake+%26+Pastry/data=!4m7!3m6!1s0x3755c54af491a54f:0x868680a7b9c3f247!8m2!3d23.8758016!4d90.3974278!16s%2Fg%2F11jkwpgry6!19sChIJT6WR9ErFVTcRR_LDuaeAhoY?authuser=0&hl=en&g_ep=EgoyMDI2MDkwOS4wIJJjKgBIAVAD&rclk=1,3.5,14,"Rd No 3F , Uttara, Dhaka",23.875802,90.397428
Delifrance Uttara,Cafe,Uttara,https://www.google.com/maps/place/Delifrance+Uttara/data=!4m7!3m6!1s0x3755c50048e312c3:0x4d77eba5d545c246!8m2!3d23.8691119!4d90.3863531!16s%2Fg%2F11lv_m1rz9!19sChIJwxLjSADFVTcRRsJF1aXrd00?authuser=0&hl=en&g_ep=EgoyMDI2MDkwOS4wIJJjKgBIAVAD&rclk=1,4.2,88,"Uttara, Dhaka",23.869112,90.386353
AL- ARABIAN Cake & Sweets,Cafe,Uttara,https://www.google.com/maps/place/AL-+ARABIAN+Cake+%26+Sweets/data=!4m7!3m6!1s0x3755c53f7bbed137:0xcd356fbc2ebbf2da!8m2!3d23.8740598!4d90.3840439!16s%2Fg%2F11pkjthj6z!19sChIJN9G-ez_FVTcR2vK7LrxvNc0?authuser=0&hl=en&g_ep=EgoyMDI2MDkwOS4wIJJjKgBIAVAD&rclk=1,4,118,"Uttara, Dhaka",23.87406,90.384044
California Fried Chicken and Pastry Shop (CFC) Uttara Sector 3,Cafe,Uttara,https://www.google.com/maps/place/California+Fried+Chicken+and+Pastry+Shop+%28CFC%29+Uttara+Sector+3/data=!4m7!3m6!1s0x3755c5b85532f803:0x8ca42c91de0508fa!8m2!3d23.8667936!4d90.3940097!16s%2Fg%2F11xvlvl2yg!19sChIJA_gyVbjFVTcR-ggF3pEspIw?authuser=0&hl=en&g_ep=EgoyMDI2MDkwOS4wIJJjKgBIAVAD&rclk=1,4.3,33,"House no, 54 Rd -13 , Uttara, Dhaka",23.866794,90.39401
Shumi's Hot Cake,Cafe,Uttara,https://www.google.com/maps/place/Shumi%27s+Hot+Cake/data=!4m7!3m6!1s0x3755c500483dca47:0x41ee666edb85c5b7!8m2!3d23.8598258!4d90.4033861!16s%2Fg%2F11w3khhwmf!19sChIJR8o9SADFVTcRt8WF225m7kE?authuser=0&hl=en&g_ep=EgoyMDI2MDkwOS4wIJJjKgBIAVAD&rclk=1,4.4,35,"25 Rd 4 , Uttara, Dhaka",23.859826,90.403386
Ajwah Bake & Pastry,Cafe,Uttara,https://www.google.com/maps/place/Ajwah+Bake+%26+Pastry/data=!4m7!3m6!1s0x3755c52775b74b6b:0x70766b52a0e70dd9!8m2!3d23.8720366!4d90.3964378!16s%2Fg%2F11j8_j8lqv!19sChIJa0u3dSfFVTcR2Q3noFJrdnA?authuser=0&hl=en&g_ep=EgoyMDI2MDkwOS4wIJJjKgBIAVAD&rclk=1,4,27,"House 31 Road-27 , Uttara, Dhaka",23.872037,90.396438
Hot Bun Bakery Uttara,Cafe,Uttara,https://www.google.com/maps/place/Hot+Bun+Bakery+Uttara/data=!4m7!3m6!1s0x3755c5d366b586eb:0x90e49a620b82479b!8m2!3d23.8743344!4d90.398355!16s%2Fg%2F11rzwrxr2h!19sChIJ64a1ZtPFVTcRm0eCC2Ka5JA?authuser=0&hl=en&g_ep=EgoyMDI2MDkwOS4wIJJjKgBIAVAD&rclk=1,5,1,"S-7, H-11, R, Sonargaon Janapath Rd , Uttara, Dhaka",23.874334,90.398355
Aamal Foods - Uttara 7,Cafe,Uttara,https://www.google.com/maps/place/Aamal+Foods+-+Uttara+7/data=!4m7!3m6!1s0x3755c5c9a3231623:0x1562768daf82971a!8m2!3d23.8677047!4d90.393649!16s%2Fg%2F11l77h0kg7!19sChIJIxYjo8nFVTcRGpeCr412YhU?authuser=0&hl=en&g_ep=EgoyMDI2MDkwOS4wIJJjKgBIAVAD&rclk=1,4.3,22,"House # 5 Lake Drive Rd , Uttara, Dhaka",23.867705,90.393649
Al-Arabian Cake & Sweets,Cafe,Uttara,https://www.google.com/maps/place/Al-Arabian+Cake+%26+Sweets/data=!4m7!3m6!1s0x3755c41a8fe8d13b:0x80b6cd3ff3959ac8!8m2!3d23.8690747!4d90.3860634!16s%2Fg%2F11gdkxc6ww!19sChIJO9HojxrEVTcRyJqV8z_NtoA?authuser=0&hl=en&g_ep=EgoyMDI2MDkwOS4wIJJjKgBIAVAD&rclk=1,4,237,"House No: 69, Gausul Azam Ave , Uttara, Dhaka",23.869075,90.386063
"Cloud Cake and Foods, Uttara",Cafe,Uttara,"https://www.google.com/maps/place/Cloud+Cake+and+Foods,+Uttara/data=!4m7!3m6!1s0x3755c5004c534b55:0x792ad89179f21849!8m2!3d23.8705137!4d90.3980042!16s%2Fg%2F11ltld76m1!19sChIJVUtTTADFVTcRSRjyeZHYKnk?authuser=0&hl=en&g_ep=EgoyMDI2MDkwOS4wIJJjKgBIAVAD&rclk=1",4.5,22,"Uttara, Dhaka",23.870514,90.398004
Pastry shop🍰,Cafe,Uttara,https://www.google.com/maps/place/Pastry+shop%F0%9F%8D%B0/data=!4m7!3m6!1s0x3755c500051b4f43:0x407ab5081a7917fb!8m2!3d23.8688582!4d90.3884615!16s%2Fg%2F11z693vkxl!19sChIJQ08bBQDFVTcR-xd5Ggi1ekA?authuser=0&hl=en&g_ep=EgoyMDI2MDkwOS4wIJJjKgBIAVAD&rclk=1,4.3,1.2K,"14, Hs, 40 Rd -19, Uttara, Dhaka",23.868858,90.388462
Meena Sweets,Cafe,Uttara,https://www.google.com/maps/place/Meena+Sweets/data=!4m7!3m6!1s0x3755c5a08d6d5dc9:0x5ee315081c143bd2!8m2!3d23.8692017!4d90.3878685!16s%2Fg%2F11swzl7c7l!19sChIJyV1tjaDFVTcR0jsUHAgV414?authuser=0&hl=en&g_ep=EgoyMDI2MDkwOS4wIJJjKgBIAVAD&rclk=1,4.2,56,"Uttara, Dhaka",23.869202,90.387868
Famous Sweets & Bakery,Cafe,Uttara,https://www.google.com/maps/place/Famous+Sweets+%26+Bakery/data=!4m7!3m6!1s0x3755c50019adb033:0xbb007b945acebe90!8m2!3d23.8750389!4d90.3905474!16s%2Fg%2F11njhpmg57!19sChIJM7CtGQDFVTcRkL7OWpR7ALs?authuser=0&hl=en&g_ep=EgoyMDI2MDkwOS4wIJJjKgBIAVAD&rclk=1,4.7,3,"House 02 Road No. 20 , Uttara, Dhaka",23.875039,90.390547
Grain Pastry & Bakery (Sec-7),Cafe,Uttara,https://www.google.com/maps/place/Grain+Pastry+%26+Bakery+%28Sec-7%29/data=!4m7!3m6!1s0x3755c5f2efc53de7:0x8e274731bc8dcdd0!8m2!3d23.8736581!4d90.3964939!16s%2Fg%2F11h7ft5ft6!19sChIJ5z3F7_LFVTcR0M2NvDFHJ44?authuser=0&hl=en&g_ep=EgoyMDI2MDkwOS4wIJJjKgBIAVAD&rclk=1,5,5,"House#51 Road-27 , Uttara, Dhaka",23.873658,90.396494
Shumi's Hot Cake,Cafe,Uttara,https://www.google.com/maps/place/Shumi%27s+Hot+Cake/data=!4m7!3m6!1s0x3755c43aa47dc42b:0x31f73247478eb953!8m2!3d23.8708217!4d90.4027102!16s%2Fg%2F1pv00z042!19sChIJK8R9pDrEVTcRU7mOR0cy9zE?authuser=0&hl=en&g_ep=EgoyMDI2MDkwOS4wIJJjKgBIAVAD&rclk=1,3.9,105,"House -6 Isakha Ave , Uttara, Dhaka",23.870822,90.40271
Boomers Cafe- Bashundhara Branch,Cafe,Bashundhara R/A,https://www.google.com/maps/place/Boomers+Cafe-+Bashundhara+Branch/data=!4m7!3m6!1s0x3755c7e5ba37a141:0xdc42e71400005987!8m2!3d23.8122793!4d90.4244798!16s%2Fg%2F11pz1fj_n0!19sChIJQaE3uuXHVTcRh1kAABTnQtw?authuser=0&hl=en&g_ep=EgoyMDI2MDkwOS4wIJJjKgBIAVAD&rclk=1,3.5,115,"4 Bashundhara Rd, Bashundhara R/A, Dhaka",23.812279,90.42448
Arabika Coffee Bashundhara Block A,Cafe,Bashundhara R/A,https://www.google.com/maps/place/Arabika+Coffee+Bashundhara+Block+A/data=!4m7!3m6!1s0x3755c70060da8e8d:0x4b9966019c5b421a!8m2!3d23.812678!4d90.4281871!16s%2Fg%2F11yyhnfs9n!19sChIJjY7aYADHVTcRGkJbnAFmmUs?authuser=0&hl=en&g_ep=EgoyMDI2MDkwOS4wIJJjKgBIAVAD&rclk=1,4.8,85,"Plot No- 12/D & 12, E Main Avenue , Bashundhara R/A, Dhaka",23.812678,90.428187
Brew Splash Bashundhara R/A,Cafe,Bashundhara R/A,https://www.google.com/maps/place/Brew+Splash+Bashundhara+R%2FA/data=!4m7!3m6!1s0x3755c70022ca2bd3:0x68b4a05f3c9f2ee1!8m2!3d23.8143493!4d90.4385557!16s%2Fg%2F11yb7hhjgt!19sChIJ0yvKIgDHVTcR4S6fPF-gtGg?authuser=0&hl=en&g_ep=EgoyMDI2MDkwOS4wIJJjKgBIAVAD&rclk=1,4.2,183,"Plot- 1136/A, Japan Street , Bashundhara R/A, Dhaka",23.814349,90.438556
Café Leo (Main Branch),Cafe,Bashundhara R/A,https://www.google.com/maps/place/Caf%C3%A9+Leo+%28Main+Branch%29/data=!4m7!3m6!1s0x3755c70066a0886f:0x5cafc9f5117c2e1b!8m2!3d23.8164072!4d90.4367847!16s%2Fg%2F11xg8bxfq1!19sChIJb4igZgDHVTcRGy58EfXJr1w?authuser=0&hl=en&g_ep=EgoyMDI2MDkwOS4wIJJjKgBIAVAD&rclk=1,4.1,180,"Road No. 14 , Bashundhara R/A, Dhaka",23.816407,90.436785
Coffee London,Cafe,Bashundhara R/A,https://www.google.com/maps/place/Coffee+London/data=!4m7!3m6!1s0x3755c7005835190f:0x3ef864437d43bd91!8m2!3d23.8111569!4d90.4386199!16s%2Fg%2F11ynjvd_y_!19sChIJDxk1WADHVTcRkb1DfUNk-D4?authuser=0&hl=en&g_ep=EgoyMDI2MDkwOS4wIJJjKgBIAVAD&rclk=1,3.9,62,"Bismillah Plaza Plot#1317,1318,1363,1364 Sonia Sobhan 5th Avenue , Bashundhara R/A, Dhaka",23.811157,90.43862
Awake Cafe & Bistro,Cafe,Bashundhara R/A,https://www.google.com/maps/place/Awake+Cafe+%26+Bistro/data=!4m7!3m6!1s0x3755c7d7f32456ed:0xc90c8f51db81ee70!8m2!3d23.8139568!4d90.4376458!16s%2Fg%2F11mhldj_yg!19sChIJ7VYk89fHVTcRcO6B21GPDMk?authuser=0&hl=en&g_ep=EgoyMDI2MDkwOS4wIJJjKgBIAVAD&rclk=1,4.3,1.8K,"House-1113 Rd 17 , Bashundhara R/A, Dhaka",23.813957,90.437646
Arabika Coffee (Bashundhara),Cafe,Bashundhara R/A,https://www.google.com/maps/place/Arabika+Coffee+%28Bashundhara%29/data=!4m7!3m6!1s0x3755c700672aa97f:0xc5cf3d0c6854753d!8m2!3d23.8123712!4d90.4249097!16s%2Fg%2F11w4dschzy!19sChIJf6kqZwDHVTcRPXVUaAw9z8U?authuser=0&hl=en&g_ep=EgoyMDI2MDkwOS4wIJJjKgBIAVAD&rclk=1,4.5,80,"12, D/E Bashundhara Rd , Bashundhara R/A, Dhaka",23.812371,90.42491
Cozmo Cafe & Bistro,Cafe,Bashundhara R/A,https://www.google.com/maps/place/Cozmo+Cafe+%26+Bistro/data=!4m7!3m6!1s0x3755c716c5067a77:0x5964ccbda016b3c5!8m2!3d23.8239912!4d90.4295069!16s%2Fg%2F11vb93sdc4!19sChIJd3oGxRbHVTcRxbMWoL3MZFk?authuser=0&hl=en&g_ep=EgoyMDI2MDkwOS4wIJJjKgBIAVAD&rclk=1,4.2,709,"2 Sayem Sobhan Anvir Rd , Bashundhara R/A, Dhaka",23.823991,90.429507
Crimson Cup Bashundhara,Cafe,Bashundhara R/A,https://www.google.com/maps/place/Crimson+Cup+Bashundhara/data=!4m7!3m6!1s0x3755c711e40e8421:0x8a8caf14832593ce!8m2!3d23.8234522!4d90.4295978!16s%2Fg%2F11rg8bxkw8!19sChIJIYQO5BHHVTcRzpMlgxSvjIo?authuser=0&hl=en&g_ep=EgoyMDI2MDkwOS4wIJJjKgBIAVAD&rclk=1,4.2,1.2K,"Plot no, 02 Sayem Sobhan Anvir Rd , Bashundhara R/A, Dhaka",23.823452,90.429598
Torrazur,Cafe,Bashundhara R/A,https://www.google.com/maps/place/Torrazur/data=!4m7!3m6!1s0x3755c7346a3e3c09:0xd7cd9c8bf86b9fc7!8m2!3d23.8116528!4d90.4385831!16s%2Fg%2F11yn6k492b!19sChIJCTw-ajTHVTcRx59r-Iuczdc?authuser=0&hl=en&g_ep=EgoyMDI2MDkwOS4wIJJjKgBIAVAD&rclk=1,4.5,79,"Plot 1317, Block I, Road 30,31, Sonia Sobhan 5th Avenue , Bashundhara R/A, Dhaka",23.811653,90.438583
Petit Pause - Bashundhara R/A,Cafe,Bashundhara R/A,https://www.google.com/maps/place/Petit+Pause+-+Bashundhara+R%2FA/data=!4m7!3m6!1s0x3755c775bb6a3d91:0x346f44e0b161f6c8!8m2!3d23.8253233!4d90.4485823!16s%2Fg%2F11nj5prdqv!19sChIJkT1qu3XHVTcRyPZhseBEbzQ?authuser=0&hl=en&g_ep=EgoyMDI2MDkwOS4wIJJjKgBIAVAD&rclk=1,4.7,40,"Breeze Valley Business Center, Level -2 House: 2490/F & G, Road: 10, Block: L , Bashundhara R/A, Dhaka",23.825323,90.448582
Cafè Amazon,Cafe,Bashundhara R/A,https://www.google.com/maps/place/Caf%C3%A8+Amazon/data=!4m7!3m6!1s0x3755c700542ea547:0xd97c2f1b75a4ad41!8m2!3d23.8122521!4d90.430298!16s%2Fg%2F11zcs_tvtk!19sChIJR6UuVADHVTcRQa2kdRsvfNk?authuser=0&hl=en&g_ep=EgoyMDI2MDkwOS4wIJJjKgBIAVAD&rclk=1,3.7,112,"Plot 75-76 Road No 1 , Bashundhara R/A, Dhaka",23.812252,90.430298
Cup of Beans,Cafe,Bashundhara R/A,https://www.google.com/maps/place/Cup+of+Beans/data=!4m7!3m6!1s0x3755c64cef76699b:0x4b2056d5197acf0d!8m2!3d23.8122415!4d90.4247471!16s%2Fg%2F11c4hrmy63!19sChIJm2l270zGVTcRDc96GdVWIEs?authuser=0&hl=en&g_ep=EgoyMDI2MDkwOS4wIJJjKgBIAVAD&rclk=1,4.2,89,"Lift-5, Rahman AJ Trade Center, Bashundhara Rd , Bashundhara R/A, Dhaka",23.812241,90.424747
Dynamic Cafe,Cafe,Bashundhara R/A,https://www.google.com/maps/place/Dynamic+Cafe/data=!4m7!3m6!1s0x3755c7f9a73102fb:0xe5fbf42b978f152a!8m2!3d23.8115709!4d90.4223496!16s%2Fg%2F11z73jv4nf!19sChIJ-wIxp_nHVTcRKhWPlyv0--U?authuser=0&hl=en&g_ep=EgoyMDI2MDkwOS4wIJJjKgBIAVAD&rclk=1,5,7,"3rd floor, Sayed Ali Super Market, Bashundhara Rd , Bashundhara R/A, Dhaka",23.811571,90.42235
Beans & Aroma Coffees,Cafe,Bashundhara R/A,https://www.google.com/maps/place/Beans+%26+Aroma+Coffees/data=!4m7!3m6!1s0x3755c70040195eff:0x7a8e5d3d3cda8c6a!8m2!3d23.821193!4d90.437858!16s%2Fg%2F11xlz__9b7!19sChIJ_14ZQADHVTcRaozaPD1djno?authuser=0&hl=en&g_ep=EgoyMDI2MDkwOS4wIJJjKgBIAVAD&rclk=1,4.3,61,"House # 77/78, (2nd Floor, Rd No. 3 , Bashundhara R/A, Dhaka",23.821193,90.437858
Chayer Adda,Cafe,Bashundhara R/A,https://www.google.com/maps/place/Chayer+Adda/data=!4m7!3m6!1s0x3755c64d1db90eff:0x15cd66d97f742c27!8m2!3d23.8121109!4d90.4240559!16s%2Fg%2F11g6xkg272!19sChIJ_w65HU3GVTcRJyx0f9lmzRU?authuser=0&hl=en&g_ep=EgoyMDI2MDkwOS4wIJJjKgBIAVAD&rclk=1,4.2,1.6K,"Ka-54, RC6F+JM8, 3 Bashundhara Rd , Bashundhara R/A, Dhaka",23.812111,90.424056
Beansprouts Cafe and Bistro,Cafe,Bashundhara R/A,https://www.google.com/maps/place/Beansprouts+Cafe+and+Bistro/data=!4m7!3m6!1s0x3755c7002ff0515f:0x5bdb3c103fec3dcb!8m2!3d23.8241061!4d90.4295437!16s%2Fg%2F11wnp30g0c!19sChIJX1HwLwDHVTcRyz3sPxA821s?authuser=0&hl=en&g_ep=EgoyMDI2MDkwOS4wIJJjKgBIAVAD&rclk=1,4.4,70,"4th floor, Rupayan Shopping square, Sayem Sobhan Anvir Rd , Bashundhara R/A, Dhaka",23.824106,90.429544
CoBo Coffee - Bashundhara,Cafe,Bashundhara R/A,https://www.google.com/maps/place/CoBo+Coffee+-+Bashundhara/data=!4m7!3m6!1s0x3755c700157966ad:0xf7a17c3ba33579c1!8m2!3d23.8118475!4d90.438709!16s%2Fg%2F11xnr80pwh!19sChIJrWZ5FQDHVTcRwXk1ozt8ofc?authuser=0&hl=en&g_ep=EgoyMDI2MDkwOS4wIJJjKgBIAVAD&rclk=1,4.5,204,"Plot 1317, Road 30, Sonia Sobhan 5th Avenue , Bashundhara R/A, Dhaka",23.811847,90.438709
Wynwood Coffee,Cafe,Bashundhara R/A,https://www.google.com/maps/place/Wynwood+Coffee/data=!4m7!3m6!1s0x3755c700691625d7:0x55b2e73e40f31953!8m2!3d23.8212902!4d90.4378669!16s%2Fg%2F11y81429v9!19sChIJ1yUWaQDHVTcRUxnzQD7nslU?authuser=0&hl=en&g_ep=EgoyMDI2MDkwOS4wIJJjKgBIAVAD&rclk=1,3.3,85,"77 Rd No. 3 , Bashundhara R/A, Dhaka",23.82129,90.437867
Breathe & Brew,Cafe,Bashundhara R/A,https://www.google.com/maps/place/Breathe+%26+Brew/data=!4m7!3m6!1s0x3755c7b5ccc2ba81:0x3bccce472938b02b!8m2!3d23.8236275!4d90.4295503!16s%2Fg%2F11nr2231sb!19sChIJgbrCzLXHVTcRK7A4KUfOzDs?authuser=0&hl=en&g_ep=EgoyMDI2MDkwOS4wIJJjKgBIAVAD&rclk=1,5,1,"Rupayan Shopping Square, Lift-04, Block G, Basundhara R/A, Dhaka, Bangladesh, 1229, Dhaka, Bangladesh, 1229 , Bashundhara R/A, Dhaka",23.823628,90.42955
Cafe Canada,Cafe,Bashundhara R/A,https://www.google.com/maps/place/Cafe+Canada/data=!4m7!3m6!1s0x3755c73be81a7815:0xf0bb10d88db0a964!8m2!3d23.8121466!4d90.4240639!16s%2Fg%2F11td_qwb97!19sChIJFXga6DvHVTcRZKmwjdgQu_A?authuser=0&hl=en&g_ep=EgoyMDI2MDkwOS4wIJJjKgBIAVAD&rclk=1,4.6,16,"Bashundhara R/A, Dhaka",23.812147,90.424064
Delectus Cafe & Bistro,Cafe,Bashundhara R/A,https://www.google.com/maps/place/Delectus+Cafe+%26+Bistro/data=!4m7!3m6!1s0x3755c700462919c5:0x814aaff28d99a263!8m2!3d23.8236208!4d90.4295953!16s%2Fg%2F11w31hdg2b!19sChIJxRkpRgDHVTcRY6KZjfKvSoE?authuser=0&hl=en&g_ep=EgoyMDI2MDkwOS4wIJJjKgBIAVAD&rclk=1,4.3,182,"2 Sayem Sobhan Anvir Rd , Bashundhara R/A, Dhaka",23.823621,90.429595
Road View Cafe Roasters,Cafe,Bashundhara R/A,https://www.google.com/maps/place/Road+View+Cafe+Roasters/data=!4m7!3m6!1s0x3755c700166a1d63:0x9779138298d3dbcd!8m2!3d23.8143493!4d90.4385557!16s%2Fg%2F11wv28wfn4!19sChIJYx1qFgDHVTcRzdvTmIITeZc?authuser=0&hl=en&g_ep=EgoyMDI2MDkwOS4wIJJjKgBIAVAD&rclk=1,4.7,32,"Bashundhara R/A, Dhaka",23.814349,90.438556
Robbie Bobbie Cat Cafe,Cafe,Bashundhara R/A,https://www.google.com/maps/place/Robbie+Bobbie+Cat+Cafe/data=!4m7!3m6!1s0x3755c900448a887b:0xc40afe113c966c97!8m2!3d23.8250824!4d90.4513916!16s%2Fg%2F11y9pz5rgx!19sChIJe4iKRADJVTcRl2yWPBH-CsQ?authuser=0&hl=en&g_ep=EgoyMDI2MDkwOS4wIJJjKgBIAVAD&rclk=1,4.5,243,"Plot 2468 Rd 12 , Bashundhara R/A, Dhaka",23.825082,90.451392
Edge Coffee & Roasters,Cafe,Bashundhara R/A,https://www.google.com/maps/place/Edge+Coffee+%26+Roasters/data=!4m7!3m6!1s0x3755c7004a086d03:0x2d47865496116743!8m2!3d23.8212709!4d90.4378368!16s%2Fg%2F11ldk952xd!19sChIJA20ISgDHVTcRQ2cRllSGRy0?authuser=0&hl=en&g_ep=EgoyMDI2MDkwOS4wIJJjKgBIAVAD&rclk=1,3.4,64,"Edge Coffee & Roasters, House 74 Rd No. 3, Main Avenue, Bashundhara R/A, Dhaka",23.821271,90.437837
Decaf Coffee,Cafe,Bashundhara R/A,https://www.google.com/maps/place/Decaf+Coffee/data=!4m7!3m6!1s0x3755c7196c6d65e1:0xdfa0a2e8dc73e546!8m2!3d23.8189764!4d90.4368022!16s%2Fg%2F11nc43ldj8!19sChIJ4WVtbBnHVTcRRuVz3OiioN8?authuser=0&hl=en&g_ep=EgoyMDI2MDkwOS4wIJJjKgBIAVAD&rclk=1,5,3,"Bashundhara R/A, Dhaka",23.818976,90.436802
Coffee Lime ~ Bashundhara,Cafe,Bashundhara R/A,https://www.google.com/maps/place/Coffee+Lime+~+Bashundhara/data=!4m7!3m6!1s0x3755c64d69fd3a1d:0xc5df47a1f1a58a9e!8m2!3d23.8117989!4d90.4227939!16s%2Fg%2F11g6qt_pqt!19sChIJHTr9aU3GVTcRnoql8aFH38U?authuser=0&hl=en&g_ep=EgoyMDI2MDkwOS4wIJJjKgBIAVAD&rclk=1,4.2,275,"Ka-54/3, 1229 Bashundhara Rd , Bashundhara R/A, Dhaka",23.811799,90.422794
Tabaq Coffee | GP House,Cafe,Bashundhara R/A,https://www.google.com/maps/place/Tabaq+Coffee+%7C+GP+House/data=!4m7!3m6!1s0x3755c7003ed1036f:0x449bf00e0599f3c1!8m2!3d23.8120617!4d90.4259954!16s%2Fg%2F11ln1b6rmw!19sChIJbwPRPgDHVTcRwfOZBQ7wm0Q?authuser=0&hl=en&g_ep=EgoyMDI2MDkwOS4wIJJjKgBIAVAD&rclk=1,4.3,25,"GP House, Bashundhara Rd , Bashundhara R/A, Dhaka",23.812062,90.425995
NORTH END coffee roasters Evercare Hospital,Cafe,Bashundhara R/A,https://www.google.com/maps/place/NORTH+END+coffee+roasters+Evercare+Hospital/data=!4m7!3m6!1s0x3755c63542ffebe7:0x9cb428140592948c!8m2!3d23.8102755!4d90.4313171!16s%2Fg%2F11csqwqqvl!19sChIJ5-v_QjXGVTcRjJSSBRQotJw?authuser=0&hl=en&g_ep=EgoyMDI2MDkwOS4wIJJjKgBIAVAD&rclk=1,4.2,961,"Plot 81, Plot 81 , Bashundhara R/A, Dhaka",23.810275,90.431317
ইরানি দম চা,Cafe,Bashundhara R/A,https://www.google.com/maps/place/%E0%A6%87%E0%A6%B0%E0%A6%BE%E0%A6%A8%E0%A6%BF+%E0%A6%A6%E0%A6%AE+%E0%A6%9A%E0%A6%BE/data=!4m7!3m6!1s0x3755c7e1aa0b4797:0x7d7327d98afbdee2!8m2!3d23.8171988!4d90.4218296!16s%2Fg%2F11yrnpbhr3!19sChIJl0cLquHHVTcR4t77itknc30?authuser=0&hl=en&g_ep=EgoyMDI2MDkwOS4wIJJjKgBIAVAD&rclk=1,4.8,11,"Ka-210/1,NSU Road,near Shwapno super shop, Kuril , Bashundhara R/A, Dhaka",23.817199,90.42183
American Blend Pizza and Edge Coffee,Cafe,Bashundhara R/A,https://www.google.com/maps/place/American+Blend+Pizza+and+Edge+Coffee/data=!4m7!3m6!1s0x3755c64d6a4874cf:0x8cc8116d4013a76c!8m2!3d23.8119586!4d90.4235214!16s%2Fg%2F1tdbz_pb!19sChIJz3RIak3GVTcRbKcTQG0RyIw?authuser=0&hl=en&g_ep=EgoyMDI2MDkwOS4wIJJjKgBIAVAD&rclk=1,3.9,143,"Level 2, Haveily Complex, Ka 9 Bashundhara Rd , Bashundhara R/A, Dhaka",23.811959,90.423521
Let's Vibe Bashundhara Ghatpar,Cafe,Bashundhara R/A,https://www.google.com/maps/place/Let%27s+Vibe+Bashundhara+Ghatpar/data=!4m7!3m6!1s0x3755c70046f13c45:0xb38582a5fe74622d!8m2!3d23.8163422!4d90.4244908!16s%2Fg%2F11lw8pzmfk!19sChIJRTzxRgDHVTcRLWJ0_qWChbM?authuser=0&hl=en&g_ep=EgoyMDI2MDkwOS4wIJJjKgBIAVAD&rclk=1,5,4,"Let's Vibe, Ghatpar Road , Bashundhara R/A, Dhaka",23.816342,90.424491
Humble Crumble,Cafe,Bashundhara R/A,https://www.google.com/maps/place/Humble+Crumble/data=!4m7!3m6!1s0x3755c7d5c8f62fb9:0x14ba2e0ea310f493!8m2!3d23.8123832!4d90.4228696!16s%2Fg%2F11h0hjjhmq!19sChIJuS_2yNXHVTcRk_QQow4uuhQ?authuser=0&hl=en&g_ep=EgoyMDI2MDkwOS4wIJJjKgBIAVAD&rclk=1,4.1,16,"Humble Crumble, 1st floor, Urban Void, Bashundhara R/A, Main Road , Bashundhara R/A, Dhaka",23.812383,90.42287
Chaat Cafe Express,Cafe,Bashundhara R/A,https://www.google.com/maps/place/Chaat+Cafe+Express/data=!4m7!3m6!1s0x3755c64d17580ad3:0x4a373735d255efc2!8m2!3d23.8121041!4d90.4237357!16s%2Fg%2F11g6qdh47v!19sChIJ0wpYF03GVTcRwu9V0jU3N0o?authuser=0&hl=en&g_ep=EgoyMDI2MDkwOS4wIJJjKgBIAVAD&rclk=1,3.7,139,"Ka-5/B, Bashundhara Road, Jagannatpur, Khilkhet , Bashundhara R/A, Dhaka",23.812104,90.423736
Costa Beans,Cafe,Bashundhara R/A,https://www.google.com/maps/place/Costa+Beans/data=!4m7!3m6!1s0x3755c70024c23c4d:0x2fe172664d146506!8m2!3d23.8143425!4d90.4385439!16s%2Fg%2F11ybw51nsh!19sChIJTTzCJADHVTcRBmUUTWZy4S8?authuser=0&hl=en&g_ep=EgoyMDI2MDkwOS4wIJJjKgBIAVAD&rclk=1,3.8,56,"shop no-13, Level -2, JCX Business Tower, 1136/A Japan Street , Bashundhara R/A, Dhaka",23.814342,90.438544
Cafe Velorika,Cafe,Bashundhara R/A,https://www.google.com/maps/place/Cafe+Velorika/data=!4m7!3m6!1s0x3755c78908bd3619:0xf92e1aa4aaf3cd78!8m2!3d23.8033485!4d90.4250683!16s%2Fg%2F11zb5p2pd8!19sChIJGTa9CInHVTcReM3zqqQaLvk?authuser=0&hl=en&g_ep=EgoyMDI2MDkwOS4wIJJjKgBIAVAD&rclk=1,4.9,8,"Road 11, Baridhara j block, Opposite of south point school and college Baridhara , Bashundhara R/A, Dhaka",23.803348,90.425068
Treat ME cafe & bakeshop,Cafe,Bashundhara R/A,https://www.google.com/maps/place/Treat+ME+cafe+%26+bakeshop/data=!4m7!3m6!1s0x3755c7004ee8173b:0xf8e96dffd268b169!8m2!3d23.823942!4d90.4295363!16s%2Fg%2F11wh918pb8!19sChIJOxfoTgDHVTcRabFo0v9t6fg?authuser=0&hl=en&g_ep=EgoyMDI2MDkwOS4wIJJjKgBIAVAD&rclk=1,3.7,23,"1219 Sayem Sobhan Anvir Rd , Bashundhara R/A, Dhaka",23.823942,90.429536
My Cozy Cafe,Cafe,Bashundhara R/A,https://www.google.com/maps/place/My+Cozy+Cafe/data=!4m7!3m6!1s0x3755c70070905a1b:0xb9b412c76ffd4204!8m2!3d23.8257954!4d90.4330142!16s%2Fg%2F11wpslq4br!19sChIJG1qQcADHVTcRBEL9b8cStLk?authuser=0&hl=en&g_ep=EgoyMDI2MDkwOS4wIJJjKgBIAVAD&rclk=1,3,2,"Rd - 5 , Bashundhara R/A, Dhaka",23.825795,90.433014
H COFFEE,Cafe,Bashundhara R/A,https://www.google.com/maps/place/H+COFFEE/data=!4m7!3m6!1s0x3755c70039b918c5:0xc951a474486ef8e6!8m2!3d23.8329597!4d90.4169494!16s%2Fg%2F11xygl_nd_!19sChIJxRi5OQDHVTcR5vhuSHSkUck?authuser=0&hl=en&g_ep=EgoyMDI2MDkwOS4wIJJjKgBIAVAD&rclk=1,4.8,20,"08 Road No. 13 , Bashundhara R/A, Dhaka",23.83296,90.416949
Roadhouse Cafe,Cafe,Bashundhara R/A,https://www.google.com/maps/place/Roadhouse+Cafe/data=!4m7!3m6!1s0x3755c64cefbe0333:0x85bf72db3efe5163!8m2!3d23.8122648!4d90.425003!16s%2Fg%2F11c2p1c1sx!19sChIJMwO-70zGVTcRY1H-Pttyv4U?authuser=0&hl=en&g_ep=EgoyMDI2MDkwOS4wIJJjKgBIAVAD&rclk=1,3.6,57,"Ka 3/1-C (Underground), Amir Complex, Bashundhara Rd , Bashundhara R/A, Dhaka",23.812265,90.425003
Waffle Up - Bashundhara,Cafe,Bashundhara R/A,https://www.google.com/maps/place/Waffle+Up+-+Bashundhara/data=!4m7!3m6!1s0x3755c762a977a0b7:0xf9292c479a9d3559!8m2!3d23.8088014!4d90.4304646!16s%2Fg%2F11trp8tkfj!19sChIJt6B3qWLHVTcRWTWdmkcsKfk?authuser=0&hl=en&g_ep=EgoyMDI2MDkwOS4wIJJjKgBIAVAD&rclk=1,4.3,129,"Apollo gate, Ground floor Jabbar Molla Tower, Evercare Hospital Rd , Bashundhara R/A, Dhaka",23.808801,90.430465
NORTH END coffee roasters Ascott,Cafe,Bashundhara R/A,https://www.google.com/maps/place/NORTH+END+coffee+roasters+Ascott/data=!4m7!3m6!1s0x3755c7af07988e65:0x3522f94386e65ef!8m2!3d23.803656!4d90.4198817!16s%2Fg%2F11f3n6hk20!19sChIJZY6YB6_HVTcR72VuOJQvUgM?authuser=0&hl=en&g_ep=EgoyMDI2MDkwOS4wIJJjKgBIAVAD&rclk=1,4.5,436,"Road# 06, House# 14 , Bashundhara R/A, Dhaka",23.803656,90.419882
SLASH Coffee Roasting Co.,Cafe,Bashundhara R/A,https://www.google.com/maps/place/SLASH+Coffee+Roasting+Co./data=!4m7!3m6!1s0x3755c7af0957feb5:0x40555b88c20e3d72!8m2!3d23.8130795!4d90.4238794!16s%2Fg%2F11vf54y14j!19sChIJtf5XCa_HVTcRcj0OwohbVUA?authuser=0&hl=en&g_ep=EgoyMDI2MDkwOS4wIJJjKgBIAVAD&rclk=1,4.4,89,"Bashundhara R/A, Dhaka",23.81308,90.423879
Green Rock Cafe,Cafe,Bashundhara R/A,https://www.google.com/maps/place/Green+Rock+Cafe/data=!4m7!3m6!1s0x3755c772ae4efe8f:0x768f73e6c248a38f!8m2!3d23.8299858!4d90.4429368!16s%2Fg%2F11ywg7934q!19sChIJj_5OrnLHVTcRj6NIwuZzj3Y?authuser=0&hl=en&g_ep=EgoyMDI2MDkwOS4wIJJjKgBIAVAD&rclk=1,4,1,"Joarshahara, 300 Feet Bashundhara-Purbachal Link Rd, Dhaka 1229 - Beside, AUSIS , Bashundhara R/A, Dhaka",23.829986,90.442937
Old School Cafe,Cafe,Bashundhara R/A,https://www.google.com/maps/place/Old+School+Cafe/data=!4m7!3m6!1s0x3755c79f4ac66e83:0xe357d330fba97f74!8m2!3d23.8119152!4d90.4230286!16s%2Fg%2F11rt_w230n!19sChIJg27GSp_HVTcRdH-p-zDTV-M?authuser=0&hl=en&g_ep=EgoyMDI2MDkwOS4wIJJjKgBIAVAD&rclk=1,3.5,32,"RC6F+Q66, Bashundhara Rd, Bashundhara R/A, Dhaka",23.811915,90.423029
Tabaq Coffee | Jamuna Future Park,Cafe,Bashundhara R/A,https://www.google.com/maps/place/Tabaq+Coffee+%7C+Jamuna+Future+Park/data=!4m7!3m6!1s0x3755c64da9bbffe1:0xd129d77aae8a5f24!8m2!3d23.8133921!4d90.4239144!16s%2Fg%2F11f0_gpmss!19sChIJ4f-7qU3GVTcRJF-KrnrXKdE?authuser=0&hl=en&g_ep=EgoyMDI2MDkwOS4wIJJjKgBIAVAD&rclk=1,4.2,8.2K,"Bashundhara R/A, Dhaka",23.813392,90.423914
Saffron Restaurant and Cafe,Cafe,Bashundhara R/A,https://www.google.com/maps/place/Saffron+Restaurant+and+Cafe/data=!4m7!3m6!1s0x3755c13370000001:0x51372395757f46f1!8m2!3d23.8136298!4d90.4239838!16s%2Fg%2F1pp2vjr5r!19sChIJAQAAcDPBVTcR8UZ_dZUjN1E?authuser=0&hl=en&g_ep=EgoyMDI2MDkwOS4wIJJjKgBIAVAD&rclk=1,3.9,146,"KA-244, Shop No 1-2, Block- D, Kuril, Progoti Sharani Jamuna Future Park , Bashundhara R/A, Dhaka",23.81363,90.423984
Poplar Taiwan - Bakery / Coffee / Dessert / Hot food -Jamuna Future Park,Cafe,Bashundhara R/A,https://www.google.com/maps/place/Poplar+Taiwan+-+Bakery+%2F+Coffee+%2F+Dessert+%2F+Hot+food+-Jamuna+Future+Park/data=!4m7!3m6!1s0x3755c64dac6367e9:0x39d870fcc4138c38!8m2!3d23.8135359!4d90.4242369!16s%2Fg%2F11bxf4lddp!19sChIJ6WdjrE3GVTcROIwTxPxw2Dk?authuser=0&hl=en&g_ep=EgoyMDI2MDkwOS4wIJJjKgBIAVAD&rclk=1,3.9,170,"Bashundhara R/A, Dhaka",23.813536,90.424237
Prolog beans & bites,Cafe,Bashundhara R/A,https://www.google.com/maps/place/Prolog+beans+%26+bites/data=!4m7!3m6!1s0x3755c79943ff6b25:0xb873003d727a2b2d!8m2!3d23.814056!4d90.4232855!16s%2Fg%2F11ft0smpnr!19sChIJJWv_Q5nHVTcRLSt6cj0Ac7g?authuser=0&hl=en&g_ep=EgoyMDI2MDkwOS4wIJJjKgBIAVAD&rclk=1,4.7,24,"Shop 16, Zone A, Level 5 Jamuna Future Park KA-244, Kuril, Progoti Shoroni , Bashundhara R/A, Dhaka",23.814056,90.423286
Student's Cafe,Cafe,Bashundhara R/A,https://www.google.com/maps/place/Student%27s+Cafe/data=!4m7!3m6!1s0x3755c75a3a5bdd73:0x88b9234033d7924d!8m2!3d23.8129737!4d90.4238454!16s%2Fg%2F11h4h2x7vz!19sChIJc91bOlrHVTcRTZLXM0AjuYg?authuser=0&hl=en&g_ep=EgoyMDI2MDkwOS4wIJJjKgBIAVAD&rclk=1,4.2,19,"Shop-5C-12, Level- 5, Jamuna Future Park, Bashundhara Rd , Bashundhara R/A, Dhaka",23.812974,90.423845
Albino Restaurent & Party Hall,Cafe,Bashundhara R/A,https://www.google.com/maps/place/Albino+Restaurent+%26+Party+Hall/data=!4m7!3m6!1s0x3755c64daf4a4231:0xf4d058aa394077ac!8m2!3d23.8136638!4d90.4237806!16s%2Fg%2F11cn7gy3tw!19sChIJMUJKr03GVTcRrHdAOapY0PQ?authuser=0&hl=en&g_ep=EgoyMDI2MDkwOS4wIJJjKgBIAVAD&rclk=1,4.1,33,"Shop No. 18/19, Level 5, Block A Jamuna Future Park, Pragati Ave ঢাকা 1229 BD, 1229 Pragati Avenue , Bashundhara R/A, Dhaka",23.813664,90.423781
Couple Cafe,Cafe,Bashundhara R/A,https://www.google.com/maps/place/Couple+Cafe/data=!4m7!3m6!1s0x3755c64d065c3069:0x51aef6934d0ddb7e!8m2!3d23.8130114!4d90.4238383!16s%2Fg%2F11fflzjkcp!19sChIJaTBcBk3GVTcRftsNTZP2rlE?authuser=0&hl=en&g_ep=EgoyMDI2MDkwOS4wIJJjKgBIAVAD&rclk=1,1.7,7,"Shop-5C-12, Level- 5, Jamuna Future Park, Bashundhara Rd , Bashundhara R/A, Dhaka",23.813011,90.423838
CHA POINT,Cafe,Bashundhara R/A,https://www.google.com/maps/place/CHA+POINT/data=!4m7!3m6!1s0x3755c72eb1604d15:0xa25bd86a34e4beb3!8m2!3d23.8127476!4d90.4243875!16s%2Fg%2F11vj194b9h!19sChIJFU1gsS7HVTcRs77kNGrYW6I?authuser=0&hl=en&g_ep=EgoyMDI2MDkwOS4wIJJjKgBIAVAD&rclk=1,3.5,6,"Bashundhara R/A, Dhaka",23.812748,90.424387
AHLAM CAFE,Cafe,Bashundhara R/A,https://www.google.com/maps/place/AHLAM+CAFE/data=!4m7!3m6!1s0x3755c70052b42145:0x53a82d04629d7d11!8m2!3d23.8247506!4d90.4294394!16s%2Fg%2F11zgxd0ckd!19sChIJRSG0UgDHVTcREX2dYgQtqFM?authuser=0&hl=en&g_ep=EgoyMDI2MDkwOS4wIJJjKgBIAVAD&rclk=1,4.4,19,"Plot 3 Sayem Sobhan Anvir Rd , Bashundhara R/A, Dhaka",23.824751,90.429439
Brewed Harmony Coffee Roasters,Cafe,Bashundhara R/A,https://www.google.com/maps/place/Brewed+Harmony+Coffee+Roasters/data=!4m7!3m6!1s0x3755b90005987581:0x6dec4df1c25c9852!8m2!3d23.808996!4d90.4316278!16s%2Fg%2F11l_8_l772!19sChIJgXWYBQC5VTcRUphcwvFN7G0?authuser=0&hl=en&g_ep=EgoyMDI2MDkwOS4wIJJjKgBIAVAD&rclk=1,4.6,38,"1st floor House#524, Plabon North Tower, Solmaid Rd , Bashundhara R/A, Dhaka",23.808996,90.431628
HOT COFFEE ADDA AND JUICE BAR,Cafe,Bashundhara R/A,https://www.google.com/maps/place/HOT+COFFEE+ADDA+AND+JUICE+BAR/data=!4m7!3m6!1s0x3755c7007ce2024f:0xb663548bfba01746!8m2!3d23.8277687!4d90.426953!16s%2Fg%2F11z92hty3_!19sChIJTwLifADHVTcRRheg-4tUY7Y?authuser=0&hl=en&g_ep=EgoyMDI2MDkwOS4wIJJjKgBIAVAD&rclk=1,5,1,"Bashundhara R/A, Dhaka",23.827769,90.426953
Pinwheel Cafe,Cafe,Bashundhara R/A,https://www.google.com/maps/place/Pinwheel+Cafe/data=!4m7!3m6!1s0x3755c7001de16ad9:0x3c1ae995bfb4cb92!8m2!3d23.8301006!4d90.4160596!16s%2Fg%2F11zf6hv0xz!19sChIJ2WrhHQDHVTcRksu0v5XpGjw?authuser=0&hl=en&g_ep=EgoyMDI2MDkwOS4wIJJjKgBIAVAD&rclk=1,5,1,"House-Kha51 Road No 6 , Bashundhara R/A, Dhaka",23.830101,90.41606
ChaJoy Bashundhara,Cafe,Bashundhara R/A,https://www.google.com/maps/place/ChaJoy+Bashundhara/data=!4m7!3m6!1s0x3755c10054cffbe1:0x54d61c17d4172de7!8m2!3d23.8117955!4d90.4218479!16s%2Fg%2F11nqvqvtb7!19sChIJ4fvPVADBVTcR5y0X1Bcc1lQ?authuser=0&hl=en&g_ep=EgoyMDI2MDkwOS4wIJJjKgBIAVAD&rclk=1,3.7,35,"Bashundhara R/A, Dhaka",23.811795,90.421848
Ajwah Bake & Pastry,Cafe,Bashundhara R/A,https://www.google.com/maps/place/Ajwah+Bake+%26+Pastry/data=!4m7!3m6!1s0x3755c64d0fd73993:0x5dd9e447779cf19a!8m2!3d23.8120569!4d90.4236834!16s%2Fg%2F11gh3b8mfg!19sChIJkznXD03GVTcRmvGcd0fk2V0?authuser=0&hl=en&g_ep=EgoyMDI2MDkwOS4wIJJjKgBIAVAD&rclk=1,4.5,17,"Bashundhara Rd , Bashundhara R/A, Dhaka",23.812057,90.423683
Eat&Meet Bashundhara,Cafe,Bashundhara R/A,https://www.google.com/maps/place/Eat%26Meet+Bashundhara/data=!4m7!3m6!1s0x3755c700166f66e1:0x6a626d88b3c3fffa!8m2!3d23.8238503!4d90.4296376!16s%2Fg%2F11ybrl73j9!19sChIJ4WZvFgDHVTcR-v_Ds4htYmo?authuser=0&hl=en&g_ep=EgoyMDI2MDkwOS4wIJJjKgBIAVAD&rclk=1,1.5,2,"Bashundhara R/A, Dhaka",23.82385,90.429638
Tabaq Coffee | Baridhara DOHS,Cafe,Bashundhara R/A,https://www.google.com/maps/place/Tabaq+Coffee+%7C+Baridhara+DOHS/data=!4m7!3m6!1s0x3755c7aabea39ddf:0xb585f1fc02105bc0!8m2!3d23.80914!4d90.413429!16s%2Fg%2F11cs6fq_5h!19sChIJ352jvqrHVTcRwFsQAvzxhbU?authuser=0&hl=en&g_ep=EgoyMDI2MDkwOS4wIJJjKgBIAVAD&rclk=1,4.4,967,"Shop 104, Ground Floor, Anannya Shopping Complex , Bashundhara R/A, Dhaka",23.80914,90.413429
"Dhaka,Bangladesh",Cafe,Bashundhara R/A,"https://www.google.com/maps/place/Dhaka,Bangladesh/data=!4m7!3m6!1s0x3755c75c5c82c6f1:0x47872fbddd6bc643!8m2!3d23.8103308!4d90.4124933!16s%2Fg%2F11trs7l661!19sChIJ8caCXFzHVTcRQ8Zr3b0vh0c?authuser=0&hl=en&g_ep=EgoyMDI2MDkwOS4wIJJjKgBIAVAD&rclk=1",5,1,"Bashundhara R/A, Dhaka",23.810331,90.412493
Eclair Bakery & Pastry,Cafe,Bashundhara R/A,https://www.google.com/maps/place/Eclair+Bakery+%26+Pastry/data=!4m7!3m6!1s0x3755c7001a35e9a3:0x1bd0c891ee884eee!8m2!3d23.8122636!4d90.4244284!16s%2Fg%2F11y54vswz8!19sChIJo-k1GgDHVTcR7k6I7pHI0Bs?authuser=0&hl=en&g_ep=EgoyMDI2MDkwOS4wIJJjKgBIAVAD&rclk=1,4.7,38,"KA/4/1, Bashundhara Rd , Bashundhara R/A, Dhaka",23.812264,90.424428
Pusti Dairy Farm Sweets & Bakery - Bashundhara Branch,Cafe,Bashundhara R/A,https://www.google.com/maps/place/Pusti+Dairy+Farm+Sweets+%26+Bakery+-+Bashundhara+Branch/data=!4m7!3m6!1s0x3755c7a8ba4f67e7:0x9b1d4bff2a90fd06!8m2!3d23.8120676!4d90.4222204!16s%2Fg%2F11kjn0_ytl!19sChIJ52dPuqjHVTcRBv2QKv9LHZs?authuser=0&hl=en&g_ep=EgoyMDI2MDkwOS4wIJJjKgBIAVAD&rclk=1,4.5,18,"Ka-24, 2 Bashundhara Rd , Bashundhara R/A, Dhaka",23.812068,90.42222
Tasty Treat- Bashundhara 1,Cafe,Bashundhara R/A,https://www.google.com/maps/place/Tasty+Treat-+Bashundhara+1/data=!4m7!3m6!1s0x3755c75422a224ff:0x3949e10ebf1ebdbc!8m2!3d23.8126378!4d90.4282137!16s%2Fg%2F11fl90mkn7!19sChIJ_ySiIlTHVTcRvL0evw7hSTk?authuser=0&hl=en&g_ep=EgoyMDI2MDkwOS4wIJJjKgBIAVAD&rclk=1,3.8,939,"12/D/E, Main Avenue , Bashundhara R/A, Dhaka",23.812638,90.428214
Al-Arabian Cake & Sweets,Cafe,Bashundhara R/A,https://www.google.com/maps/place/Al-Arabian+Cake+%26+Sweets/data=!4m7!3m6!1s0x3755c64ce371ca27:0x57a96b2f5b3c02a8!8m2!3d23.8122409!4d90.4245752!16s%2Fg%2F11g9q1tj3r!19sChIJJ8px40zGVTcRqAI8Wy9rqVc?authuser=0&hl=en&g_ep=EgoyMDI2MDkwOS4wIJJjKgBIAVAD&rclk=1,4,353,"Ka-54/3 Bashundhara Road, Dhaka 1229 Bashundhara Road , Bashundhara R/A, Dhaka",23.812241,90.424575
Shumi's Hot Cake Limited,Cafe,Bashundhara R/A,https://www.google.com/maps/place/Shumi%27s+Hot+Cake+Limited/data=!4m7!3m6!1s0x3755c64d1ead47ff:0xc6e151aa6f638960!8m2!3d23.8120458!4d90.4236495!16s%2Fg%2F11gsmk8tqb!19sChIJ_0etHk3GVTcRYIljb6pR4cY?authuser=0&hl=en&g_ep=EgoyMDI2MDkwOS4wIJJjKgBIAVAD&rclk=1,4.1,250,"RC6F+VJ2, Bashundhara Rd , Bashundhara R/A, Dhaka",23.812046,90.423649
Cake Storys Basundhara R/A,Cafe,Bashundhara R/A,https://www.google.com/maps/place/Cake+Storys+Basundhara+R%2FA/data=!4m7!3m6!1s0x3755c1e9763b4061:0xaccd368ca0eca785!8m2!3d23.8128732!4d90.4266768!16s%2Fg%2F11w297xzzw!19sChIJYUA7dunBVTcRhafsoIw2zaw?authuser=0&hl=en&g_ep=EgoyMDI2MDkwOS4wIJJjKgBIAVAD&rclk=1,4.2,31,"KA-1/B, Bashundhara Rd , Bashundhara R/A, Dhaka",23.812873,90.426677
Cooper's Bakery,Cafe,Bashundhara R/A,https://www.google.com/maps/place/Cooper%27s+Bakery/data=!4m7!3m6!1s0x3755c64d61a7f505:0x2541e02d9c2a4dc3!8m2!3d23.8121851!4d90.4241826!16s%2Fg%2F11g88bthy2!19sChIJBfWnYU3GVTcRw00qnC3gQSU?authuser=0&hl=en&g_ep=EgoyMDI2MDkwOS4wIJJjKgBIAVAD&rclk=1,4.3,547,"House Ka, 5/2 Bashundhara Rd , Bashundhara R/A, Dhaka",23.812185,90.424183
Bread & Beyond- Bashundhara R/A.,Cafe,Bashundhara R/A,https://www.google.com/maps/place/Bread+%26+Beyond-+Bashundhara+R%2FA./data=!4m7!3m6!1s0x3755c735241d5f23:0x5de791af9370448c!8m2!3d23.8120311!4d90.4219946!16s%2Fg%2F11h1m929nq!19sChIJI18dJDXHVTcRjERwk6-R510?authuser=0&hl=en&g_ep=EgoyMDI2MDkwOS4wIJJjKgBIAVAD&rclk=1,4.2,43,"24/2/A Bashundhara Rd, Shop no. 4 , Bashundhara R/A, Dhaka",23.812031,90.421995
Le Delicia - Bashundhara,Cafe,Bashundhara R/A,https://www.google.com/maps/place/Le+Delicia+-+Bashundhara/data=!4m7!3m6!1s0x3755c7d46785f3d1:0xab0a0bb797a72b4f!8m2!3d23.8121212!4d90.4224199!16s%2Fg%2F11qbsd83fv!19sChIJ0fOFZ9THVTcRTyunl7cLCqs?authuser=0&hl=en&g_ep=EgoyMDI2MDkwOS4wIJJjKgBIAVAD&rclk=1,3.6,58,"4-9 Bashundhara Rd , Bashundhara R/A, Dhaka",23.812121,90.42242
Adil’s Sugar Valley,Cafe,Bashundhara R/A,https://www.google.com/maps/place/Adil%E2%80%99s+Sugar+Valley/data=!4m7!3m6!1s0x3755c7000bed4399:0x46d3c320712f292a!8m2!3d23.812664!4d90.4280292!16s%2Fg%2F11ycs19lhm!19sChIJmUPtCwDHVTcRKikvcSDD00Y?authuser=0&hl=en&g_ep=EgoyMDI2MDkwOS4wIJJjKgBIAVAD&rclk=1,4.1,37,"Bashundhara R/A, Dhaka",23.812664,90.428029
"Mr. Baker, Bashundhara",Cafe,Bashundhara R/A,"https://www.google.com/maps/place/Mr.+Baker,+Bashundhara/data=!4m7!3m6!1s0x3755c7006d54d05f:0x9af37cbef6be3b9e!8m2!3d23.812031!4d90.4219876!16s%2Fg%2F11z0kpvxl_!19sChIJX9BUbQDHVTcRnju-9r5885o?authuser=0&hl=en&g_ep=EgoyMDI2MDkwOS4wIJJjKgBIAVAD&rclk=1",4.5,4,"24 Bashundhara Rd , Bashundhara R/A, Dhaka",23.812031,90.421988
Tasty Treat - Bashundhara 2,Cafe,Bashundhara R/A,https://www.google.com/maps/place/Tasty+Treat+-+Bashundhara+2/data=!4m7!3m6!1s0x3755c7316172b981:0x7a688c5c66f3d537!8m2!3d23.8126524!4d90.4244675!16s%2Fg%2F11tbzjt4bl!19sChIJgblyYTHHVTcRN9XzZlyMaHo?authuser=0&hl=en&g_ep=EgoyMDI2MDkwOS4wIJJjKgBIAVAD&rclk=1,3.2,21,"ka-1/C, Jagannathpur, Bashundhara Rd , Bashundhara R/A, Dhaka",23.812652,90.424468
Cakery Basundhara R/A,Cafe,Bashundhara R/A,https://www.google.com/maps/place/Cakery+Basundhara+R%2FA/data=!4m7!3m6!1s0x3755c100705fe193:0xc50cce4ba1897276!8m2!3d23.8123796!4d90.4229233!16s%2Fg%2F11ltbt3qkk!19sChIJk-FfcADBVTcRdnKJoUvODMU?authuser=0&hl=en&g_ep=EgoyMDI2MDkwOS4wIJJjKgBIAVAD&rclk=1,4.7,70,"Ka-9/A, Urban Void |, Bashundhara Main Gate Road , Bashundhara R/A, Dhaka",23.81238,90.422923
Pastryarchy,Cafe,Bashundhara R/A,https://www.google.com/maps/place/Pastryarchy/data=!4m7!3m6!1s0x3755b90c5a4beb0b:0x43fa716f57bb5360!8m2!3d23.8167474!4d90.4333466!16s%2Fg%2F11qpyb89g5!19sChIJC-tLWgy5VTcRYFO7V29x-kM?authuser=0&hl=en&g_ep=EgoyMDI2MDkwOS4wIJJjKgBIAVAD&rclk=1,4.8,34,"House 52 Mufti Abdur Rahman Rd , Bashundhara R/A, Dhaka",23.816747,90.433347
Meena Sweets-Bashundhara,Cafe,Bashundhara R/A,https://www.google.com/maps/place/Meena+Sweets-Bashundhara/data=!4m7!3m6!1s0x3755c70009d483f9:0x404480029136ca53!8m2!3d23.814626!4d90.4384002!16s%2Fg%2F11whdjbtdw!19sChIJ-YPUCQDHVTcRU8o2kQKAREA?authuser=0&hl=en&g_ep=EgoyMDI2MDkwOS4wIJJjKgBIAVAD&rclk=1,3.8,8,"Bashundhara R/A, Dhaka",23.814626,90.4384
Excellent Sweets,Cafe,Bashundhara R/A,https://www.google.com/maps/place/Excellent+Sweets/data=!4m7!3m6!1s0x3755c6529efee297:0xac258c14da626b26!8m2!3d23.8120139!4d90.4217862!16s%2Fg%2F11gjv78zlt!19sChIJl-L-nlLGVTcRJmti2hSMJaw?authuser=0&hl=en&g_ep=EgoyMDI2MDkwOS4wIJJjKgBIAVAD&rclk=1,3.8,12,"RC6C+RP3, Main Road , Bashundhara R/A, Dhaka",23.812014,90.421786
Le Delicia Bashundhara (2),Cafe,Bashundhara R/A,https://www.google.com/maps/place/Le+Delicia+Bashundhara+%282%29/data=!4m7!3m6!1s0x3755c7c1b6652dc9:0xca6639288fe7fd8d!8m2!3d23.8122303!4d90.4248395!16s%2Fg%2F11vd6gm8bf!19sChIJyS1ltsHHVTcRjf3njyg5Zso?authuser=0&hl=en&g_ep=EgoyMDI2MDkwOS4wIJJjKgBIAVAD&rclk=1,4.3,8,"K-1/A, Bashundhara Rd , Bashundhara R/A, Dhaka",23.81223,90.42484
Cake town- Bashundhara,Cafe,Bashundhara R/A,https://www.google.com/maps/place/Cake+town-+Bashundhara/data=!4m7!3m6!1s0x3755c70066ab42ad:0x37f98be37c9ce16d!8m2!3d23.8126767!4d90.4245824!16s%2Fg%2F11zwpg0zgb!19sChIJrUKrZgDHVTcRbeGcfOOL-Tc?authuser=0&hl=en&g_ep=EgoyMDI2MDkwOS4wIJJjKgBIAVAD&rclk=1,4,2,"007e Shahid Fazlul Haq Rd , Bashundhara R/A, Dhaka",23.812677,90.424582
Najeebites,Cafe,Bashundhara R/A,https://www.google.com/maps/place/Najeebites/data=!4m7!3m6!1s0x3755c74398fa1ca3:0xba7654bf4d9c614c!8m2!3d23.8248422!4d90.4424264!16s%2Fg%2F11nnv8774_!19sChIJoxz6mEPHVTcRTGGcTb9Udro?authuser=0&hl=en&g_ep=EgoyMDI2MDkwOS4wIJJjKgBIAVAD&rclk=1,4.1,13,"Bashundhara R/A, Dhaka",23.824842,90.442426
Zookies Cookies,Cafe,Bashundhara R/A,https://www.google.com/maps/place/Zookies+Cookies/data=!4m7!3m6!1s0x3755c7c7fa7c686f:0x908486da00db355a!8m2!3d23.8125596!4d90.4257226!16s%2Fg%2F11w22jgtz4!19sChIJb2h8-sfHVTcRWjXbANqGhJA?authuser=0&hl=en&g_ep=EgoyMDI2MDkwOS4wIJJjKgBIAVAD&rclk=1,4.8,4,"Bashundhara R/A, Dhaka",23.81256,90.425723
Wholesale club Bakery and restaurant,Cafe,Bashundhara R/A,https://www.google.com/maps/place/Wholesale+club+Bakery+and+restaurant/data=!4m7!3m6!1s0x3755c7b0d8e6ed03:0x3941c6acedcfdd78!8m2!3d23.8129455!4d90.4241481!16s%2Fg%2F11rdh_fbdq!19sChIJA-3m2LDHVTcReN3P7azGQTk?authuser=0&hl=en&g_ep=EgoyMDI2MDkwOS4wIJJjKgBIAVAD&rclk=1,4.3,8,"Basement 2, Block-C, Jamuna Future Park, Bashundhara Rd , Bashundhara R/A, Dhaka",23.812946,90.424148
Butter - Jar House (Bashundhara),Cafe,Bashundhara R/A,https://www.google.com/maps/place/Butter+-+Jar+House+%28Bashundhara%29/data=!4m7!3m6!1s0x3755c7c8d9d2db3d:0xbfce191b2462306f!8m2!3d23.8244746!4d90.4333286!16s%2Fg%2F11hxzmmg6p!19sChIJPdvS2cjHVTcRbzBiJBsZzr8?authuser=0&hl=en&g_ep=EgoyMDI2MDkwOS4wIJJjKgBIAVAD&rclk=1,4.3,11,"516 Road no. 13 , Bashundhara R/A, Dhaka",23.824475,90.433329
Aamal Foods - Bashundhara,Cafe,Bashundhara R/A,https://www.google.com/maps/place/Aamal+Foods+-+Bashundhara/data=!4m7!3m6!1s0x3755c7cb67c64fab:0xc4c914f105e81d3f!8m2!3d23.8120538!4d90.4224898!16s%2Fg%2F11l_4y_4g9!19sChIJq0_GZ8vHVTcRPx3oBfEUycQ?authuser=0&hl=en&g_ep=EgoyMDI2MDkwOS4wIJJjKgBIAVAD&rclk=1,4.1,9,"Bashundhara R/A, Dhaka",23.812054,90.42249
Bhagyakul Mistanna Bhander Bashundhara,Cafe,Bashundhara R/A,https://www.google.com/maps/place/Bhagyakul+Mistanna+Bhander+Bashundhara/data=!4m7!3m6!1s0x3755c795e7aae12d:0x2ca2bc59594a3fbf!8m2!3d23.8121915!4d90.4231171!16s%2Fg%2F11rv2wcnj9!19sChIJLeGq55XHVTcRvz9KWVm8oiw?authuser=0&hl=en&g_ep=EgoyMDI2MDkwOS4wIJJjKgBIAVAD&rclk=1,3.3,16,"Hazi Abdul Latif Mansion, Ka-9 Bashundhara Rd , Bashundhara R/A, Dhaka",23.812192,90.423117
Tasty Treat - Bashundhara Apollo Gate,Cafe,Bashundhara R/A,https://www.google.com/maps/place/Tasty+Treat+-+Bashundhara+Apollo+Gate/data=!4m7!3m6!1s0x3755c7bfca262e25:0x761844de5019722a!8m2!3d23.8090077!4d90.4314915!16s%2Fg%2F11x2cv68x9!19sChIJJS4myr_HVTcRKnIZUN5EGHY?authuser=0&hl=en&g_ep=EgoyMDI2MDkwOS4wIJJjKgBIAVAD&rclk=1,5,3,"Apollo gate, Plabon North Tower, Basumati Rd , Bashundhara R/A, Dhaka",23.809008,90.431492
Well Food (Bashundhara) - ওয়েল ফুড (বসুন্ধরা),Cafe,Bashundhara R/A,https://www.google.com/maps/place/Well+Food+%28Bashundhara%29+-+%E0%A6%93%E0%A6%AF%E0%A6%BC%E0%A7%87%E0%A6%B2+%E0%A6%AB%E0%A7%81%E0%A6%A1+%28%E0%A6%AC%E0%A6%B8%E0%A7%81%E0%A6%A8%E0%A7%8D%E0%A6%A7%E0%A6%B0%E0%A6%BE%29/data=!4m7!3m6!1s0x3755c64d6bf6b1ff:0xe4c44333866a6727!8m2!3d23.8120531!4d90.4223751!16s%2Fg%2F11b6gpdvqg!19sChIJ_7H2a03GVTcRJ2dqhjNDxOQ?authuser=0&hl=en&g_ep=EgoyMDI2MDkwOS4wIJJjKgBIAVAD&rclk=1,4.1,302,"KA 24, 4 Bashundhara Rd , Bashundhara R/A, Dhaka",23.812053,90.422375
ভাগ্যকূল মিষ্টান্ন ভান্ডার,Cafe,Bashundhara R/A,https://www.google.com/maps/place/%E0%A6%AD%E0%A6%BE%E0%A6%97%E0%A7%8D%E0%A6%AF%E0%A6%95%E0%A7%82%E0%A6%B2+%E0%A6%AE%E0%A6%BF%E0%A6%B7%E0%A7%8D%E0%A6%9F%E0%A6%BE%E0%A6%A8%E0%A7%8D%E0%A6%A8+%E0%A6%AD%E0%A6%BE%E0%A6%A8%E0%A7%8D%E0%A6%A1%E0%A6%BE%E0%A6%B0/data=!4m7!3m6!1s0x3755c79015c9b4c9:0x660a986c6717ead5!8m2!3d23.8120795!4d90.4223782!16s%2Fg%2F11sqcmst_4!19sChIJybTJFZDHVTcR1eoXZ2yYCmY?authuser=0&hl=en&g_ep=EgoyMDI2MDkwOS4wIJJjKgBIAVAD&rclk=1,4.5,4,"4/A, Sharkar Market, 4a Bashundhara Rd, Bashundhara R/A, Dhaka",23.812079,90.422378
Kheerwala premium-Dhaka,Cafe,Bashundhara R/A,https://www.google.com/maps/place/Kheerwala+premium-Dhaka/data=!4m7!3m6!1s0x3755c700436105ed:0xafa5d6a46c42fec5!8m2!3d23.8122774!4d90.4247536!16s%2Fg%2F11xmrjl_pb!19sChIJ7QVhQwDHVTcRxf5CbKTWpa8?authuser=0&hl=en&g_ep=EgoyMDI2MDkwOS4wIJJjKgBIAVAD&rclk=1,4.3,71,"Al haj abdus, Sadat Sobhan Tanvir Rd , Bashundhara R/A, Dhaka",23.812277,90.424754
Wheat 2 Sweet Bakery,Cafe,Bashundhara R/A,https://www.google.com/maps/place/Wheat+2+Sweet+Bakery/data=!4m7!3m6!1s0x3755c70029593dd3:0xff611714aa952681!8m2!3d23.816518!4d90.4242876!16s%2Fg%2F11xst3b3dr!19sChIJ0z1ZKQDHVTcRgSaVqhQXYf8?authuser=0&hl=en&g_ep=EgoyMDI2MDkwOS4wIJJjKgBIAVAD&rclk=1,5,16,"RC8F+JP3, Kuril Ghatpar Rd, Bashundhara R/A, Dhaka",23.816518,90.424288
Swad Live Bakery,Cafe,Bashundhara R/A,https://www.google.com/maps/place/Swad+Live+Bakery/data=!4m7!3m6!1s0x3755c7005f1b0f67:0x8b62991b6f26ff91!8m2!3d23.8186796!4d90.4218663!16s%2Fg%2F11yfcmhhsn!19sChIJZw8bXwDHVTcRkf8mbxuZYos?authuser=0&hl=en&g_ep=EgoyMDI2MDkwOS4wIJJjKgBIAVAD&rclk=1,4.8,6,"Ka - 184, 3 Kazi Bari Mosjid Road , Bashundhara R/A, Dhaka",23.81868,90.421866
Monihar Bakery & Confectionery,Cafe,Bashundhara R/A,https://www.google.com/maps/place/Monihar+Bakery+%26+Confectionery/data=!4m7!3m6!1s0x3755c651f8a05aa7:0x21711391d950e9d9!8m2!3d23.8162296!4d90.421513!16s%2Fg%2F11f8jythzk!19sChIJp1qg-FHGVTcR2elQ2ZETcSE?authuser=0&hl=en&g_ep=EgoyMDI2MDkwOS4wIJJjKgBIAVAD&rclk=1,4.3,15,"Bashundhara R/A, Dhaka",23.81623,90.421513
Ajwah Bake & Pastry,Cafe,Bashundhara R/A,https://www.google.com/maps/place/Ajwah+Bake+%26+Pastry/data=!4m7!3m6!1s0x3755c70015da75cb:0xcbdb0f2670ac0c1c!8m2!3d23.8095832!4d90.4212119!16s%2Fg%2F11lnh9jk59!19sChIJy3XaFQDHVTcRHAyscCYP28s?authuser=0&hl=en&g_ep=EgoyMDI2MDkwOS4wIJJjKgBIAVAD&rclk=1,4.8,6,"Bashundhara R/A, Dhaka",23.809583,90.421212
Tasty Treat - Baridhara,Cafe,Bashundhara R/A,https://www.google.com/maps/place/Tasty+Treat+-+Baridhara/data=!4m7!3m6!1s0x3755c71042651d63:0xfc1441c7753def99!8m2!3d23.8076706!4d90.418227!16s%2Fg%2F11h4kskl_j!19sChIJYx1lQhDHVTcRme89dcdBFPw?authuser=0&hl=en&g_ep=EgoyMDI2MDkwOS4wIJJjKgBIAVAD&rclk=1,4.1,757,"Bashundhara R/A, Dhaka",23.807671,90.418227
Baily Pitha Ghar,Cafe,Bashundhara R/A,https://www.google.com/maps/place/Baily+Pitha+Ghar/data=!4m7!3m6!1s0x3755c64d1c3af365:0x11ddaec4ccd43319!8m2!3d23.8122582!4d90.4244201!16s%2Fg%2F11c2lr0dyt!19sChIJZfM6HE3GVTcRGTPUzMSu3RE?authuser=0&hl=en&g_ep=EgoyMDI2MDkwOS4wIJJjKgBIAVAD&rclk=1,3.8,427,"Ka-54/3, Bashundhara Road, Baridhara , Bashundhara R/A, Dhaka",23.812258,90.42442
আর. রহমান লাইভ বেকারি,Cafe,Bashundhara R/A,https://www.google.com/maps/place/%E0%A6%86%E0%A6%B0.+%E0%A6%B0%E0%A6%B9%E0%A6%AE%E0%A6%BE%E0%A6%A8+%E0%A6%B2%E0%A6%BE%E0%A6%87%E0%A6%AD+%E0%A6%AC%E0%A7%87%E0%A6%95%E0%A6%BE%E0%A6%B0%E0%A6%BF/data=!4m7!3m6!1s0x3755c7006308d893:0x61a547ae756c0d4!8m2!3d23.821024!4d90.4237107!16s%2Fg%2F11nb9_6tmp!19sChIJk9gIYwDHVTcR1MBW53pUGgY?authuser=0&hl=en&g_ep=EgoyMDI2MDkwOS4wIJJjKgBIAVAD&rclk=1,4,1,"RCCF+CF4, Kuratoli Rd, Bashundhara R/A, Dhaka",23.821024,90.423711
Cake Storys Nadda,Cafe,Bashundhara R/A,https://www.google.com/maps/place/Cake+Storys+Nadda/data=!4m7!3m6!1s0x3755c7effa93fa63:0x8099fd0a6f92c8f8!8m2!3d23.8096689!4d90.4201503!16s%2Fg%2F11ldtj7hk3!19sChIJY_qT-u_HVTcR-MiSbwr9mYA?authuser=0&hl=en&g_ep=EgoyMDI2MDkwOS4wIJJjKgBIAVAD&rclk=1,4.3,23,"Bashundhara R/A, Dhaka",23.809669,90.42015
15th Century Coffee & Bakery,Cafe,Bashundhara R/A,https://www.google.com/maps/place/15th+Century+Coffee+%26+Bakery/data=!4m7!3m6!1s0x3755c7a3eec60847:0xeb29c8cb43d637e9!8m2!3d23.8184873!4d90.421094!16s%2Fg%2F11jygckhq1!19sChIJRwjG7qPHVTcR6TfWQ8vIKes?authuser=0&hl=en&g_ep=EgoyMDI2MDkwOS4wIJJjKgBIAVAD&rclk=1,4.9,10,"Ground floor, JHK Windcel, KA-90, 1229 Progoti Sarani - Debogram Rd , Bashundhara R/A, Dhaka",23.818487,90.421094
Ajwah Bake & Pastry,Cafe,Bashundhara R/A,https://www.google.com/maps/place/Ajwah+Bake+%26+Pastry/data=!4m7!3m6!1s0x3755c65c7a9b7b3b:0x1b542c58f497ff8a!8m2!3d23.8287458!4d90.4189592!16s%2Fg%2F11cs4chwmq!19sChIJO3ubelzGVTcRiv-X9FgsVBs?authuser=0&hl=en&g_ep=EgoyMDI2MDkwOS4wIJJjKgBIAVAD&rclk=1,4,139,"House 1 Road No. 1 , Bashundhara R/A, Dhaka",23.828746,90.418959