Name,Category,Area,Google Map link,Rating,Reviews,Address,Latitude,Longitude
Cravito,Restaurant,Mirpur 12,https://www.google.com/maps/place/Cravito/data=!4m7!3m6!1s0x3755c1b152b1e0e7:0x654b1a407be88ed9!8m2!3d23.8285089!4d90.3706354!16s%2Fg%2F11zb8r0q8k!19sChIJ5-CxUrHBVTcR2Y7oe0AaS2U?authuser=0&hl=en&g_ep=EgoyMDI2MDkwMi4wIJJjKgBIAVAD&rclk=1,5,30,"Block D, House 25 Road 29, Mirpur 12, Dhaka",23.8285089,90.3706354
Al WAWAH,Cafe,Uttara,https://www.google.com/maps/place/Al+WAWAH/data=!4m7!3m6!1s0x3755c50016db8c1b:0x8d9321da6c1f377d!8m2!3d23.8743295!4d90.3816509!16s%2Fg%2F11ys4m63qt!19sChIJG4zbFgDFVTcRfTcfbNohk40?authuser=0&hl=en&g_ep=EgoyMDI2MDkwOS4wIJJjKgBIAVAD&rclk=1,5,17,"6th Floor) Plot, 24 & 26Canyon Tower, Sonargaon Janapath Rd , Uttara, Dhaka",23.87433,90.381651
Cascade Cafe,Cafe,Gulshan 2,https://www.google.com/maps/place/Cascade+Cafe/data=!4m7!3m6!1s0x3755c7ba6ec2c6e7:0x6e241e947655951!8m2!3d23.790456!4d90.4127423!16s%2Fg%2F11v_5rsrgl!19sChIJ58bCbrrHVTcRUVllR-lB4gY?authuser=0&hl=en&g_ep=EgoyMDI2MDkwMi4wIJJjKgBIAVAD&rclk=1,5,17,"Lobby Level, House, 47 Road No. 41, Gulshan 2, Dhaka",23.790456,90.4127423
Wheat 2 Sweet Bakery,Cafe,Bashundhara R/A,https://www.google.com/maps/place/Wheat+2+Sweet+Bakery/data=!4m7!3m6!1s0x3755c70029593dd3:0xff611714aa952681!8m2!3d23.816518!4d90.4242876!16s%2Fg%2F11xst3b3dr!19sChIJ0z1ZKQDHVTcRgSaVqhQXYf8?authuser=0&hl=en&g_ep=EgoyMDI2MDkwOS4wIJJjKgBIAVAD&rclk=1,5,16,"RC8F+JP3, Kuril Ghatpar Rd, Bashundhara R/A, Dhaka",23.816518,90.424288
Cafe Public Express,Cafe,Mirpur 1,https://www.google.com/maps/place/Cafe+Public+Express/data=!4m7!3m6!1s0x3755c10030deda69:0x44b8cdbb62fefb42!8m2!3d23.7986874!4d90.3554601!16s%2Fg%2F11x19mhm34!19sChIJadreMADBVTcRQvv-YrvNuEQ?authuser=0&hl=en&g_ep=EgoyMDI2MDkwMi4wIJJjKgBIAVAD&rclk=1,5,14,"Mirpur 1, Dhaka",23.7986874,90.3554601
Domesky Cafe,Cafe,Khilgaon,https://www.google.com/maps/place/Domesky+Cafe/data=!4m7!3m6!1s0x3755c7ce483a16af:0x95b8a2915d03772d!8m2!3d23.7643437!4d90.4288909!16s%2Fg%2F11qqfljw5l!19sChIJrxY6SM7HVTcRLXcDXZGiuJU?authuser=0&hl=en&g_ep=EgoyMDI2MDkwMi4wIJJjKgBIAVAD&rclk=1,5,10,"Khilgaon, Dhaka",23.7643437,90.4288909
SpoonLight Restaurant,Restaurant,Shantinagar,https://www.google.com/maps/place/SpoonLight+Restaurant/data=!4m7!3m6!1s0x3755b9e9e1841795:0xd8ae08f22c4c55e1!8m2!3d23.7364811!4d90.4125214!16s%2Fg%2F11z1srv_q2!19sChIJlReE4em5VTcR4VVMLPIIrtg?authuser=0&hl=en&g_ep=EgoyMDI2MDkwMi4wIJJjKgBIAVAD&rclk=1,5,8,"35/A Purana Paltan Line, VIP Rd, Shantinagar, Dhaka",23.7364811,90.4125214
Dynamic Cafe,Cafe,Bashundhara R/A,https://www.google.com/maps/place/Dynamic+Cafe/data=!4m7!3m6!1s0x3755c7f9a73102fb:0xe5fbf42b978f152a!8m2!3d23.8115709!4d90.4223496!16s%2Fg%2F11z73jv4nf!19sChIJ-wIxp_nHVTcRKhWPlyv0--U?authuser=0&hl=en&g_ep=EgoyMDI2MDkwOS4wIJJjKgBIAVAD&rclk=1,5,7,"3rd floor, Sayed Ali Super Market, Bashundhara Rd , Bashundhara R/A, Dhaka",23.811571,90.42235
"Bhanga , Mirpur-11",Cafe,Mirpur 11,"https://www.google.com/maps/place/Bhanga+,+Mirpur-11/data=!4m7!3m6!1s0x3755c1005b98fba1:0x6be4d00237380beb!8m2!3d23.8171849!4d90.3566045!16s%2Fg%2F11nbm4m_ts!19sChIJofuYWwDBVTcR6ws4NwLQ5Gs?authuser=0&hl=en&g_ep=EgoyMDI2MDkwMi4wIJJjKgBIAVAD&rclk=1",5,6,"Mirpur 11, Dhaka",23.8171849,90.3566045
Savory Hub,Restaurant,Uttara,https://www.google.com/maps/place/Savory+Hub/data=!4m7!3m6!1s0x3755c5000b0ef513:0x4c9ab26be7ac068!8m2!3d23.877746!4d90.388352!16s%2Fg%2F11mz2p0rch!19sChIJE_UOCwDFVTcRaMB6viaryQQ?authuser=0&hl=en&g_ep=EgoyMDI2MDkwOS4wIJJjKgBIAVAD&rclk=1,5,6,"33 Rd No 12, Uttara, Dhaka",23.877746,90.388352
Grain Pastry & Bakery (Sec-7),Cafe,Uttara,https://www.google.com/maps/place/Grain+Pastry+%26+Bakery+%28Sec-7%29/data=!4m7!3m6!1s0x3755c5f2efc53de7:0x8e274731bc8dcdd0!8m2!3d23.8736581!4d90.3964939!16s%2Fg%2F11h7ft5ft6!19sChIJ5z3F7_LFVTcR0M2NvDFHJ44?authuser=0&hl=en&g_ep=EgoyMDI2MDkwOS4wIJJjKgBIAVAD&rclk=1,5,5,"House#51 Road-27 , Uttara, Dhaka",23.873658,90.396494
Kravo,Restaurant,Bashundhara R/A,https://www.google.com/maps/place/Kravo/data=!4m7!3m6!1s0x3755c7005d529873:0x38c66430c6dbfdef!8m2!3d23.816437!4d90.4245028!16s%2Fg%2F11nr8sxfrm!19sChIJc5hSXQDHVTcR7_3bxjBkxjg?authuser=0&hl=en&g_ep=EgoyMDI2MDkwOS4wIJJjKgBIAVAD&rclk=1,5,5,"Bashundhara R/A, Dhaka",23.816437,90.424503
3 Charlie's Cafe,Cafe,Mirpur 11,https://www.google.com/maps/place/3+Charlie%27s+Cafe/data=!4m7!3m6!1s0x3755c7962844bad5:0xfd825fe8d7d2421b!8m2!3d23.8191131!4d90.3786283!16s%2Fg%2F11npfw2lzs!19sChIJ1bpEKJbHVTcRG0LS1-hfgv0?authuser=0&hl=en&g_ep=EgoyMDI2MDkwMi4wIJJjKgBIAVAD&rclk=1,5,4,"House Number 14 lalmatia tempostan , G th Floor- Food Court lalmatia tempostan, Lane 8, Mirpur 11, Dhaka",23.8191131,90.3786283
Aroma Sky Restaurant,Restaurant,Uttara,https://www.google.com/maps/place/Aroma+Sky+Restaurant/data=!4m7!3m6!1s0x3755c50016ae3b81:0xd4cffd205fcb4a55!8m2!3d23.8646061!4d90.3988027!16s%2Fg%2F11mslbm10g!19sChIJgTuuFgDFVTcRVUrLXyD9z9Q?authuser=0&hl=en&g_ep=EgoyMDI2MDkwOS4wIJJjKgBIAVAD&rclk=1,5,4,"1230, Millennium Tower, House - 02 Road 7 , Uttara, Dhaka",23.864606,90.398803
Coffee Square,Cafe,Uttara,https://www.google.com/maps/place/Coffee+Square/data=!4m7!3m6!1s0x3755c599556e3c85:0x4228f1c49475486c!8m2!3d23.8741549!4d90.3886467!16s%2Fg%2F11z6fylwzm!19sChIJhTxuVZnFVTcRbEh1lMTxKEI?authuser=0&hl=en&g_ep=EgoyMDI2MDkwOS4wIJJjKgBIAVAD&rclk=1,5,4,"Plot No : 39 & 41, Uttara Square, Sonargaon Janapath Rd, Uttara, Dhaka",23.874155,90.388647
Let's Vibe Bashundhara Ghatpar,Cafe,Bashundhara R/A,https://www.google.com/maps/place/Let%27s+Vibe+Bashundhara+Ghatpar/data=!4m7!3m6!1s0x3755c70046f13c45:0xb38582a5fe74622d!8m2!3d23.8163422!4d90.4244908!16s%2Fg%2F11lw8pzmfk!19sChIJRTzxRgDHVTcRLWJ0_qWChbM?authuser=0&hl=en&g_ep=EgoyMDI2MDkwOS4wIJJjKgBIAVAD&rclk=1,5,4,"Let's Vibe, Ghatpar Road , Bashundhara R/A, Dhaka",23.816342,90.424491
Pizzaria,Cafe,Mirpur 10,https://www.google.com/maps/place/Pizzaria/data=!4m7!3m6!1s0x3755c114ee391a07:0xa37768055b94ba21!8m2!3d23.8059072!4d90.366888!16s%2Fg%2F11m8r4bjwv!19sChIJBxo57hTBVTcRIbqUWwVod6M?authuser=0&hl=en&g_ep=EgoyMDI2MDkwMi4wIJJjKgBIAVAD&rclk=1,5,4,"Mirpur 10, Dhaka",23.8059072,90.366888
Rk Cafe and restaurant,Cafe,Uttara,https://www.google.com/maps/place/Rk+Cafe+and+restaurant/data=!4m7!3m6!1s0x3755c51bebc0f7a3:0x5318d587dba89fdc!8m2!3d23.8728642!4d90.3959984!16s%2Fg%2F11tf6h28wb!19sChIJo_fA6xvFVTcR3J-o24fVGFM?authuser=0&hl=en&g_ep=EgoyMDI2MDkwOS4wIJJjKgBIAVAD&rclk=1,5,4,"Uttara, Dhaka",23.872864,90.395998
Shu Xiang Yuan Chinese Restaurant,Restaurant,Gulshan 2,https://www.google.com/maps/place/Shu+Xiang+Yuan+Chinese+Restaurant/data=!4m7!3m6!1s0x3755c7002eb8fa73:0x5fc232fe3e1a3dc4!8m2!3d23.7951387!4d90.4145971!16s%2Fg%2F11zd3ybdmw!19sChIJc_q4LgDHVTcRxD0aPv4ywl8?authuser=0&hl=en&g_ep=EgoyMDI2MDkwMi4wIJJjKgBIAVAD&rclk=1,5,4,"Level 10, Hamid Tower, Gulshan 2, Dhaka",23.7951387,90.4145971
Textile Community Restaurant,Restaurant,Uttara,https://www.google.com/maps/place/Textile+Community+Restaurant/data=!4m7!3m6!1s0x3755c5c5643f1a71:0xbdde4b9570706d11!8m2!3d23.874756!4d90.391058!16s%2Fg%2F11k48_yzb9!19sChIJcRo_ZMXFVTcREW1wcJVL3r0?authuser=0&hl=en&g_ep=EgoyMDI2MDkwOS4wIJJjKgBIAVAD&rclk=1,5,4,"Uttara, Dhaka",23.874756,90.391058
AMICO Restaurant,Restaurant,Bashundhara R/A,https://www.google.com/maps/place/AMICO+Restaurant/data=!4m7!3m6!1s0x3755c70068aeae33:0xffcca11e3e5f94b3!8m2!3d23.8167995!4d90.4246503!16s%2Fg%2F11yvy665bs!19sChIJM66uaADHVTcRs5RfPh6hzP8?authuser=0&hl=en&g_ep=EgoyMDI2MDkwOS4wIJJjKgBIAVAD&rclk=1,5,3,"Bashundhara R/A, Dhaka",23.816799,90.42465
Decaf Coffee,Cafe,Bashundhara R/A,https://www.google.com/maps/place/Decaf+Coffee/data=!4m7!3m6!1s0x3755c7196c6d65e1:0xdfa0a2e8dc73e546!8m2!3d23.8189764!4d90.4368022!16s%2Fg%2F11nc43ldj8!19sChIJ4WVtbBnHVTcRRuVz3OiioN8?authuser=0&hl=en&g_ep=EgoyMDI2MDkwOS4wIJJjKgBIAVAD&rclk=1,5,3,"Bashundhara R/A, Dhaka",23.818976,90.436802
Falaq Restaurant,Restaurant,Uttara,https://www.google.com/maps/place/Falaq+Restaurant/data=!4m7!3m6!1s0x3755c5a86d47d4df:0x4b85842e18c846b8!8m2!3d23.8757736!4d90.3891168!16s%2Fg%2F11tss4t5w4!19sChIJ39RHbajFVTcRuEbIGC6EhUs?authuser=0&hl=en&g_ep=EgoyMDI2MDkwOS4wIJJjKgBIAVAD&rclk=1,5,3,"Uttara, Dhaka",23.875774,90.389117
MEHMAAN NAWAZI,Restaurant,Gulshan 2,https://www.google.com/maps/place/MEHMAAN+NAWAZI/data=!4m7!3m6!1s0x3755c74066c4c4d7:0x9e9f935fa83565bb!8m2!3d23.7946797!4d90.4145763!16s%2Fg%2F11z8g41pg3!19sChIJ18TEZkDHVTcRu2U1qF-Tn54?authuser=0&hl=en&g_ep=EgoyMDI2MDkwMi4wIJJjKgBIAVAD&rclk=1,5,3,"Gulshan 2, Dhaka",23.7946797,90.4145763
Tasty Treat - Bashundhara Apollo Gate,Cafe,Bashundhara R/A,https://www.google.com/maps/place/Tasty+Treat+-+Bashundhara+Apollo+Gate/data=!4m7!3m6!1s0x3755c7bfca262e25:0x761844de5019722a!8m2!3d23.8090077!4d90.4314915!16s%2Fg%2F11x2cv68x9!19sChIJJS4myr_HVTcRKnIZUN5EGHY?authuser=0&hl=en&g_ep=EgoyMDI2MDkwOS4wIJJjKgBIAVAD&rclk=1,5,3,"Apollo gate, Plabon North Tower, Basumati Rd , Bashundhara R/A, Dhaka",23.809008,90.431492
Ajwah Bake & Pastry,Cafe,Uttara,https://www.google.com/maps/place/Ajwah+Bake+%26+Pastry/data=!4m7!3m6!1s0x3755c5007c3296b9:0xfa6cb49449715bf8!8m2!3d23.8679848!4d90.3979761!16s%2Fg%2F11myqnnydj!19sChIJuZYyfADFVTcR-FtxSZS0bPo?authuser=0&hl=en&g_ep=EgoyMDI2MDkwOS4wIJJjKgBIAVAD&rclk=1,5,2,"12 Rabindra Sarani , Uttara, Dhaka",23.867985,90.397976
AUDSTS KITCHEN,Restaurant,Uttara,https://www.google.com/maps/place/AUDSTS+KITCHEN/data=!4m7!3m6!1s0x3755c50012757861:0x2d6b701eb9b7447d!8m2!3d23.8723828!4d90.3877828!16s%2Fg%2F11yrfpvb_t!19sChIJYXh1EgDFVTcRfUS3uR5way0?authuser=0&hl=en&g_ep=EgoyMDI2MDkwOS4wIJJjKgBIAVAD&rclk=1,5,2,"b, Rd 10/A, Uttara, Dhaka",23.872383,90.387783
Dining Table - Test the best,Restaurant,Uttara,https://www.google.com/maps/place/Dining+Table+-+Test+the+best/data=!4m7!3m6!1s0x3755c5004b234007:0x7988a190b0e084fa!8m2!3d23.8719221!4d90.3901632!16s%2Fg%2F11yq63z4kx!19sChIJB0AjSwDFVTcR-oTgsJChiHk?authuser=0&hl=en&g_ep=EgoyMDI2MDkwOS4wIJJjKgBIAVAD&rclk=1,5,2,"3, 19 Rd 10 , Uttara, Dhaka",23.871922,90.390163
Fry King - Khilgaon,Restaurant,Khilgaon,https://www.google.com/maps/place/Fry+King+-+Khilgaon/data=!4m7!3m6!1s0x3755b95b97468241:0xa1fd6eb379c0d11f!8m2!3d23.7513192!4d90.4235693!16s%2Fg%2F11nc2ztt_j!19sChIJQYJGl1u5VTcRH9HAebNu_aE?authuser=0&hl=en&g_ep=EgoyMDI2MDkwMi4wIJJjKgBIAVAD&rclk=1,5,2,"932/C, Shahid Baki Rd, Khilgaon, Dhaka",23.7513192,90.4235693
Nemo Restaurant,Restaurant,Bashundhara R/A,https://www.google.com/maps/place/Nemo+Restaurant/data=!4m7!3m6!1s0x3755c73d55dc3f37:0x6ceef91d660247b8!8m2!3d23.8154753!4d90.4416676!16s%2Fg%2F11zfssqpm7!19sChIJNz_cVT3HVTcRuEcCZh357mw?authuser=0&hl=en&g_ep=EgoyMDI2MDkwOS4wIJJjKgBIAVAD&rclk=1,5,2,"House-1062, 1229 Road No. 16 , Bashundhara R/A, Dhaka",23.815475,90.441668
Oh My Grill!,Restaurant,Bashundhara R/A,https://www.google.com/maps/place/Oh+My+Grill!/data=!4m7!3m6!1s0x3755c76025279247:0xeeaef60bd1a9831e!8m2!3d23.8128849!4d90.4270519!16s%2Fg%2F11qnhqnc3q!19sChIJR5InJWDHVTcRHoOp0Qv2ru4?authuser=0&hl=en&g_ep=EgoyMDI2MDkwOS4wIJJjKgBIAVAD&rclk=1,5,2,"Farhana, Bashundhara Rd , Bashundhara R/A, Dhaka",23.812885,90.427052
Plasma Cafe,Cafe,Mirpur 10,https://www.google.com/maps/place/Plasma+Cafe/data=!4m7!3m6!1s0x3755c15b5f3e889b:0x9a370ddd460c119c!8m2!3d23.8065824!4d90.3697388!16s%2Fg%2F11txpn4fr8!19sChIJm4g-X1vBVTcRnBEMRt0NN5o?authuser=0&hl=en&g_ep=EgoyMDI2MDkwMi4wIJJjKgBIAVAD&rclk=1,5,2,"House 10, Road 03 Roundabout, Mirpur 10, Dhaka",23.8065824,90.3697388
Uttara Recipe,Restaurant,Uttara,https://www.google.com/maps/place/Uttara+Recipe/data=!4m7!3m6!1s0x3755c42483999089:0xacde4ec98f7e57ca!8m2!3d23.8674347!4d90.3986838!16s%2Fg%2F12hkb89hy!19sChIJiZCZgyTEVTcRyld-j8lO3qw?authuser=0&hl=en&g_ep=EgoyMDI2MDkwOS4wIJJjKgBIAVAD&rclk=1,5,2,"V98X+XFF, Rabindra Sarani , Uttara, Dhaka",23.867435,90.398684
Ajwah Bake & Pastry,Cafe,Uttara,https://www.google.com/maps/place/Ajwah+Bake+%26+Pastry/data=!4m7!3m6!1s0x3755c5f325461cdf:0x4be0ebdbba24bc1e!8m2!3d23.8749484!4d90.3911739!16s%2Fg%2F11z2_qmd5x!19sChIJ3xxGJfPFVTcRHrwkutvr4Es?authuser=0&hl=en&g_ep=EgoyMDI2MDkwOS4wIJJjKgBIAVAD&rclk=1,5,1,"House 01 Rd 01 , Uttara, Dhaka",23.874948,90.391174
Best kacchi in Dhaka,Restaurant,Uttara,https://www.google.com/maps/place/Best+kacchi+in+Dhaka/data=!4m7!3m6!1s0x3755c5a5d16f0007:0xf99b6b903ccd5f30!8m2!3d23.8574578!4d90.4014067!16s%2Fg%2F11z8tnmbr0!19sChIJBwBv0aXFVTcRMF_NPJBrm_k?authuser=0&hl=en&g_ep=EgoyMDI2MDkwOS4wIJJjKgBIAVAD&rclk=1,5,1,"House 12 Road 7 , Uttara, Dhaka",23.857458,90.401407
Breathe & Brew,Cafe,Bashundhara R/A,https://www.google.com/maps/place/Breathe+%26+Brew/data=!4m7!3m6!1s0x3755c7b5ccc2ba81:0x3bccce472938b02b!8m2!3d23.8236275!4d90.4295503!16s%2Fg%2F11nr2231sb!19sChIJgbrCzLXHVTcRK7A4KUfOzDs?authuser=0&hl=en&g_ep=EgoyMDI2MDkwOS4wIJJjKgBIAVAD&rclk=1,5,1,"Rupayan Shopping Square, Lift-04, Block G, Basundhara R/A, Dhaka, Bangladesh, 1229, Dhaka, Bangladesh, 1229 , Bashundhara R/A, Dhaka",23.823628,90.42955
CAFE BIR (☕ &more),Cafe,Shantinagar,https://www.google.com/maps/place/CAFE+BIR+%28%E2%98%95+%26more%29/data=!4m7!3m6!1s0x3755b90070d2df05:0x536ff751181c7a89!8m2!3d23.7400086!4d90.413851!16s%2Fg%2F11z67844pv!19sChIJBd_ScAC5VTcRiXocGFH3b1M?authuser=0&hl=en&g_ep=EgoyMDI2MDkwMi4wIJJjKgBIAVAD&rclk=1,5,1,"Shantinagar, Dhaka",23.7400086,90.413851
California Fried Chicken and Pastry Shop (CFC) Uttara Sector 7,Cafe,Uttara,https://www.google.com/maps/place/California+Fried+Chicken+and+Pastry+Shop+%28CFC%29+Uttara+Sector+7/data=!4m7!3m6!1s0x3755c58799dcf591:0x16fbde3853f82b2c!8m2!3d23.8712303!4d90.4001766!16s%2Fg%2F11zxjczmsn!19sChIJkfXcmYfFVTcRLCv4Uzje-xY?authuser=0&hl=en&g_ep=EgoyMDI2MDkwOS4wIJJjKgBIAVAD&rclk=1,5,1,"Shop #33, Syed Grand Center, Plot #89 Road-28 , Uttara, Dhaka",23.87123,90.400177
"Dhaka,Bangladesh",Cafe,Bashundhara R/A,"https://www.google.com/maps/place/Dhaka,Bangladesh/data=!4m7!3m6!1s0x3755c75c5c82c6f1:0x47872fbddd6bc643!8m2!3d23.8103308!4d90.4124933!16s%2Fg%2F11trs7l661!19sChIJ8caCXFzHVTcRQ8Zr3b0vh0c?authuser=0&hl=en&g_ep=EgoyMDI2MDkwOS4wIJJjKgBIAVAD&rclk=1",5,1,"Bashundhara R/A, Dhaka",23.810331,90.412493
Food 24 paradise,Restaurant,Bashundhara R/A,https://www.google.com/maps/place/Food+24+paradise/data=!4m7!3m6!1s0x3755c7ecc165eeb3:0xe3d14455e3d5911e!8m2!3d23.8204432!4d90.426735!16s%2Fg%2F11wtlb9xmk!19sChIJs-5lwezHVTcRHpHV41VE0eM?authuser=0&hl=en&g_ep=EgoyMDI2MDkwOS4wIJJjKgBIAVAD&rclk=1,5,1,"Bashundhara R/A, Dhaka",23.820443,90.426735
GNCL Coffee Lounge,Cafe,Gulshan 2,https://www.google.com/maps/place/GNCL+Coffee+Lounge/data=!4m7!3m6!1s0x3755c7001fb26a63:0xc5fb5344b2cc7e0e!8m2!3d23.8038696!4d90.4114865!16s%2Fg%2F11yfkzr1vk!19sChIJY2qyHwDHVTcRDn7MskRT-8U?authuser=0&hl=en&g_ep=EgoyMDI2MDkwMi4wIJJjKgBIAVAD&rclk=1,5,1,"House: 4/A Road: 71, Gulshan North Club Ltd, 4a Rd No 71, Gulshan 2, Dhaka",23.8038696,90.4114865
Grounds,Cafe,Gulshan 2,https://www.google.com/maps/place/Grounds/data=!4m7!3m6!1s0x3755c70026ac1eff:0xabf7f4cd7c86c88d!8m2!3d23.7997892!4d90.4118735!16s%2Fg%2F11nhn_3fct!19sChIJ_x6sJgDHVTcRjciGfM3096s?authuser=0&hl=en&g_ep=EgoyMDI2MDkwMi4wIJJjKgBIAVAD&rclk=1,5,1,"Gulshan 2, Dhaka",23.7997892,90.4118735
Gulshan 2 street food market,Restaurant,Gulshan 2,https://www.google.com/maps/place/Gulshan+2+street+food+market/data=!4m7!3m6!1s0x3755c700219f89b3:0x2fed959782284136!8m2!3d23.7950953!4d90.4135248!16s%2Fg%2F11z1sp7r9b!19sChIJs4mfIQDHVTcRNkEogpeV7S8?authuser=0&hl=en&g_ep=EgoyMDI2MDkwMi4wIJJjKgBIAVAD&rclk=1,5,1,"Gulshan 2, Dhaka",23.7950953,90.4135248
Hot Bun Bakery Uttara,Cafe,Uttara,https://www.google.com/maps/place/Hot+Bun+Bakery+Uttara/data=!4m7!3m6!1s0x3755c5d366b586eb:0x90e49a620b82479b!8m2!3d23.8743344!4d90.398355!16s%2Fg%2F11rzwrxr2h!19sChIJ64a1ZtPFVTcRm0eCC2Ka5JA?authuser=0&hl=en&g_ep=EgoyMDI2MDkwOS4wIJJjKgBIAVAD&rclk=1,5,1,"S-7, H-11, R, Sonargaon Janapath Rd , Uttara, Dhaka",23.874334,90.398355
HOT COFFEE ADDA AND JUICE BAR,Cafe,Bashundhara R/A,https://www.google.com/maps/place/HOT+COFFEE+ADDA+AND+JUICE+BAR/data=!4m7!3m6!1s0x3755c7007ce2024f:0xb663548bfba01746!8m2!3d23.8277687!4d90.426953!16s%2Fg%2F11z92hty3_!19sChIJTwLifADHVTcRRheg-4tUY7Y?authuser=0&hl=en&g_ep=EgoyMDI2MDkwOS4wIJJjKgBIAVAD&rclk=1,5,1,"Bashundhara R/A, Dhaka",23.827769,90.426953
Hungry,Restaurant,Shantinagar,https://www.google.com/maps/place/Hungry/data=!4m7!3m6!1s0x3755b95cad22c827:0x6e3d954000f85e38!8m2!3d23.7365032!4d90.4133385!16s%2Fg%2F11z4_cgr75!19sChIJJ8girVy5VTcROF74AECVPW4?authuser=0&hl=en&g_ep=EgoyMDI2MDkwMi4wIJJjKgBIAVAD&rclk=1,5,1,"Vashani Bhaban, 51 Rd, Shantinagar, Dhaka",23.7365032,90.4133385
O-Ten Coffee,Cafe,Uttara,https://www.google.com/maps/place/O-Ten+Coffee/data=!4m7!3m6!1s0x3755c7825b1050f9:0xb024561c3610d82c!8m2!3d23.8521861!4d90.4061225!16s%2Fg%2F11yxq9_04y!19sChIJ-VAQW4LHVTcRLNgQNhxWJLA?authuser=0&hl=en&g_ep=EgoyMDI2MDkwOS4wIJJjKgBIAVAD&rclk=1,5,1,"Uttara, Dhaka",23.852186,90.406122
Pinwheel Cafe,Cafe,Bashundhara R/A,https://www.google.com/maps/place/Pinwheel+Cafe/data=!4m7!3m6!1s0x3755c7001de16ad9:0x3c1ae995bfb4cb92!8m2!3d23.8301006!4d90.4160596!16s%2Fg%2F11zf6hv0xz!19sChIJ2WrhHQDHVTcRksu0v5XpGjw?authuser=0&hl=en&g_ep=EgoyMDI2MDkwOS4wIJJjKgBIAVAD&rclk=1,5,1,"House-Kha51 Road No 6 , Bashundhara R/A, Dhaka",23.830101,90.41606
Rice ON 10th,Restaurant,Uttara,https://www.google.com/maps/place/Rice+ON+10th/data=!4m7!3m6!1s0x3755c5eac75073e7:0xd2b77058c93cbfca!8m2!3d23.8789383!4d90.3912083!16s%2Fg%2F11zxcjvm_m!19sChIJ53NQx-rFVTcRyr88yVhwt9I?authuser=0&hl=en&g_ep=EgoyMDI2MDkwOS4wIJJjKgBIAVAD&rclk=1,5,1,"House 15 Road 10A , Uttara, Dhaka",23.878938,90.391208
Sara's Kitchen,Restaurant,Uttara,https://www.google.com/maps/place/Sara%27s+Kitchen/data=!4m7!3m6!1s0x3755c576d2abbe21:0x693c39c550688d9d!8m2!3d23.8721551!4d90.3889822!16s%2Fg%2F11zh951s35!19sChIJIb6r0nbFVTcRnY1oUMU5PGk?authuser=0&hl=en&g_ep=EgoyMDI2MDkwOS4wIJJjKgBIAVAD&rclk=1,5,1,"House-24 Rd 10 , Uttara, Dhaka",23.872155,90.388982
Texas Flame,Restaurant,Banani,https://www.google.com/maps/place/Texas+Flame/data=!4m7!3m6!1s0x3755c707a67ee919:0x3ab10566e519573a!8m2!3d23.790139!4d90.4081749!16s%2Fg%2F11v02zj409!19sChIJGel-pgfHVTcROlcZ5WYFsTo?authuser=0&hl=en&g_ep=EgoyMDI2MDkwMi4wIJJjKgBIAVAD&rclk=1,4.9,4.1K,"House 25,8th Floor(Lift 7, Road No. 11, Banani, Dhaka",23.790139,90.4081749
K-klock cafe,Cafe,Uttara,https://www.google.com/maps/place/K-klock+cafe/data=!4m7!3m6!1s0x3755c5337f1ff68d:0x1cd0639c40d572f1!8m2!3d23.868166!4d90.4028802!16s%2Fg%2F11ys2_znnp!19sChIJjfYffzPFVTcR8XLVQJxj0Bw?authuser=0&hl=en&g_ep=EgoyMDI2MDkwOS4wIJJjKgBIAVAD&rclk=1,4.9,204,"House-2,R-13/A, 6 Shahajalal Ave , Uttara, Dhaka",23.868166,90.40288
The Big Q Uttara,Restaurant,Uttara,https://www.google.com/maps/place/The+Big+Q+Uttara/data=!4m7!3m6!1s0x3755c58a5a9a0017:0x7a3dbd4f5c27dedc!8m2!3d23.8620713!4d90.4006332!16s%2Fg%2F11vl4x642j!19sChIJFwCaWorFVTcR3N4nXE-9PXo?authuser=0&hl=en&g_ep=EgoyMDI2MDkwOS4wIJJjKgBIAVAD&rclk=1,4.9,141,"57 Road 7 , Uttara, Dhaka",23.862071,90.400633
Phin Cafe – Vietnamese Coffee Uttara,Cafe,Uttara,https://www.google.com/maps/place/Phin+Cafe+%E2%80%93+Vietnamese+Coffee+Uttara/data=!4m7!3m6!1s0x3755c50011a46271:0xc79e74f3bd92e59e!8m2!3d23.8777694!4d90.3906205!16s%2Fg%2F11y_3r2cby!19sChIJcWKkEQDFVTcRnuWSvfN0nsc?authuser=0&hl=en&g_ep=EgoyMDI2MDkwOS4wIJJjKgBIAVAD&rclk=1,4.9,133,"Uttara, Dhaka",23.877769,90.39062
Brëwhaus Coffee Roasters,Cafe,Uttara,https://www.google.com/maps/place/Br%C3%ABwhaus+Coffee+Roasters/data=!4m7!3m6!1s0x3755c54415b2b285:0xf2c1d2fc7588442d!8m2!3d23.8673615!4d90.396314!16s%2Fg%2F11njtn5vw2!19sChIJhbKyFUTFVTcRLUSIdfzSwfI?authuser=0&hl=en&g_ep=EgoyMDI2MDkwOS4wIJJjKgBIAVAD&rclk=1,4.9,30,"Lift 5, House-33, Sector-03, Road, 15 Rabindra Sarani , Uttara, Dhaka",23.867362,90.396314
Tasu's,Restaurant,Uttara,https://www.google.com/maps/place/Tasu%27s/data=!4m7!3m6!1s0x3755c1d3a333cb0f:0xd00c2549631fe465!8m2!3d23.8578261!4d90.3614415!16s%2Fg%2F11zd56mg8k!19sChIJD8szo9PBVTcRZeQfY0klDNA?authuser=0&hl=en&g_ep=EgoyMDI2MDkwOS4wIJJjKgBIAVAD&rclk=1,4.9,17,"Avenue 3 , Uttara, Dhaka",23.857826,90.361441
Urbán Café,Cafe,Mirpur 10,https://www.google.com/maps/place/Urb%C3%A1n+Caf%C3%A9/data=!4m7!3m6!1s0x3755c1000eaf838d:0x5fc75f752cc2e30f!8m2!3d23.7983832!4d90.3727623!16s%2Fg%2F11z76cxxv3!19sChIJjYOvDgDBVTcRD-PCLHVfx18?authuser=0&hl=en&g_ep=EgoyMDI2MDkwMi4wIJJjKgBIAVAD&rclk=1,4.9,16,"Mirpur 10, Dhaka",23.7983832,90.3727623
Canvas 0.1 uttara,Cafe,Uttara,https://www.google.com/maps/place/Canvas+0.1+uttara/data=!4m7!3m6!1s0x3755c50043d3f79d:0xa99b842ee6bfd9!8m2!3d23.8626038!4d90.3989756!16s%2Fg%2F11w_rxnj78!19sChIJnffTQwDFVTcR2b_mLoSbqQA?authuser=0&hl=en&g_ep=EgoyMDI2MDkwOS4wIJJjKgBIAVAD&rclk=1,4.9,12,"Shop-12, House, 16 Road-2, Uttara, Dhaka",23.862604,90.398976
The crust,Restaurant,Khilgaon,https://www.google.com/maps/place/The+crust/data=!4m7!3m6!1s0x3755b9f05b477177:0x20178fe75a571b19!8m2!3d23.75285!4d90.4179416!16s%2Fg%2F11mvpx8ft5!19sChIJd3FHW_C5VTcRGRtXWuePFyA?authuser=0&hl=en&g_ep=EgoyMDI2MDkwMi4wIJJjKgBIAVAD&rclk=1,4.9,12,"Khilgaon, Dhaka",23.75285,90.4179416
15th Century Coffee & Bakery,Cafe,Bashundhara R/A,https://www.google.com/maps/place/15th+Century+Coffee+%26+Bakery/data=!4m7!3m6!1s0x3755c7a3eec60847:0xeb29c8cb43d637e9!8m2!3d23.8184873!4d90.421094!16s%2Fg%2F11jygckhq1!19sChIJRwjG7qPHVTcR6TfWQ8vIKes?authuser=0&hl=en&g_ep=EgoyMDI2MDkwOS4wIJJjKgBIAVAD&rclk=1,4.9,10,"Ground floor, JHK Windcel, KA-90, 1229 Progoti Sarani - Debogram Rd , Bashundhara R/A, Dhaka",23.818487,90.421094
Chakhwi Restaurant,Restaurant,Dhanmondi,https://www.google.com/maps/place/Chakhwi+Restaurant/data=!4m7!3m6!1s0x3755b90045085cd3:0xe643df5e9c2441e9!8m2!3d23.7509831!4d90.3777979!16s%2Fg%2F11ym880_1k!19sChIJ01wIRQC5VTcR6UEknF7fQ-Y?authuser=0&hl=en&g_ep=EgoyMDI2MDkwMi4wIJJjKgBIAVAD&rclk=1,4.9,10,"Dhanmondi, Dhaka",23.7509831,90.3777979
MT Campus,Restaurant,Bashundhara R/A,https://www.google.com/maps/place/MT+Campus/data=!4m7!3m6!1s0x3755c70035aa09f9:0xe765897c8ccd5748!8m2!3d23.8169418!4d90.4243042!16s%2Fg%2F11mlv3xhns!19sChIJ-QmqNQDHVTcRSFfNjHyJZec?authuser=0&hl=en&g_ep=EgoyMDI2MDkwOS4wIJJjKgBIAVAD&rclk=1,4.9,9,"Bashundhara R/A, Dhaka",23.816942,90.424304
Cafe Velorika,Cafe,Bashundhara R/A,https://www.google.com/maps/place/Cafe+Velorika/data=!4m7!3m6!1s0x3755c78908bd3619:0xf92e1aa4aaf3cd78!8m2!3d23.8033485!4d90.4250683!16s%2Fg%2F11zb5p2pd8!19sChIJGTa9CInHVTcReM3zqqQaLvk?authuser=0&hl=en&g_ep=EgoyMDI2MDkwOS4wIJJjKgBIAVAD&rclk=1,4.9,8,"Road 11, Baridhara j block, Opposite of south point school and college Baridhara , Bashundhara R/A, Dhaka",23.803348,90.425068
Mirpurian's Cafe,Cafe,Mirpur 1,https://www.google.com/maps/place/Mirpurian%27s+Cafe/data=!4m7!3m6!1s0x3755c10063493525:0xee84621440c4fb5b!8m2!3d23.8037143!4d90.3479339!16s%2Fg%2F11lynw4b4l!19sChIJJTVJYwDBVTcRW_vEQBRihO4?authuser=0&hl=en&g_ep=EgoyMDI2MDkwMi4wIJJjKgBIAVAD&rclk=1,4.9,8,"Mirpur 1, Dhaka",23.8037143,90.3479339
PizzaBurg Uttara Branch,Restaurant,Uttara,https://www.google.com/maps/place/PizzaBurg+Uttara+Branch/data=!4m7!3m6!1s0x3755c54153df3a25:0xb32f92a842080350!8m2!3d23.8788396!4d90.3902312!16s%2Fg%2F11f88jm64j!19sChIJJTrfU0HFVTcRUAMIQqiSL7M?authuser=0&hl=en&g_ep=EgoyMDI2MDkwOS4wIJJjKgBIAVAD&rclk=1,4.8,16.9K,"Uttara, Dhaka",23.87884,90.390231
Pizzaburg Dhanmondi,Restaurant,Dhanmondi,https://www.google.com/maps/place/Pizzaburg+Dhanmondi/data=!4m7!3m6!1s0x3755bf74980f5567:0xa8f94209a249848d!8m2!3d23.7474018!4d90.3703192!16s%2Fg%2F11k1jqgqcc!19sChIJZ1UPmHS_VTcRjYRJoglC-ag?authuser=0&hl=en&g_ep=EgoyMDI2MDkwMi4wIJJjKgBIAVAD&rclk=1,4.8,15.0K,"754 Satmasjid Road, Dhanmondi, Dhaka",23.7474018,90.3703192
pizzaburg khilgaon,Restaurant,Khilgaon,https://www.google.com/maps/place/pizzaburg+khilgaon/data=!4m7!3m6!1s0x3755b9ba869124d3:0xf33e1875fee202cd!8m2!3d23.7508372!4d90.4243393!16s%2Fg%2F11lrp44rrl!19sChIJ0ySRhrq5VTcRzQLi_nUYPvM?authuser=0&hl=en&g_ep=EgoyMDI2MDkwMi4wIJJjKgBIAVAD&rclk=1,4.8,12.6K,"Khilgaon, Dhaka",23.7508372,90.4243393
PizzaBurg Bashundhara,Restaurant,Bashundhara R/A,https://www.google.com/maps/place/PizzaBurg+Bashundhara/data=!4m7!3m6!1s0x3755c7cc1dc5a91f:0x37386c719d6fc117!8m2!3d23.8121861!4d90.4229939!16s%2Fg%2F11fst8dmxv!19sChIJH6nFHczHVTcRF8FvnXFsODc?authuser=0&hl=en&g_ep=EgoyMDI2MDkwOS4wIJJjKgBIAVAD&rclk=1,4.8,11.4K,"9/KA, Manson, R/A, Ka-9 Bashundhara Rd , Bashundhara R/A, Dhaka",23.812186,90.422994
Meat Theory,Restaurant,Banani,https://www.google.com/maps/place/Meat+Theory/data=!4m7!3m6!1s0x3755c7ee1ec9a48f:0x6201fa6bf1b506e5!8m2!3d23.7911131!4d90.4010529!16s%2Fg%2F11h4fhywpp!19sChIJj6TJHu7HVTcR5Qa18Wv6AWI?authuser=0&hl=en&g_ep=EgoyMDI2MDkwMi4wIJJjKgBIAVAD&rclk=1,4.8,5.8K,"Tower B11, Level 14 Plot 43, Block F Road No. 11, Banani, Dhaka",23.7911131,90.4010529
AVANO - Asian Fusion Restaurant,Restaurant,Mirpur 12,https://www.google.com/maps/place/AVANO+-+Asian+Fusion+Restaurant/data=!4m7!3m6!1s0x3755c1abe2b30415:0x1a968dea1b5a672c!8m2!3d23.8272327!4d90.3643999!16s%2Fg%2F11y86tsm_j!19sChIJFQSz4qvBVTcRLGdaG-qNlho?authuser=0&hl=en&g_ep=EgoyMDI2MDkwMi4wIJJjKgBIAVAD&rclk=1,4.8,1.2K,"House 45, Level 9, Safura Tower, Rd No. 7, Mirpur 12, Dhaka",23.8272327,90.3643999
Woodhouse Grill Gulshan,Restaurant,Gulshan 1,https://www.google.com/maps/place/Woodhouse+Grill+Gulshan/data=!4m7!3m6!1s0x3755c7007851ff23:0x4eab6f5d1b19dde8!8m2!3d23.7773796!4d90.4161902!16s%2Fg%2F11y8l_2xvr!19sChIJI_9ReADHVTcR6N0ZG11vq04?authuser=0&hl=en&g_ep=EgoyMDI2MDkwMi4wIJJjKgBIAVAD&rclk=1,4.8,1.2K,"Plot SW(I, Bay's 23, 6 Road Gulshan Avenue, Gulshan 1, Dhaka",23.7773796,90.4161902
Turkish Lounge Espresso,Restaurant,Uttara,https://www.google.com/maps/place/Turkish+Lounge+Espresso/data=!4m7!3m6!1s0x3755c5007009ceb3:0xdb1e881f9e146a7!8m2!3d23.8744678!4d90.391563!16s%2Fg%2F11ynqm0q8b!19sChIJs84JcADFVTcRp0bh-YHosQ0?authuser=0&hl=en&g_ep=EgoyMDI2MDkwOS4wIJJjKgBIAVAD&rclk=1,4.8,672,"9th floor+rooftop, RM plaza, Sonargaon Janapath Rd , Uttara, Dhaka",23.874468,90.391563
"Awake Coffee Roasters, Banani",Cafe,Banani,"https://www.google.com/maps/place/Awake+Coffee+Roasters,+Banani/data=!4m7!3m6!1s0x3755c7000107bc05:0x5a3f1ef880a78017!8m2!3d23.7902636!4d90.4081206!16s%2Fg%2F11vt5l0d18!19sChIJBbwHAQDHVTcRF4CngPgeP1o?authuser=0&hl=en&g_ep=EgoyMDI2MDkwMi4wIJJjKgBIAVAD&rclk=1",4.8,637,"Banani, Dhaka",23.7902636,90.4081206
Grill Theory,Restaurant,Banani,https://www.google.com/maps/place/Grill+Theory/data=!4m7!3m6!1s0x3755c7f937b8db1b:0x5f150521b52d6c23!8m2!3d23.7902021!4d90.4080521!16s%2Fg%2F11x8jbmjkh!19sChIJG9u4N_nHVTcRI2wttSEFFV8?authuser=0&hl=en&g_ep=EgoyMDI2MDkwMi4wIJJjKgBIAVAD&rclk=1,4.8,451,"House 25, Block H, BFC Building, Level-3, Road No. 11, Banani, Dhaka",23.7902021,90.4080521
MOJA Korean Fusion Restaurant,Restaurant,Gulshan 2,https://www.google.com/maps/place/MOJA+Korean+Fusion+Restaurant/data=!4m7!3m6!1s0x3755c700291cf5a7:0x4fe17b35edbd0e7d!8m2!3d23.7953106!4d90.4147699!16s%2Fg%2F11x2pyll6j!19sChIJp_UcKQDHVTcRfQ697TV74U8?authuser=0&hl=en&g_ep=EgoyMDI2MDkwMi4wIJJjKgBIAVAD&rclk=1,4.8,360,"Gulshan 2, Dhaka",23.7953106,90.4147699
Coffee And,Cafe,Banani,https://www.google.com/maps/place/Coffee+And/data=!4m7!3m6!1s0x3755c70f3e822b61:0xaf877932b95929a0!8m2!3d23.7920964!4d90.4080505!16s%2Fg%2F11fnw_f607!19sChIJYSuCPg_HVTcRoClZuTJ5h68?authuser=0&hl=en&g_ep=EgoyMDI2MDkwMi4wIJJjKgBIAVAD&rclk=1,4.8,115,"House # 42, 1st Floor, Rd 12, Banani, Dhaka",23.7920964,90.4080505
Lounge 25,Cafe,Uttara,https://www.google.com/maps/place/Lounge+25/data=!4m7!3m6!1s0x3755c5b6e7f63e69:0x2814bf1622b5b800!8m2!3d23.8678336!4d90.3977411!16s%2Fg%2F11ml2mq3k9!19sChIJaT7257bFVTcRALi1Iha_FCg?authuser=0&hl=en&g_ep=EgoyMDI2MDkwOS4wIJJjKgBIAVAD&rclk=1,4.8,112,"Plot- 14 Rabindra Sarani , Uttara, Dhaka",23.867834,90.397741
Brewed Harmony Intercontinental,Cafe,Dhanmondi,https://www.google.com/maps/place/Brewed+Harmony+Intercontinental/data=!4m7!3m6!1s0x3755b9000664c58f:0x54b44f08d14b2921!8m2!3d23.7388427!4d90.3787366!16s%2Fg%2F11n4999l8s!19sChIJj8VkBgC5VTcRISlL0QhPtFQ?authuser=0&hl=en&g_ep=EgoyMDI2MDkwMi4wIJJjKgBIAVAD&rclk=1,4.8,100,"Plot: 32, Rangs Fortune, 5th Floor, Square Rd 02, Dhanmondi, Dhaka",23.7388427,90.3787366
Yumm Numm Bistro - Khilgaon,Restaurant,Khilgaon,https://www.google.com/maps/place/Yumm+Numm+Bistro+-+Khilgaon/data=!4m7!3m6!1s0x3755b900251480c7:0xa9a84d260ed00f78!8m2!3d23.7515215!4d90.4236986!16s%2Fg%2F11ytgkwhty!19sChIJx4AUJQC5VTcReA_QDiZNqKk?authuser=0&hl=en&g_ep=EgoyMDI2MDkwMi4wIJJjKgBIAVAD&rclk=1,4.8,87,"Khilgaon, Dhaka",23.7515215,90.4236986
Arabika Coffee Bashundhara Block A,Cafe,Bashundhara R/A,https://www.google.com/maps/place/Arabika+Coffee+Bashundhara+Block+A/data=!4m7!3m6!1s0x3755c70060da8e8d:0x4b9966019c5b421a!8m2!3d23.812678!4d90.4281871!16s%2Fg%2F11yyhnfs9n!19sChIJjY7aYADHVTcRGkJbnAFmmUs?authuser=0&hl=en&g_ep=EgoyMDI2MDkwOS4wIJJjKgBIAVAD&rclk=1,4.8,85,"Plot No- 12/D & 12, E Main Avenue , Bashundhara R/A, Dhaka",23.812678,90.428187
Burger Town - Mirpur,Restaurant,Mirpur 10,https://www.google.com/maps/place/Burger+Town+-+Mirpur/data=!4m7!3m6!1s0x3755c14f41bc82f9:0xce02b92eba5c838!8m2!3d23.8094215!4d90.3676907!16s%2Fg%2F11pbbk84tf!19sChIJ-YK8QU_BVTcROMil65Ir4Aw?authuser=0&hl=en&g_ep=EgoyMDI2MDkwMi4wIJJjKgBIAVAD&rclk=1,4.8,45,"House No. -2, Road No. – 4,Block – A, Section – 6 Mirpur -10, Kacci Bhai er Niche Mirpur Bangladesh, Mirpur 10, Dhaka",23.8094215,90.3676907
"BROWN Coffee Roasters, Banani Branch",Cafe,Banani,"https://www.google.com/maps/place/BROWN+Coffee+Roasters,+Banani+Branch/data=!4m7!3m6!1s0x3755c74991328723:0xb8ca46f5b1ec785!8m2!3d23.7928787!4d90.408437!16s%2Fg%2F11z7w2mw_p!19sChIJI4cykUnHVTcRhcceW2-kjAs?authuser=0&hl=en&g_ep=EgoyMDI2MDkwMi4wIJJjKgBIAVAD&rclk=1",4.8,42,"Momen Bari Hieghts Ground Floor, H: 157, R: 12, Block: E, Banani, Dhaka",23.7928787,90.408437
Tabaq Coffee | Centrepoint,Cafe,Uttara,https://www.google.com/maps/place/Tabaq+Coffee+%7C+Centrepoint/data=!4m7!3m6!1s0x3755c779af95b145:0xdee41b1d84b4d168!8m2!3d23.8527948!4d90.405446!16s%2Fg%2F11mzt5wrkq!19sChIJRbGVr3nHVTcRaNG0hB0b5N4?authuser=0&hl=en&g_ep=EgoyMDI2MDkwOS4wIJJjKgBIAVAD&rclk=1,4.8,42,"Chef's Table Centrepoint, Dhaka - Mymensingh Rd , Uttara, Dhaka",23.852795,90.405446
BREW & ESPRESSO,Cafe,Banani,https://www.google.com/maps/place/BREW+%26+ESPRESSO/data=!4m7!3m6!1s0x3755c7004ca0db1f:0x14a1c722e2a69e4f!8m2!3d23.7927545!4d90.4081811!16s%2Fg%2F11ybpk4r3s!19sChIJH9ugTADHVTcRT56m4iLHoRQ?authuser=0&hl=en&g_ep=EgoyMDI2MDkwMi4wIJJjKgBIAVAD&rclk=1,4.8,39,"House # 37 Rd 12, Banani, Dhaka",23.7927545,90.4081811
Pastryarchy,Cafe,Bashundhara R/A,https://www.google.com/maps/place/Pastryarchy/data=!4m7!3m6!1s0x3755b90c5a4beb0b:0x43fa716f57bb5360!8m2!3d23.8167474!4d90.4333466!16s%2Fg%2F11qpyb89g5!19sChIJC-tLWgy5VTcRYFO7V29x-kM?authuser=0&hl=en&g_ep=EgoyMDI2MDkwOS4wIJJjKgBIAVAD&rclk=1,4.8,34,"House 52 Mufti Abdur Rahman Rd , Bashundhara R/A, Dhaka",23.816747,90.433347
Tiffin - টিফিন,Restaurant,Bashundhara R/A,https://www.google.com/maps/place/Tiffin+-+%E0%A6%9F%E0%A6%BF%E0%A6%AB%E0%A6%BF%E0%A6%A8/data=!4m7!3m6!1s0x3755c7ddf64ee739:0xc64a0464a9a9ff12!8m2!3d23.8130999!4d90.4284828!16s%2Fg%2F11y98z8zcs!19sChIJOedO9t3HVTcREv-pqWQESsY?authuser=0&hl=en&g_ep=EgoyMDI2MDkwOS4wIJJjKgBIAVAD&rclk=1,4.8,32,"189 Bashundhara Rd , Bashundhara R/A, Dhaka",23.8131,90.428483
Cafe Relish,Cafe,Khilgaon,https://www.google.com/maps/place/Cafe+Relish/data=!4m7!3m6!1s0x3755b9003931030b:0x54b839ae070334a1!8m2!3d23.7419326!4d90.4288168!16s%2Fg%2F11whty_v_k!19sChIJCwMxOQC5VTcRoTQDB645uFQ?authuser=0&hl=en&g_ep=EgoyMDI2MDkwMi4wIJJjKgBIAVAD&rclk=1,4.8,24,"Khilgaon, Dhaka",23.7419326,90.4288168
Bashundhara Restaurant And Biryani House,Restaurant,Bashundhara R/A,https://www.google.com/maps/place/Bashundhara+Restaurant+And+Biryani+House/data=!4m7!3m6!1s0x3755c7d3d79c6b31:0xffe1bb54d02c2190!8m2!3d23.8112792!4d90.4262965!16s%2Fg%2F11l3x3lx0m!19sChIJMWuc19PHVTcRkCEs0FS74f8?authuser=0&hl=en&g_ep=EgoyMDI2MDkwOS4wIJJjKgBIAVAD&rclk=1,4.8,21,"RF93+M32, House#148 road#03 , Bashundhara R/A, Dhaka",23.811279,90.426297
Crema Cafe,Cafe,Gulshan 2,https://www.google.com/maps/place/Crema+Cafe/data=!4m7!3m6!1s0x3755c7cb111832b5:0xb69f041d824cc4f7!8m2!3d23.793733!4d90.4199047!16s%2Fg%2F11xgd6nn6k!19sChIJtTIYEcvHVTcR98RMgh0En7Y?authuser=0&hl=en&g_ep=EgoyMDI2MDkwMi4wIJJjKgBIAVAD&rclk=1,4.8,20,"Gulshan 2, Dhaka",23.793733,90.4199047
"Grabzo Restaurant, Bashundhara Residential Area.",Restaurant,Bashundhara R/A,"https://www.google.com/maps/place/Grabzo+Restaurant,+Bashundhara+Residential+Area./data=!4m7!3m6!1s0x3755c7001ed0a1a7:0x82594c06e938fa6d!8m2!3d23.8119582!4d90.4243714!16s%2Fg%2F11zb51xqtl!19sChIJp6HQHgDHVTcRbfo46QZMWYI?authuser=0&hl=en&g_ep=EgoyMDI2MDkwOS4wIJJjKgBIAVAD&rclk=1",4.8,20,"Bashundhara R/A, Dhaka",23.811958,90.424371
H COFFEE,Cafe,Bashundhara R/A,https://www.google.com/maps/place/H+COFFEE/data=!4m7!3m6!1s0x3755c70039b918c5:0xc951a474486ef8e6!8m2!3d23.8329597!4d90.4169494!16s%2Fg%2F11xygl_nd_!19sChIJxRi5OQDHVTcR5vhuSHSkUck?authuser=0&hl=en&g_ep=EgoyMDI2MDkwOS4wIJJjKgBIAVAD&rclk=1,4.8,20,"08 Road No. 13 , Bashundhara R/A, Dhaka",23.83296,90.416949
Burgerii,Cafe,Mirpur 10,https://www.google.com/maps/place/Burgerii/data=!4m7!3m6!1s0x3755c1003ed8155b:0xf2a7d5f6dd53d90d!8m2!3d23.8080959!4d90.3717019!16s%2Fg%2F11wnf9z1b7!19sChIJWxXYPgDBVTcRDdlT3fbVp_I?authuser=0&hl=en&g_ep=EgoyMDI2MDkwMi4wIJJjKgBIAVAD&rclk=1,4.8,19,"House: 1/7, Road: 19, Mirpur 10, Dhaka",23.8080959,90.3717019
Cafe Americano,Cafe,Banani,https://www.google.com/maps/place/Cafe+Americano/data=!4m7!3m6!1s0x3755c70064b955c9:0x1ea1c174373abefc!8m2!3d23.7951111!4d90.4065753!16s%2Fg%2F11ys2z677b!19sChIJyVW5ZADHVTcR_L46N3TBoR4?authuser=0&hl=en&g_ep=EgoyMDI2MDkwMi4wIJJjKgBIAVAD&rclk=1,4.8,18,"38 Road No. 23, Banani, Dhaka",23.7951111,90.4065753
Food Caves,Restaurant,Uttara,https://www.google.com/maps/place/Food+Caves/data=!4m7!3m6!1s0x3755c56b2ee18f7b:0x3e8beea0764d44da!8m2!3d23.8753833!4d90.4000036!16s%2Fg%2F11ydz9wc5_!19sChIJe4_hLmvFVTcR2kRNdqDuiz4?authuser=0&hl=en&g_ep=EgoyMDI2MDkwOS4wIJJjKgBIAVAD&rclk=1,4.8,17,"B, House#11, Rd 1 , Uttara, Dhaka",23.875383,90.400004
Bingo!,Restaurant,Bashundhara R/A,https://www.google.com/maps/place/Bingo!/data=!4m7!3m6!1s0x3755c5d0e890eaf5:0xec3147735fcb227!8m2!3d23.8165104!4d90.4243488!16s%2Fg%2F11yqwh90g6!19sChIJ9eqQ6NDFVTcRJ7L8NXcUww4?authuser=0&hl=en&g_ep=EgoyMDI2MDkwOS4wIJJjKgBIAVAD&rclk=1,4.8,16,"Bashundhara R/A, Dhaka",23.81651,90.424349
Coffee House,Cafe,Mirpur 1,https://www.google.com/maps/place/Coffee+House/data=!4m7!3m6!1s0x3755c14f7994aa7d:0x4ec52b1be0e5f14a!8m2!3d23.8069154!4d90.3719075!16s%2Fg%2F11yw88hkjn!19sChIJfaqUeU_BVTcRSvHl4BsrxU4?authuser=0&hl=en&g_ep=EgoyMDI2MDkwMi4wIJJjKgBIAVAD&rclk=1,4.8,14,"11/2, Block - B, House - 1, 1216 Road, Mirpur 1, Dhaka",23.8069154,90.3719075
Cream & Coffee (C&C),Cafe,Uttara,https://www.google.com/maps/place/Cream+%26+Coffee+%28C%26C%29/data=!4m7!3m6!1s0x3755c50047111ced:0x504a415805979a15!8m2!3d23.8755025!4d90.3984742!16s%2Fg%2F11xff_1d94!19sChIJ7RwRRwDFVTcRFZqXBVhBSlA?authuser=0&hl=en&g_ep=EgoyMDI2MDkwOS4wIJJjKgBIAVAD&rclk=1,4.8,11,"House 24, Road-2 , Uttara, Dhaka",23.875502,90.398474
ইরানি দম চা,Cafe,Bashundhara R/A,https://www.google.com/maps/place/%E0%A6%87%E0%A6%B0%E0%A6%BE%E0%A6%A8%E0%A6%BF+%E0%A6%A6%E0%A6%AE+%E0%A6%9A%E0%A6%BE/data=!4m7!3m6!1s0x3755c7e1aa0b4797:0x7d7327d98afbdee2!8m2!3d23.8171988!4d90.4218296!16s%2Fg%2F11yrnpbhr3!19sChIJl0cLquHHVTcR4t77itknc30?authuser=0&hl=en&g_ep=EgoyMDI2MDkwOS4wIJJjKgBIAVAD&rclk=1,4.8,11,"Ka-210/1,NSU Road,near Shwapno super shop, Kuril , Bashundhara R/A, Dhaka",23.817199,90.42183
Khubz,Restaurant,Bashundhara R/A,https://www.google.com/maps/place/Khubz/data=!4m7!3m6!1s0x3755c700732bbd53:0x5b2b560d634860d!8m2!3d23.8170316!4d90.4245507!16s%2Fg%2F11ltx3ysms!19sChIJU70rcwDHVTcRDYY01mC1sgU?authuser=0&hl=en&g_ep=EgoyMDI2MDkwOS4wIJJjKgBIAVAD&rclk=1,4.8,8,"Bashundhara R/A, Dhaka",23.817032,90.424551
Ajwah Bake & Pastry,Cafe,Bashundhara R/A,https://www.google.com/maps/place/Ajwah+Bake+%26+Pastry/data=!4m7!3m6!1s0x3755c70015da75cb:0xcbdb0f2670ac0c1c!8m2!3d23.8095832!4d90.4212119!16s%2Fg%2F11lnh9jk59!19sChIJy3XaFQDHVTcRHAyscCYP28s?authuser=0&hl=en&g_ep=EgoyMDI2MDkwOS4wIJJjKgBIAVAD&rclk=1,4.8,6,"Bashundhara R/A, Dhaka",23.809583,90.421212
Caffe Lattetude,Cafe,Mirpur 12,https://www.google.com/maps/place/Caffe+Lattetude/data=!4m7!3m6!1s0x3755c1fd3f01bacd:0x94ceac8a13ccd44e!8m2!3d23.8287633!4d90.3636111!16s%2Fg%2F11mw5vx852!19sChIJzboBP_3BVTcRTtTME4qszpQ?authuser=0&hl=en&g_ep=EgoyMDI2MDkwMi4wIJJjKgBIAVAD&rclk=1,4.8,6,"Mirpur 12, Dhaka",23.8287633,90.3636111
Madraz Kitchen,Restaurant,Bashundhara R/A,https://www.google.com/maps/place/Madraz+Kitchen/data=!4m7!3m6!1s0x3755c7d388931c47:0xc83bf6aef135e23b!8m2!3d23.8093507!4d90.4315889!16s%2Fg%2F11ypyjz_4g!19sChIJRxyTiNPHVTcRO-I18a72O8g?authuser=0&hl=en&g_ep=EgoyMDI2MDkwOS4wIJJjKgBIAVAD&rclk=1,4.8,6,"Bashundhara R/A, Dhaka",23.809351,90.431589
Swad Live Bakery,Cafe,Bashundhara R/A,https://www.google.com/maps/place/Swad+Live+Bakery/data=!4m7!3m6!1s0x3755c7005f1b0f67:0x8b62991b6f26ff91!8m2!3d23.8186796!4d90.4218663!16s%2Fg%2F11yfcmhhsn!19sChIJZw8bXwDHVTcRkf8mbxuZYos?authuser=0&hl=en&g_ep=EgoyMDI2MDkwOS4wIJJjKgBIAVAD&rclk=1,4.8,6,"Ka - 184, 3 Kazi Bari Mosjid Road , Bashundhara R/A, Dhaka",23.81868,90.421866
Assurance Farm Cafe - Banani,Cafe,Banani,https://www.google.com/maps/place/Assurance+Farm+Cafe+-+Banani/data=!4m7!3m6!1s0x3755c758655e8607:0xa029014f6974487d!8m2!3d23.7943006!4d90.404388!16s%2Fg%2F11xs4lxf_5!19sChIJB4ZeZVjHVTcRfUh0aU8BKaA?authuser=0&hl=en&g_ep=EgoyMDI2MDkwMi4wIJJjKgBIAVAD&rclk=1,4.8,5,"Banani, Dhaka",23.7943006,90.404388
MEALS & CAFE Restaurant Uttara.,Cafe,Uttara,https://www.google.com/maps/place/MEALS+%26+CAFE+Restaurant+Uttara./data=!4m7!3m6!1s0x3755c5ccf344573f:0xeb725e293bc827fb!8m2!3d23.8716124!4d90.3837015!16s%2Fg%2F11s7_bm1c3!19sChIJP1dE88zFVTcR-yfIOylecus?authuser=0&hl=en&g_ep=EgoyMDI2MDkwOS4wIJJjKgBIAVAD&rclk=1,4.8,5,"Plot 63 Shah Makhdum Ave , Uttara, Dhaka",23.871612,90.383702
Monsoon Iced Tea & Coffee,Cafe,Uttara,https://www.google.com/maps/place/Monsoon+Iced+Tea+%26+Coffee/data=!4m7!3m6!1s0x3755c5161ba6f99f:0xf3f5877a0beb0eb9!8m2!3d23.8635349!4d90.3952547!16s%2Fg%2F11wj9f8k_3!19sChIJn_mmGxbFVTcRuQ7rC3qH9fM?authuser=0&hl=en&g_ep=EgoyMDI2MDkwOS4wIJJjKgBIAVAD&rclk=1,4.8,5,"House: 2 Rd : 14 , Uttara, Dhaka",23.863535,90.395255
Food Heaven,Restaurant,Bashundhara R/A,https://www.google.com/maps/place/Food+Heaven/data=!4m7!3m6!1s0x3755c64da8506205:0xcea15b4e79ce2133!8m2!3d23.813427!4d90.4238259!16s%2Fg%2F11h1yg23r_!19sChIJBWJQqE3GVTcRMyHOeU5boc4?authuser=0&hl=en&g_ep=EgoyMDI2MDkwOS4wIJJjKgBIAVAD&rclk=1,4.8,4,"Bashundhara R/A, Dhaka",23.813427,90.423826
Zookies Cookies,Cafe,Bashundhara R/A,https://www.google.com/maps/place/Zookies+Cookies/data=!4m7!3m6!1s0x3755c7c7fa7c686f:0x908486da00db355a!8m2!3d23.8125596!4d90.4257226!16s%2Fg%2F11w22jgtz4!19sChIJb2h8-sfHVTcRWjXbANqGhJA?authuser=0&hl=en&g_ep=EgoyMDI2MDkwOS4wIJJjKgBIAVAD&rclk=1,4.8,4,"Bashundhara R/A, Dhaka",23.81256,90.425723
PizzaBurg,Restaurant,Mirpur 1,https://www.google.com/maps/place/PizzaBurg/data=!4m7!3m6!1s0x3755c0e73f16be8d:0xcf14921445f8c82f!8m2!3d23.8034453!4d90.3548157!16s%2Fg%2F11gf9qg998!19sChIJjb4WP-fAVTcRL8j4RRSSFM8?authuser=0&hl=en&g_ep=EgoyMDI2MDkwMi4wIJJjKgBIAVAD&rclk=1,4.7,27.4K,"R93F+GGH, Avenue Road Section:2 , Block: A, Avenue:1 , House: 12/1, Mirpur 1, Dhaka",23.8034453,90.3548157
Fuoco,Restaurant,Khilgaon,https://www.google.com/maps/place/Fuoco/data=!4m7!3m6!1s0x3755b9ce8347ce99:0xbb2694603fbc7200!8m2!3d23.7522818!4d90.4212111!16s%2Fg%2F11vl93bg46!19sChIJmc5Hg865VTcRAHK8P2CUJrs?authuser=0&hl=en&g_ep=EgoyMDI2MDkwMi4wIJJjKgBIAVAD&rclk=1,4.7,2.9K,"381b Shahid Baki Rd, Khilgaon, Dhaka",23.7522818,90.4212111
IZ Pâtisserie and Café - Dhanmondi Branch,Cafe,Dhanmondi,https://www.google.com/maps/place/IZ+P%C3%A2tisserie+and+Caf%C3%A9+-+Dhanmondi+Branch/data=!4m7!3m6!1s0x3755bf0061188ab1:0xac5400f2a1d9ef7e!8m2!3d23.7511533!4d90.3676697!16s%2Fg%2F11z7kshj1t!19sChIJsYoYYQC_VTcRfu_ZofIAVKw?authuser=0&hl=en&g_ep=EgoyMDI2MDkwMi4wIJJjKgBIAVAD&rclk=1,4.7,247,"Concord Sohel Square, 75 Satmasjid Road, Dhanmondi, Dhaka",23.7511533,90.3676697
D's Bistro,Restaurant,Uttara,https://www.google.com/maps/place/D%27s+Bistro/data=!4m7!3m6!1s0x3755c50754bf6b77:0xc9d0ab1b2f55de87!8m2!3d23.8708448!4d90.3841497!16s%2Fg%2F11vf2z1jdn!19sChIJd2u_VAfFVTcRh95VLxur0Mk?authuser=0&hl=en&g_ep=EgoyMDI2MDkwOS4wIJJjKgBIAVAD&rclk=1,4.7,174,"Uttara, Dhaka",23.870845,90.38415
Gao Geram,Restaurant,Uttara,https://www.google.com/maps/place/Gao+Geram/data=!4m7!3m6!1s0x3755c5005dff5d93:0x1b17a31654f6dfa7!8m2!3d23.8714944!4d90.3966252!16s%2Fg%2F11mkxn04fv!19sChIJk13_XQDFVTcRp9_2VBajFxs?authuser=0&hl=en&g_ep=EgoyMDI2MDkwOS4wIJJjKgBIAVAD&rclk=1,4.7,117,"House 32, road 28, sector 7, Uttara, Dhaka (beside 𝐔𝐭𝐭𝐚𝐫𝐚 𝐇𝐢𝐠𝐡 𝐒𝐜𝐡𝐨𝐨𝐥 & 𝐂𝐨𝐥𝐥𝐞𝐠𝐞) , Uttara, Dhaka",23.871494,90.396625
Crown Coffee-Uttara,Cafe,Uttara,https://www.google.com/maps/place/Crown+Coffee-Uttara/data=!4m7!3m6!1s0x3755c500765dcd2d:0x213d6d981f311869!8m2!3d23.8699992!4d90.3841976!16s%2Fg%2F11xrzlfb24!19sChIJLc1ddgDFVTcRaRgxH5htPSE?authuser=0&hl=en&g_ep=EgoyMDI2MDkwOS4wIJJjKgBIAVAD&rclk=1,4.7,77,"Uttara, Dhaka",23.869999,90.384198
Cakery Basundhara R/A,Cafe,Bashundhara R/A,https://www.google.com/maps/place/Cakery+Basundhara+R%2FA/data=!4m7!3m6!1s0x3755c100705fe193:0xc50cce4ba1897276!8m2!3d23.8123796!4d90.4229233!16s%2Fg%2F11ltbt3qkk!19sChIJk-FfcADBVTcRdnKJoUvODMU?authuser=0&hl=en&g_ep=EgoyMDI2MDkwOS4wIJJjKgBIAVAD&rclk=1,4.7,70,"Ka-9/A, Urban Void |, Bashundhara Main Gate Road , Bashundhara R/A, Dhaka",23.81238,90.422923
Pizzazz Cafe,Cafe,Mirpur 11,https://www.google.com/maps/place/Pizzazz+Cafe/data=!4m7!3m6!1s0x3755c1003d1b0693:0xb77b91baedc4b632!8m2!3d23.8100811!4d90.364886!16s%2Fg%2F11ybc53jjm!19sChIJkwYbPQDBVTcRMrbE7bqRe7c?authuser=0&hl=en&g_ep=EgoyMDI2MDkwMi4wIJJjKgBIAVAD&rclk=1,4.7,52,"Block- A, House- 41 Avenue 5, Mirpur 11, Dhaka",23.8100811,90.364886
Boogeyman,Restaurant,Bashundhara R/A,https://www.google.com/maps/place/Boogeyman/data=!4m7!3m6!1s0x3755c7cdca1ed82b:0x7f8298fb634bc480!8m2!3d23.812416!4d90.4228591!16s%2Fg%2F11spwzl2d1!19sChIJK9geys3HVTcRgMRLY_uYgn8?authuser=0&hl=en&g_ep=EgoyMDI2MDkwOS4wIJJjKgBIAVAD&rclk=1,4.7,42,"Main Gate, Urban Void Food Court, Ka-9/A, Bashundhara Rd , Bashundhara R/A, Dhaka",23.812416,90.422859
Petit Pause - Bashundhara R/A,Cafe,Bashundhara R/A,https://www.google.com/maps/place/Petit+Pause+-+Bashundhara+R%2FA/data=!4m7!3m6!1s0x3755c775bb6a3d91:0x346f44e0b161f6c8!8m2!3d23.8253233!4d90.4485823!16s%2Fg%2F11nj5prdqv!19sChIJkT1qu3XHVTcRyPZhseBEbzQ?authuser=0&hl=en&g_ep=EgoyMDI2MDkwOS4wIJJjKgBIAVAD&rclk=1,4.7,40,"Breeze Valley Business Center, Level -2 House: 2490/F & G, Road: 10, Block: L , Bashundhara R/A, Dhaka",23.825323,90.448582
Eclair Bakery & Pastry,Cafe,Bashundhara R/A,https://www.google.com/maps/place/Eclair+Bakery+%26+Pastry/data=!4m7!3m6!1s0x3755c7001a35e9a3:0x1bd0c891ee884eee!8m2!3d23.8122636!4d90.4244284!16s%2Fg%2F11y54vswz8!19sChIJo-k1GgDHVTcR7k6I7pHI0Bs?authuser=0&hl=en&g_ep=EgoyMDI2MDkwOS4wIJJjKgBIAVAD&rclk=1,4.7,38,"KA/4/1, Bashundhara Rd , Bashundhara R/A, Dhaka",23.812264,90.424428
London Street Restro,Restaurant,Uttara,https://www.google.com/maps/place/London+Street+Restro/data=!4m7!3m6!1s0x3755c5001fb81d35:0xda4a4d36e2de329d!8m2!3d23.8697784!4d90.3921376!16s%2Fg%2F11xnn06wnf!19sChIJNR24HwDFVTcRnTLe4jZNSto?authuser=0&hl=en&g_ep=EgoyMDI2MDkwOS4wIJJjKgBIAVAD&rclk=1,4.7,33,"House # 04 Road 02 , Uttara, Dhaka",23.869778,90.392138
Road View Cafe Roasters,Cafe,Bashundhara R/A,https://www.google.com/maps/place/Road+View+Cafe+Roasters/data=!4m7!3m6!1s0x3755c700166a1d63:0x9779138298d3dbcd!8m2!3d23.8143493!4d90.4385557!16s%2Fg%2F11wv28wfn4!19sChIJYx1qFgDHVTcRzdvTmIITeZc?authuser=0&hl=en&g_ep=EgoyMDI2MDkwOS4wIJJjKgBIAVAD&rclk=1,4.7,32,"Bashundhara R/A, Dhaka",23.814349,90.438556
Noor Cafe & Restaurant,Cafe,Uttara,https://www.google.com/maps/place/Noor+Cafe+%26+Restaurant/data=!4m7!3m6!1s0x3755c5a6cf34f3d7:0xbba39832ae6fb34a!8m2!3d23.8741743!4d90.4009224!16s%2Fg%2F11t0w0k8yv!19sChIJ1_M0z6bFVTcRSrNvrjKYo7s?authuser=0&hl=en&g_ep=EgoyMDI2MDkwOS4wIJJjKgBIAVAD&rclk=1,4.7,31,"5th Floor, Tropical Rafa Tower , Uttara, Dhaka",23.874174,90.400922
The Local Coffee Dhanmondi,Cafe,Dhanmondi,https://www.google.com/maps/place/The+Local+Coffee+Dhanmondi/data=!4m7!3m6!1s0x3755b9005d26fe2d:0xc3e6f07c8d8b330e!8m2!3d23.7389325!4d90.3788271!16s%2Fg%2F11nqbfm7n6!19sChIJLf4mXQC5VTcRDjOLjXzw5sM?authuser=0&hl=en&g_ep=EgoyMDI2MDkwMi4wIJJjKgBIAVAD&rclk=1,4.7,26,"Rangs Fortune Square, Level 6, Dhanmondi, Dhaka",23.7389325,90.3788271
Rest Nivo,Cafe,Khilgaon,https://www.google.com/maps/place/Rest+Nivo/data=!4m7!3m6!1s0x3755b9c826fdaed9:0x1790c036aac99ff9!8m2!3d23.7486846!4d90.4289578!16s%2Fg%2F11pt_8lghv!19sChIJ2a79Jsi5VTcR-Z_JqjbAkBc?authuser=0&hl=en&g_ep=EgoyMDI2MDkwMi4wIJJjKgBIAVAD&rclk=1,4.7,25,"618/A Road: 20, Khilgaon, Dhaka",23.7486846,90.4289578
Prolog beans & bites,Cafe,Bashundhara R/A,https://www.google.com/maps/place/Prolog+beans+%26+bites/data=!4m7!3m6!1s0x3755c79943ff6b25:0xb873003d727a2b2d!8m2!3d23.814056!4d90.4232855!16s%2Fg%2F11ft0smpnr!19sChIJJWv_Q5nHVTcRLSt6cj0Ac7g?authuser=0&hl=en&g_ep=EgoyMDI2MDkwOS4wIJJjKgBIAVAD&rclk=1,4.7,24,"Shop 16, Zone A, Level 5 Jamuna Future Park KA-244, Kuril, Progoti Shoroni , Bashundhara R/A, Dhaka",23.814056,90.423286
Roohani-Gulshan,Restaurant,Gulshan 2,https://www.google.com/maps/place/Roohani-Gulshan/data=!4m7!3m6!1s0x3755c70007222bb9:0x58d235aa6dafbbb7!8m2!3d23.7944742!4d90.4144563!16s%2Fg%2F11yn_vnhfk!19sChIJuSsiBwDHVTcRt7uvbao10lg?authuser=0&hl=en&g_ep=EgoyMDI2MDkwMi4wIJJjKgBIAVAD&rclk=1,4.7,18,"Gulshan 2, Dhaka",23.7944742,90.4144563
Uttara food,Restaurant,Uttara,https://www.google.com/maps/place/Uttara+food/data=!4m7!3m6!1s0x3755c5106bd46ff7:0xbed49e186f2c285a!8m2!3d23.8804599!4d90.3858314!16s%2Fg%2F11q265mdf1!19sChIJ92_UaxDFVTcRWigsbxie1L4?authuser=0&hl=en&g_ep=EgoyMDI2MDkwOS4wIJJjKgBIAVAD&rclk=1,4.7,16,"V9JP+58P, Siraj Mkt Rd, Uttara, Dhaka",23.88046,90.385831
"Dhaka Street, Bashundhara R/A",Restaurant,Bashundhara R/A,"https://www.google.com/maps/place/Dhaka+Street,+Bashundhara+R%2FA/data=!4m7!3m6!1s0x3755c7d9a715f9c5:0x3f31760387dc159a!8m2!3d23.8168181!4d90.4246906!16s%2Fg%2F11x1_x_ngs!19sChIJxfkVp9nHVTcRmhXchwN2MT8?authuser=0&hl=en&g_ep=EgoyMDI2MDkwOS4wIJJjKgBIAVAD&rclk=1",4.7,13,"Bashundhara R/A, Dhaka",23.816818,90.424691
Ahmed's Biriyani,Restaurant,Uttara,https://www.google.com/maps/place/Ahmed%27s+Biriyani/data=!4m7!3m6!1s0x3755c55368a2e3ad:0x923925b53a355d61!8m2!3d23.8769824!4d90.3878592!16s%2Fg%2F11rk34h9xy!19sChIJreOiaFPFVTcRYV01OrUlOZI?authuser=0&hl=en&g_ep=EgoyMDI2MDkwOS4wIJJjKgBIAVAD&rclk=1,4.7,11,"House No, 42 Rd -15 , Uttara, Dhaka",23.876982,90.387859
Coffee and Tales,Cafe,Banani,https://www.google.com/maps/place/Coffee+and+Tales/data=!4m7!3m6!1s0x3755c700602c2cc7:0xc2c1a69bfac61a63!8m2!3d23.7901599!4d90.4080726!16s%2Fg%2F11z9nkrtjn!19sChIJxywsYADHVTcRYxrG-pumwcI?authuser=0&hl=en&g_ep=EgoyMDI2MDkwMi4wIJJjKgBIAVAD&rclk=1,4.7,11,"Block H, Point 11, House 25 (Lift 4, Road No. 11, Banani, Dhaka",23.7901599,90.4080726
Espresso Factory Cafe,Cafe,Uttara,https://www.google.com/maps/place/Espresso+Factory+Cafe/data=!4m7!3m6!1s0x3755c1d4ef2c96d9:0xb12fca981283e3a2!8m2!3d23.8544723!4d90.3565056!16s%2Fg%2F11yn6g2dq3!19sChIJ2ZYs79TBVTcRouODEpjKL7E?authuser=0&hl=en&g_ep=EgoyMDI2MDkwOS4wIJJjKgBIAVAD&rclk=1,4.7,11,"1st Floor, RUAP, Commercial Complex , Uttara, Dhaka",23.854472,90.356506
Cafe De 19,Cafe,Uttara,https://www.google.com/maps/place/Cafe+De+19/data=!4m7!3m6!1s0x3755c5c3ed951b6d:0x33f880a6e9ad0a57!8m2!3d23.8656041!4d90.4062979!16s%2Fg%2F11m_m4gnbc!19sChIJbRuV7cPFVTcRVwqt6aaA-DM?authuser=0&hl=en&g_ep=EgoyMDI2MDkwOS4wIJJjKgBIAVAD&rclk=1,4.7,6,"Near Rail Line, Opposite Sector 04(road#18), Uttara, Dhaka , Uttara, Dhaka",23.865604,90.406298
Buttery Zayaka,Restaurant,Uttara,https://www.google.com/maps/place/Buttery+Zayaka/data=!4m7!3m6!1s0x3755c5833bdb7953:0xe168073d0b87e4dd!8m2!3d23.8761052!4d90.3909806!16s%2Fg%2F11k55bqq6b!19sChIJU3nbO4PFVTcR3eSHCz0HaOE?authuser=0&hl=en&g_ep=EgoyMDI2MDkwOS4wIJJjKgBIAVAD&rclk=1,4.7,3,"Uttara, Dhaka",23.876105,90.390981
Famous Sweets & Bakery,Cafe,Uttara,https://www.google.com/maps/place/Famous+Sweets+%26+Bakery/data=!4m7!3m6!1s0x3755c50019adb033:0xbb007b945acebe90!8m2!3d23.8750389!4d90.3905474!16s%2Fg%2F11njhpmg57!19sChIJM7CtGQDFVTcRkL7OWpR7ALs?authuser=0&hl=en&g_ep=EgoyMDI2MDkwOS4wIJJjKgBIAVAD&rclk=1,4.7,3,"House 02 Road No. 20 , Uttara, Dhaka",23.875039,90.390547
Mashallah kitchen,Restaurant,Bashundhara R/A,https://www.google.com/maps/place/Mashallah+kitchen/data=!4m7!3m6!1s0x3755c700395cafc9:0xdc4a9cb65f786e28!8m2!3d23.8088513!4d90.4323412!16s%2Fg%2F11npyf8zbv!19sChIJya9cOQDHVTcRKG54X7acStw?authuser=0&hl=en&g_ep=EgoyMDI2MDkwOS4wIJJjKgBIAVAD&rclk=1,4.7,3,"1524 Solmaid Bashundhara Notun Rd, Bashundhara R/A, Dhaka",23.808851,90.432341
Spice & Beans,Restaurant,Uttara,https://www.google.com/maps/place/Spice+%26+Beans/data=!4m7!3m6!1s0x3755c5d28c528765:0xb89f9b2144b90028!8m2!3d23.870667!4d90.3841065!16s%2Fg%2F11mkxgbpkn!19sChIJZYdSjNLFVTcRKAC5RCGbn7g?authuser=0&hl=en&g_ep=EgoyMDI2MDkwOS4wIJJjKgBIAVAD&rclk=1,4.7,3,"Uttara, Dhaka",23.870667,90.384107
Treehouse Cafe,Cafe,Gulshan 2,https://www.google.com/maps/place/Treehouse+Cafe/data=!4m7!3m6!1s0x3755c720d8d93ab7:0xe4a598d614dfa8e6!8m2!3d23.7930723!4d90.4181584!16s%2Fg%2F11wjp3yyl2!19sChIJtzrZ2CDHVTcR5qjfFNaYpeQ?authuser=0&hl=en&g_ep=EgoyMDI2MDkwMi4wIJJjKgBIAVAD&rclk=1,4.7,3,"House 8, Rd 101, Gulshan 2, Dhaka",23.7930723,90.4181584
Woodhouse Grill Banani,Restaurant,Banani,https://www.google.com/maps/place/Woodhouse+Grill+Banani/data=!4m7!3m6!1s0x3755c70a5169e8cb:0x3e971102cbeddfd9!8m2!3d23.7908477!4d90.4031427!16s%2Fg%2F11fx8wvkn6!19sChIJy-hpUQrHVTcR2d_tywIRlz4?authuser=0&hl=en&g_ep=EgoyMDI2MDkwMi4wIJJjKgBIAVAD&rclk=1,4.6,9.4K,"Level 4, BTI Laureate, House 56, Block F Road No. 11, Banani, Dhaka",23.7908477,90.4031427
Sultan's Dine Dhanmondi,Restaurant,Dhanmondi,https://www.google.com/maps/search/?api=1&query=Sultans+Dine+Dhanmondi+Dhaka,4.6,8.5K,"Road 9/A, Satmasjid Road, Dhanmondi, Dhaka",23.749,90.3715
NORTH END coffee roasters Dhanmondi,Cafe,Dhanmondi,https://www.google.com/maps/place/NORTH+END+coffee+roasters+Dhanmondi/data=!4m7!3m6!1s0x3755b9f0be5990bb:0x124c087cb8c03cb4!8m2!3d23.7383992!4d90.3781958!16s%2Fg%2F11f30bj5mv!19sChIJu5BZvvC5VTcRtDzAuHwITBI?authuser=0&hl=en&g_ep=EgoyMDI2MDkwMi4wIJJjKgBIAVAD&rclk=1,4.6,7.0K,"House 57, Old Ahmed & Kazi Tower, Lift 3rd, 35 সড়ক-২, Dhanmondi, Dhaka",23.7383992,90.3781958
Sultan's Dine Mirpur 10,Restaurant,Mirpur 10,https://www.google.com/maps/search/?api=1&query=Sultans+Dine+Mirpur+10+Dhaka,4.6,6.8K,"Roundabout, Mirpur 10, Dhaka",23.8072,90.3688
NORTH END Coffee Roasters,Cafe,Banani,https://www.google.com/maps/place/NORTH+END+Coffee+Roasters/data=!4m7!3m6!1s0x3755c7ed0165cef7:0x6be1b97c7a9df434!8m2!3d23.7938498!4d90.4064674!16s%2Fg%2F11gxj6snxx!19sChIJ985lAe3HVTcRNPSdeny54Ws?authuser=0&hl=en&g_ep=EgoyMDI2MDkwMi4wIJJjKgBIAVAD&rclk=1,4.6,4.9K,"Banani, Dhaka",23.7938498,90.4064674
NORTH END coffee roasters Cityscape,Cafe,Gulshan 1,https://www.google.com/maps/place/NORTH+END+coffee+roasters+Cityscape/data=!4m7!3m6!1s0x3755c798ad58dd3b:0xe98057a05da51b53!8m2!3d23.7853706!4d90.4173564!16s%2Fg%2F11b6nq_fj0!19sChIJO91YrZjHVTcRUxulXaBXgOk?authuser=0&hl=en&g_ep=EgoyMDI2MDkwMi4wIJJjKgBIAVAD&rclk=1,4.6,4.6K,"Gulshan 1, Dhaka",23.7853706,90.4173564
North End Coffee Roasters Banani,Cafe,Banani,https://www.google.com/maps/search/?api=1&query=North+End+Coffee+Roasters+Banani+Dhaka,4.6,3.2K,"Road 11, Block F, Banani, Dhaka",23.7947,90.4049
Arrowhead Grill,Restaurant,Banani,https://www.google.com/maps/place/Arrowhead+Grill/data=!4m7!3m6!1s0x3755c758072c5455:0xc85602fb379429b!8m2!3d23.7907266!4d90.4041698!16s%2Fg%2F11t5kmgvww!19sChIJVVQsB1jHVTcRm0J5sy9ghQw?authuser=0&hl=en&g_ep=EgoyMDI2MDkwMi4wIJJjKgBIAVAD&rclk=1,4.6,3.1K,"Level 4, House 32, Block G Road No. 11, Banani, Dhaka",23.7907266,90.4041698
North End Coffee Roasters Gulshan 2,Cafe,Gulshan 2,https://www.google.com/maps/search/?api=1&query=North+End+Coffee+Roasters+Gulshan+2+Dhaka,4.6,2.5K,"Landmark, Gulshan 2, Dhaka",23.7935,90.4135
Izumi Japanese Kitchen,Restaurant,Gulshan 2,https://www.google.com/maps/search/?api=1&query=Izumi+Gulshan+2+Dhaka,4.6,2.4K,"House 24C, Road 113, Gulshan 2, Dhaka",23.7942,90.414
Prego at The Westin,Restaurant,Gulshan 2,https://www.google.com/maps/search/?api=1&query=Prego+The+Westin+Gulshan+2+Dhaka,4.6,1.8K,"Main Gulshan Avenue, Gulshan 2, Dhaka",23.793,90.4145
Tabaq Coffee | Dhanmondi,Cafe,Dhanmondi,https://www.google.com/maps/place/Tabaq+Coffee+%7C+Dhanmondi/data=!4m7!3m6!1s0x3755c772f5490f2d:0x2524d0a52812e8c3!8m2!3d23.7383517!4d90.3779752!16s%2Fg%2F11q9mljf9c!19sChIJLQ9J9XLHVTcRw-gSKKXQJCU?authuser=0&hl=en&g_ep=EgoyMDI2MDkwMi4wIJJjKgBIAVAD&rclk=1,4.6,1.6K,"A2, Level 2, House, 37 সড়ক-২, Dhanmondi, Dhaka",23.7383517,90.3779752
Izakaya Uttara,Restaurant,Uttara,https://www.google.com/maps/place/Izakaya+Uttara/data=!4m7!3m6!1s0x3755c54cfa090dad:0x6ac2943a2422289!8m2!3d23.8678688!4d90.3966386!16s%2Fg%2F11khz1l13j!19sChIJrQ0J-kzFVTcRiSJCokMprAY?authuser=0&hl=en&g_ep=EgoyMDI2MDkwOS4wIJJjKgBIAVAD&rclk=1,4.6,1.2K,"House# 26 Rabindra Sarani , Uttara, Dhaka",23.867869,90.396639
Kala Bhuna & Kabab Nook,Restaurant,Uttara,https://www.google.com/maps/place/Kala+Bhuna+%26+Kabab+Nook/data=!4m7!3m6!1s0x3755c58655345b23:0x9c4a4e43f6776b12!8m2!3d23.867749!4d90.393657!16s%2Fg%2F11w40vtr0z!19sChIJI1s0VYbFVTcREmt39kNOSpw?authuser=0&hl=en&g_ep=EgoyMDI2MDkwOS4wIJJjKgBIAVAD&rclk=1,4.6,1.2K,"House: 5 Lake Drive Rd , Uttara, Dhaka",23.867749,90.393657
Nongor - নোঙ্গর Rooftop,Restaurant,Mirpur 12,https://www.google.com/maps/place/Nongor+-+%E0%A6%A8%E0%A7%8B%E0%A6%99%E0%A7%8D%E0%A6%97%E0%A6%B0+Rooftop/data=!4m7!3m6!1s0x3755c126f6238b0b:0xc26b8daef3e27f58!8m2!3d23.8279956!4d90.3638789!16s%2Fg%2F11nnqlf8zt!19sChIJC4sj9ibBVTcRWH_i866Na8I?authuser=0&hl=en&g_ep=EgoyMDI2MDkwMi4wIJJjKgBIAVAD&rclk=1,4.6,1.2K,"12, Nur Islam Mollah Avenue Holding No# 5 Shujaat Nagar, 1216 Bus stand, Mirpur 12, Dhaka",23.8279956,90.3638789
The Dining Lounge Uttara,Restaurant,Uttara,https://www.google.com/maps/place/The+Dining+Lounge+Uttara/data=!4m7!3m6!1s0x3755c50065c407c3:0x3152b276482cf97d!8m2!3d23.8748064!4d90.4000963!16s%2Fg%2F11vqxf0jq8!19sChIJwwfEZQDFVTcRffksSHayUjE?authuser=0&hl=en&g_ep=EgoyMDI2MDkwOS4wIJJjKgBIAVAD&rclk=1,4.6,1.2K,"Uttara, Dhaka",23.874806,90.400096
NORTH END coffee roasters Concord Baksh Tower,Cafe,Banani,https://www.google.com/maps/place/NORTH+END+coffee+roasters+Concord+Baksh+Tower/data=!4m7!3m6!1s0x3755c7131da09587:0x904d6d19e4f30dd8!8m2!3d23.7939481!4d90.412056!16s%2Fg%2F11q8ry4ryt!19sChIJh5WgHRPHVTcR2A3z5BltTZA?authuser=0&hl=en&g_ep=EgoyMDI2MDkwMi4wIJJjKgBIAVAD&rclk=1,4.6,1.1K,"Plot-11/A, Road-48, Block, CWN (A Kemal Ataturk Ave, Banani, Dhaka",23.7939481,90.412056
Tu do Restaurant,Restaurant,Banani,https://www.google.com/maps/place/Tu+do+Restaurant/data=!4m7!3m6!1s0x3755c567c7ec84ff:0x2ec0eb3c4056d1f0!8m2!3d23.7898093!4d90.4036356!16s%2Fg%2F11lv8ytwjh!19sChIJ_4Tsx2fFVTcR8NFWQDzrwC4?authuser=0&hl=en&g_ep=EgoyMDI2MDkwMi4wIJJjKgBIAVAD&rclk=1,4.6,1.0K,"House- 59 Road No.7, Banani, Dhaka",23.7898093,90.4036356
Amrit restaurant,Restaurant,Banani,https://www.google.com/maps/place/Amrit+restaurant/data=!4m7!3m6!1s0x3755c77f51ca42a7:0xcec1a898239faea6!8m2!3d23.7932824!4d90.4043256!16s%2Fg%2F11h90_09st!19sChIJp0LKUX_HVTcRpq6fI5iowc4?authuser=0&hl=en&g_ep=EgoyMDI2MDkwMi4wIJJjKgBIAVAD&rclk=1,4.6,992,"21 Road No. 17, Banani, Dhaka",23.7932824,90.4043256
Almajlis Arabian Restaurant | مطعم المجلس العربي,Restaurant,Gulshan 2,https://www.google.com/maps/place/Almajlis+Arabian+Restaurant+%7C+%D9%85%D8%B7%D8%B9%D9%85+%D8%A7%D9%84%D9%85%D8%AC%D9%84%D8%B3+%D8%A7%D9%84%D8%B9%D8%B1%D8%A8%D9%8A%E2%80%AD/data=!4m7!3m6!1s0x3755c7000d948035:0x7a97a0691b849f6d!8m2!3d23.7952571!4d90.4130772!16s%2Fg%2F11y9b6v1tn!19sChIJNYCUDQDHVTcRbZ-EG2mgl3o?authuser=0&hl=en&g_ep=EgoyMDI2MDkwMi4wIJJjKgBIAVAD&rclk=1,4.6,785,"Gulshan 2, Dhaka",23.7952571,90.4130772
Kabab Lounge,Restaurant,Uttara,https://www.google.com/maps/place/Kabab+Lounge/data=!4m7!3m6!1s0x3755c500670595d9:0x165eec9d3523992d!8m2!3d23.8678471!4d90.3976695!16s%2Fg%2F11m5tph7g1!19sChIJ2ZUFZwDFVTcRLZkjNZ3sXhY?authuser=0&hl=en&g_ep=EgoyMDI2MDkwOS4wIJJjKgBIAVAD&rclk=1,4.6,638,"Plot 14 Rabindra Sarani , Uttara, Dhaka",23.867847,90.39767
Brewers Den,Cafe,Gulshan 2,https://www.google.com/maps/place/Brewers+Den/data=!4m7!3m6!1s0x3755c7004c9f514f:0x3350cf05735d586!8m2!3d23.7938074!4d90.4047139!16s%2Fg%2F11vppbf0f4!19sChIJT1GfTADHVTcRhtU1V_AMNQM?authuser=0&hl=en&g_ep=EgoyMDI2MDkwMi4wIJJjKgBIAVAD&rclk=1,4.6,601,"Gulshan 2, Dhaka",23.7938074,90.4047139
Takumi,Restaurant,Gulshan 2,https://www.google.com/maps/place/Takumi/data=!4m7!3m6!1s0x3755c705628580b1:0xa3ea2c0df80bb7eb!8m2!3d23.7897842!4d90.4194769!16s%2Fg%2F11q946b58j!19sChIJsYCFYgXHVTcR67cL-A0s6qM?authuser=0&hl=en&g_ep=EgoyMDI2MDkwMi4wIJJjKgBIAVAD&rclk=1,4.6,594,"Plot9 1st Floor, Zahirul Tower, 9 Rd No 113/A, Gulshan 2, Dhaka",23.7897842,90.4194769
NORTH END coffee roasters Liberty Tower,Cafe,Uttara,https://www.google.com/maps/place/NORTH+END+coffee+roasters+Liberty+Tower/data=!4m7!3m6!1s0x3755c5e8de389f2d:0xd986959f35c10fb2!8m2!3d23.8630624!4d90.3996904!16s%2Fg%2F11x391tb27!19sChIJLZ843ujFVTcRsg_BNZ-Vhtk?authuser=0&hl=en&g_ep=EgoyMDI2MDkwOS4wIJJjKgBIAVAD&rclk=1,4.6,379,"Plot: 19, Liberty Tower , Uttara, Dhaka",23.863062,90.39969
RUYI BARBECUE,Restaurant,Gulshan 1,https://www.google.com/maps/place/RUYI+BARBECUE/data=!4m7!3m6!1s0x3755c70042479a89:0xde3e25d92b6a75ee!8m2!3d23.7846417!4d90.4172643!16s%2Fg%2F11wtzw0069!19sChIJiZpHQgDHVTcR7nVqK9klPt4?authuser=0&hl=en&g_ep=EgoyMDI2MDkwMi4wIJJjKgBIAVAD&rclk=1,4.6,277,"Gulshan 1, Dhaka",23.7846417,90.4172643
Lapostrophe,Cafe,Banani,https://www.google.com/maps/place/Lapostrophe/data=!4m7!3m6!1s0x3755c7006eee695b:0x59a0f718e236201c!8m2!3d23.7904487!4d90.4062601!16s%2Fg%2F11x2cxks36!19sChIJW2nubgDHVTcRHCA24hj3oFk?authuser=0&hl=en&g_ep=EgoyMDI2MDkwMi4wIJJjKgBIAVAD&rclk=1,4.6,271,"Plot 2, M&S House by Innstar, Block H Road No. 11, Banani, Dhaka",23.7904487,90.4062601
Tabaq Coffee | Gulshan 2,Cafe,Gulshan 2,https://www.google.com/maps/place/Tabaq+Coffee+%7C+Gulshan+2/data=!4m7!3m6!1s0x3755c78fc4304fc1:0x428ec97d5dc820d5!8m2!3d23.7959421!4d90.4150524!16s%2Fg%2F11rkm5n76j!19sChIJwU8wxI_HVTcR1SDIXX3JjkI?authuser=0&hl=en&g_ep=EgoyMDI2MDkwMi4wIJJjKgBIAVAD&rclk=1,4.6,147,"Gulshan 2, Dhaka",23.7959421,90.4150524
Checkmate Café,Cafe,Mirpur 10,https://www.google.com/maps/place/Checkmate+Caf%C3%A9/data=!4m7!3m6!1s0x3755c7c21bf02479:0x8e29e31f697a0469!8m2!3d23.8098566!4d90.3753068!16s%2Fg%2F11s5pw920g!19sChIJeSTwG8LHVTcRaQR6aR_jKY4?authuser=0&hl=en&g_ep=EgoyMDI2MDkwMi4wIJJjKgBIAVAD&rclk=1,4.6,126,"Rd No 17, Mirpur 10, Dhaka",23.8098566,90.3753068
Al Grissino Dhaka,Restaurant,Banani,https://www.google.com/maps/place/Al+Grissino+Dhaka/data=!4m7!3m6!1s0x3755c7bd6c414e95:0x4ff760574e14751e!8m2!3d23.7924326!4d90.4083566!16s%2Fg%2F11mv_qbx02!19sChIJlU5BbL3HVTcRHnUUTldg908?authuser=0&hl=en&g_ep=EgoyMDI2MDkwMi4wIJJjKgBIAVAD&rclk=1,4.6,120,"house no 77 B, 1230 Rd 12, Banani, Dhaka",23.7924326,90.4083566
Konami Dhaka,Restaurant,Gulshan 1,https://www.google.com/maps/place/Konami+Dhaka/data=!4m7!3m6!1s0x3755c700281b36f3:0xe837229a4a1324ae!8m2!3d23.7816314!4d90.4174804!16s%2Fg%2F11y2bwpv0r!19sChIJ8zYbKADHVTcRriQTSpoiN-g?authuser=0&hl=en&g_ep=EgoyMDI2MDkwMi4wIJJjKgBIAVAD&rclk=1,4.6,99,"House- 58/B, Rd 131, Gulshan 1, Dhaka",23.7816314,90.4174804
KAVVA,Restaurant,Bashundhara R/A,https://www.google.com/maps/place/KAVVA/data=!4m7!3m6!1s0x3755c73749f6337f:0x5c9320ddcf7d7ef4!8m2!3d23.8117459!4d90.438652!16s%2Fg%2F11zk2btb2k!19sChIJfzP2STfHVTcR9H59z90gk1w?authuser=0&hl=en&g_ep=EgoyMDI2MDkwOS4wIJJjKgBIAVAD&rclk=1,4.6,96,"Road-30-31, Bismillah Plaza , Bashundhara R/A, Dhaka",23.811746,90.438652
Bosco Cafe and Bistro,Restaurant,Banani,https://www.google.com/maps/place/Bosco+Cafe+and+Bistro/data=!4m7!3m6!1s0x3755c70072f737c3:0xbf6dd92dfa0ceb07!8m2!3d23.7908543!4d90.4062545!16s%2Fg%2F11ml182trx!19sChIJwzf3cgDHVTcRB-sM-i3Zbb8?authuser=0&hl=en&g_ep=EgoyMDI2MDkwMi4wIJJjKgBIAVAD&rclk=1,4.6,73,"Lavel-6, House-57 Road No. 11, Banani, Dhaka",23.7908543,90.4062545
Crowne Plaza Dhaka Gulshan Crowne Plaza Dhaka Gulshan,Restaurant,Gulshan 2,https://www.google.com/maps/place/Crowne+Plaza+Dhaka+Gulshan+Crowne+Plaza+Dhaka+Gulshan/data=!4m7!3m6!1s0x3755c7e1a5a549af:0x93bffc3fd62bf0d4!8m2!3d23.7946034!4d90.4137002!16s%2Fg%2F11v9v9mcbl!19sChIJr0mlpeHHVTcR1PAr1j_8v5M?authuser=0&hl=en&g_ep=EgoyMDI2MDkwMi4wIJJjKgBIAVAD&rclk=1,4.6,70,"Gulshan 2, Dhaka",23.7946034,90.4137002
2BROS CAFE,Cafe,Gulshan 1,https://www.google.com/maps/place/2BROS+CAFE/data=!4m7!3m6!1s0x3755c78a1ec74ee9:0x755b3fb504d3bc5!8m2!3d23.7801743!4d90.417068!16s%2Fg%2F11yx9jnz_7!19sChIJ6U7HHorHVTcRxTtNUPuzVQc?authuser=0&hl=en&g_ep=EgoyMDI2MDkwMi4wIJJjKgBIAVAD&rclk=1,4.6,65,"Gulshan 1, Dhaka",23.7801743,90.417068
Kavazo,Cafe,Uttara,https://www.google.com/maps/place/Kavazo/data=!4m7!3m6!1s0x3755c5c1fdd6bd2f:0x2f9cb5db82c1504e!8m2!3d23.8647122!4d90.3940682!16s%2Fg%2F11w1gnhl9v!19sChIJL73W_cHFVTcRTlDBgtu1nC8?authuser=0&hl=en&g_ep=EgoyMDI2MDkwOS4wIJJjKgBIAVAD&rclk=1,4.6,65,"House-44 Road-7 , Uttara, Dhaka",23.864712,90.394068
MOMOSi,Restaurant,Uttara,https://www.google.com/maps/place/MOMOSi/data=!4m7!3m6!1s0x3755c1ff309b8b7d:0x6c2071e601559ec7!8m2!3d23.8634784!4d90.3988937!16s%2Fg%2F11x6l7nxsy!19sChIJfYubMP_BVTcRx55VAeZxIGw?authuser=0&hl=en&g_ep=EgoyMDI2MDkwOS4wIJJjKgBIAVAD&rclk=1,4.6,55,"House 28/A, Road 02 , Uttara, Dhaka",23.863478,90.398894
Honest Bistro & Dine,Cafe,Uttara,https://www.google.com/maps/place/Honest+Bistro+%26+Dine/data=!4m7!3m6!1s0x3755c50057f6b2a9:0x87facda204067496!8m2!3d23.8623729!4d90.3938835!16s%2Fg%2F11ygr48jjb!19sChIJqbL2VwDFVTcRlnQGBKLN-oc?authuser=0&hl=en&g_ep=EgoyMDI2MDkwOS4wIJJjKgBIAVAD&rclk=1,4.6,47,"House - 11 Road No. 18 , Uttara, Dhaka",23.862373,90.393884
Flavour Cafe & Restaurant,Cafe,Mirpur 1,https://www.google.com/maps/place/Flavour+Cafe+%26+Restaurant/data=!4m7!3m6!1s0x3755c1001cfc7ea7:0x7e9cbc7115dacf6a!8m2!3d23.8054898!4d90.3670573!16s%2Fg%2F11mdms5lxv!19sChIJp378HADBVTcRas_aFXG8nH4?authuser=0&hl=en&g_ep=EgoyMDI2MDkwMi4wIJJjKgBIAVAD&rclk=1,4.6,42,"Mirpur 1, Dhaka",23.8054898,90.3670573
Brewed Harmony Coffee Roasters,Cafe,Bashundhara R/A,https://www.google.com/maps/place/Brewed+Harmony+Coffee+Roasters/data=!4m7!3m6!1s0x3755b90005987581:0x6dec4df1c25c9852!8m2!3d23.808996!4d90.4316278!16s%2Fg%2F11l_8_l772!19sChIJgXWYBQC5VTcRUphcwvFN7G0?authuser=0&hl=en&g_ep=EgoyMDI2MDkwOS4wIJJjKgBIAVAD&rclk=1,4.6,38,"1st floor House#524, Plabon North Tower, Solmaid Rd , Bashundhara R/A, Dhaka",23.808996,90.431628
DC Prime Cuisine & Restaurant │ Best Restaurant In Khilgaon,Restaurant,Khilgaon,https://www.google.com/maps/place/DC+Prime+Cuisine+%26+Restaurant+%E2%94%82+Best+Restaurant+In+Khilgaon/data=!4m7!3m6!1s0x3755b9000a87a9ad:0x5fe755a8e1a028a!8m2!3d23.7522582!4d90.4181659!16s%2Fg%2F11xmcnym54!19sChIJramHCgC5VTcRigIajlp1_gU?authuser=0&hl=en&g_ep=EgoyMDI2MDkwMi4wIJJjKgBIAVAD&rclk=1,4.6,32,"Manama Chandradwip, 582/C Taltola Rd, Khilgaon, Dhaka",23.7522582,90.4181659
Chawala,Cafe,Mirpur 11,https://www.google.com/maps/place/Chawala/data=!4m7!3m6!1s0x3755c131a0ef5625:0x427423a9d5cc9898!8m2!3d23.8170912!4d90.3654939!16s%2Fg%2F11jt1k0wcx!19sChIJJVbvoDHBVTcRmJjM1akjdEI?authuser=0&hl=en&g_ep=EgoyMDI2MDkwMi4wIJJjKgBIAVAD&rclk=1,4.6,30,"R988+R5Q, Main Road -3, Mirpur 11, Dhaka",23.8170912,90.3654939
Cumulus Brewed in the Cloud,Cafe,Mirpur 12,https://www.google.com/maps/place/Cumulus+Brewed+in+the+Cloud/data=!4m7!3m6!1s0x3755c1004347da23:0x4b0e049bcd4e66c2!8m2!3d23.827271!4d90.3644217!16s%2Fg%2F11lnppnp8x!19sChIJI9pHQwDBVTcRwmZOzZsEDks?authuser=0&hl=en&g_ep=EgoyMDI2MDkwMi4wIJJjKgBIAVAD&rclk=1,4.6,25,"45 Rd No. 7, Mirpur 12, Dhaka",23.827271,90.3644217
"Gloria Jean's Coffees Uttara, Jashimuddin",Cafe,Uttara,"https://www.google.com/maps/place/Gloria+Jean%27s+Coffees+Uttara,+Jashimuddin/data=!4m7!3m6!1s0x3755c5640f266d7d:0x71b563443dbd52d7!8m2!3d23.8614382!4d90.3993196!16s%2Fg%2F11myf61jhj!19sChIJfW0mD2TFVTcR11K9PURjtXE?authuser=0&hl=en&g_ep=EgoyMDI2MDkwOS4wIJJjKgBIAVAD&rclk=1",4.6,24,"1st Floor, Sector-03, GQ SHEFALI TOWER House # 5/A, Road #02 , Uttara, Dhaka",23.861438,90.39932
Sushi Taro,Restaurant,Uttara,https://www.google.com/maps/place/Sushi+Taro/data=!4m7!3m6!1s0x3755c50027df7c79:0x3b8c937f0e242c6e!8m2!3d23.8705781!4d90.3905639!16s%2Fg%2F11z4bq6gjt!19sChIJeXzfJwDFVTcRbiwkDn-TjDs?authuser=0&hl=en&g_ep=EgoyMDI2MDkwOS4wIJJjKgBIAVAD&rclk=1,4.6,21,"Plot 15 Garib-E-Newaz Ave , Uttara, Dhaka",23.870578,90.390564
Cafe Canada,Cafe,Bashundhara R/A,https://www.google.com/maps/place/Cafe+Canada/data=!4m7!3m6!1s0x3755c73be81a7815:0xf0bb10d88db0a964!8m2!3d23.8121466!4d90.4240639!16s%2Fg%2F11td_qwb97!19sChIJFXga6DvHVTcRZKmwjdgQu_A?authuser=0&hl=en&g_ep=EgoyMDI2MDkwOS4wIJJjKgBIAVAD&rclk=1,4.6,16,"Bashundhara R/A, Dhaka",23.812147,90.424064
ভাগ্যকূল কাচ্চি & ক্যাটারিং - BHAGGOKUL KACCHI & CATERING,Restaurant,Gulshan 2,https://www.google.com/maps/place/%E0%A6%AD%E0%A6%BE%E0%A6%97%E0%A7%8D%E0%A6%AF%E0%A6%95%E0%A7%82%E0%A6%B2+%E0%A6%95%E0%A6%BE%E0%A6%9A%E0%A7%8D%E0%A6%9A%E0%A6%BF+%26+%E0%A6%95%E0%A7%8D%E0%A6%AF%E0%A6%BE%E0%A6%9F%E0%A6%BE%E0%A6%B0%E0%A6%BF%E0%A6%82+-+BHAGGOKUL+KACCHI+%26+CATERING/data=!4m7!3m6!1s0x3755c700442b9e7b:0x1903899328a895f3!8m2!3d23.7941284!4d90.4144189!16s%2Fg%2F11mt2t9k8l!19sChIJe54rRADHVTcR85WoKJOJAxk?authuser=0&hl=en&g_ep=EgoyMDI2MDkwMi4wIJJjKgBIAVAD&rclk=1,4.6,16,"Gulshan 2, Dhaka",23.7941284,90.4144189
Blend cafe & bakery,Cafe,Banani,https://www.google.com/maps/place/Blend+cafe+%26+bakery/data=!4m7!3m6!1s0x3755c74c6210dd57:0x3a182d611ea5a266!8m2!3d23.7897198!4d90.4091827!16s%2Fg%2F11n9tw1tgw!19sChIJV90QYkzHVTcRZqKlHmEtGDo?authuser=0&hl=en&g_ep=EgoyMDI2MDkwMi4wIJJjKgBIAVAD&rclk=1,4.6,14,"Fl 3, Plot 50 Road-7B, Banani, Dhaka",23.7897198,90.4091827
The Fish Lounge Gulshan2,Restaurant,Gulshan 2,https://www.google.com/maps/place/The+Fish+Lounge+Gulshan2/data=!4m7!3m6!1s0x3755c70f75d46a09:0xb4a94bb1f6f566b1!8m2!3d23.7957644!4d90.4148178!16s%2Fg%2F11y_rgc656!19sChIJCWrUdQ_HVTcRsWb19rFLqbQ?authuser=0&hl=en&g_ep=EgoyMDI2MDkwMi4wIJJjKgBIAVAD&rclk=1,4.6,14,"Chef's Table, Rd 90, Gulshan 2, Dhaka",23.7957644,90.4148178
70s canvas,Restaurant,Uttara,https://www.google.com/maps/place/70s+canvas/data=!4m7!3m6!1s0x3755c5ba283847ab:0xe3d880580a731f5e!8m2!3d23.8680406!4d90.3939169!16s%2Fg%2F11w9w1r7bb!19sChIJq0c4KLrFVTcRXh9zCliA2OM?authuser=0&hl=en&g_ep=EgoyMDI2MDkwOS4wIJJjKgBIAVAD&rclk=1,4.6,9,"Lake Drive Rd , Uttara, Dhaka",23.868041,90.393917
Muhammad Biryani O+j,Restaurant,Uttara,https://www.google.com/maps/place/Muhammad+Biryani+O%2Bj/data=!4m7!3m6!1s0x3755c5003d06b2bf:0x4651b7a031d64366!8m2!3d23.8645928!4d90.3994168!16s%2Fg%2F11x5ssc6fm!19sChIJv7IGPQDFVTcRZkPWMaC3UUY?authuser=0&hl=en&g_ep=EgoyMDI2MDkwOS4wIJJjKgBIAVAD&rclk=1,4.6,5,"Uttara, Dhaka",23.864593,90.399417
Tehari Ghar + Sector 3,Restaurant,Uttara,https://www.google.com/maps/place/Tehari+Ghar+%2B+Sector+3/data=!4m7!3m6!1s0x3755c5003992a5b7:0x6df589876c9f5557!8m2!3d23.8627375!4d90.3987194!16s%2Fg%2F11ywjdmg18!19sChIJt6WSOQDFVTcRV1WfbIeJ9W0?authuser=0&hl=en&g_ep=EgoyMDI2MDkwOS4wIJJjKgBIAVAD&rclk=1,4.6,5,"15 Rd 2, Uttara, Dhaka",23.862738,90.398719
Chef's Table - Gulshan 2,Restaurant,Gulshan 2,https://www.google.com/maps/place/Chef%27s+Table+-+Gulshan+2/data=!4m7!3m6!1s0x3755c7429b9b4369:0xb10937f2b0542529!8m2!3d23.7957308!4d90.4149481!16s%2Fg%2F11f7bgg1tf!19sChIJaUObm0LHVTcRKSVUsPI3CbE?authuser=0&hl=en&g_ep=EgoyMDI2MDkwMi4wIJJjKgBIAVAD&rclk=1,4.5,10.3K,"Gulshan 2, Dhaka",23.7957308,90.4149481
Chef's Table Unimart Gulshan 2,Restaurant,Gulshan 2,https://www.google.com/maps/search/?api=1&query=Chefs+Table+Unimart+Gulshan+2+Dhaka,4.5,6.2K,"Gulshan Centre Point, Gulshan 2, Dhaka",23.7938,90.4132
Fakruddin Biryani Shantinagar,Restaurant,Shantinagar,https://www.google.com/maps/search/?api=1&query=Fakruddin+Biryani+Shantinagar+Dhaka,4.5,6.2K,"Crossing, Shantinagar, Dhaka",23.7385,90.4135
NORTH END coffee roasters LK Tower 2,Cafe,Gulshan 1,https://www.google.com/maps/place/NORTH+END+coffee+roasters+LK+Tower+2/data=!4m7!3m6!1s0x3755c79ec082b4d1:0x7b1b6dc6f1e11d32!8m2!3d23.7819763!4d90.4163204!16s%2Fg%2F11bz00wn6w!19sChIJ0bSCwJ7HVTcRMh3h8cZtG3s?authuser=0&hl=en&g_ep=EgoyMDI2MDkwMi4wIJJjKgBIAVAD&rclk=1,4.5,5.1K,"Plot 59/61 Rd 23, Gulshan 1, Dhaka",23.7819763,90.4163204
Chittagong Bull Khilgaon,Restaurant,Khilgaon,https://www.google.com/maps/search/?api=1&query=Chittagong+Bull+Khilgaon+Dhaka,4.5,4.8K,"Shahid Baki Road, Khilgaon, Dhaka",23.7525,90.4215
Tabaq Coffee | Gulshan Avenue,Cafe,Gulshan 1,https://www.google.com/maps/place/Tabaq+Coffee+%7C+Gulshan+Avenue/data=!4m7!3m6!1s0x3755c7a1fa87db6b:0x5a70934232a1c28b!8m2!3d23.7769481!4d90.4167733!16s%2Fg%2F11dztqhj0k!19sChIJa9uH-qHHVTcRi8KhMkKTcFo?authuser=0&hl=en&g_ep=EgoyMDI2MDkwMi4wIJJjKgBIAVAD&rclk=1,4.5,4.7K,"House 22, 1st Floor, Crystal Palace, Road No 140, Gulshan Ave, Gulshan 1, Dhaka",23.7769481,90.4167733
Sultan's Dine Mirpur 1,Restaurant,Mirpur 1,https://www.google.com/maps/search/?api=1&query=Sultans+Dine+Mirpur+1+Dhaka,4.5,3.9K,"Near Sony Cinema, Mirpur 1, Dhaka",23.8058,90.354
Bistro 24,Restaurant,Dhanmondi,https://www.google.com/maps/search/?api=1&query=Bistro+24+Dhanmondi+Dhaka,4.5,3.2K,"Road 11/A, Dhanmondi, Dhaka",23.747,90.3768
Crimson Cup Coffee Dhanmondi,Cafe,Dhanmondi,https://www.google.com/maps/search/?api=1&query=Crimson+Cup+Dhanmondi+Dhaka,4.5,2.8K,"Road 27 (Old), Dhanmondi, Dhaka",23.748,90.374
Meat Theory Banani,Restaurant,Banani,https://www.google.com/maps/search/?api=1&query=Meat+Theory+Banani+Dhaka,4.5,2.8K,"Road 11, Banani, Dhaka",23.7938,90.4055
The Black Cup Banani,Cafe,Banani,https://www.google.com/maps/search/?api=1&query=The+Black+Cup+Banani+Dhaka,4.5,2.4K,"Road 11, Banani, Dhaka",23.7935,90.404
Izakaya Gulshan 1,Restaurant,Gulshan 1,https://www.google.com/maps/search/?api=1&query=Izakaya+Gulshan+1+Dhaka,4.5,1.9K,"Road 138, Gulshan 1, Dhaka",23.7775,90.4162
North End Coffee Police Plaza,Cafe,Gulshan 1,https://www.google.com/maps/search/?api=1&query=North+End+Coffee+Roasters+Police+Plaza+Dhaka,4.5,1.9K,"Police Plaza Concord, Gulshan 1, Dhaka",23.7745,90.4125
North End Coffee Roasters Mirpur 10,Cafe,Mirpur 10,https://www.google.com/maps/search/?api=1&query=North+End+Coffee+Roasters+Mirpur+10+Dhaka,4.5,1.8K,"Block B, Mirpur 10, Dhaka",23.808,90.3695
The French Press Gulshan 1,Cafe,Gulshan 1,https://www.google.com/maps/search/?api=1&query=The+French+Press+Gulshan+1+Dhaka,4.5,1.8K,"Road 138, Gulshan 1, Dhaka",23.778,90.414
Syed Dohi Wala Dhanmondi,Restaurant,Dhanmondi,https://www.google.com/maps/search/?api=1&query=Syed+Dohi+Wala+Dhanmondi+Dhaka,4.5,1.6K,"Road 11, Dhanmondi, Dhaka",23.745,90.3775
The Grove Bistro,Restaurant,Gulshan 2,https://www.google.com/maps/place/The+Grove+Bistro/data=!4m7!3m6!1s0x3755c7e8631ff7ab:0x20a244f263d33abe!8m2!3d23.7951945!4d90.4148383!16s%2Fg%2F11hdphyhhj!19sChIJq_cfY-jHVTcRvjrTY_JEoiA?authuser=0&hl=en&g_ep=EgoyMDI2MDkwMi4wIJJjKgBIAVAD&rclk=1,4.5,1.6K,"Level 12, Hamid Tower, Gulshan Circle 2, 22 DIT II Cir, Gulshan 2, Dhaka",23.7951945,90.4148383
Jatra Biroti Banani,Cafe,Banani,https://www.google.com/maps/search/?api=1&query=Jatra+Biroti+Banani+Dhaka,4.5,1.5K,"Kemal Ataturk Avenue, Banani, Dhaka",23.7928,90.4058
Cafe Dolce Gulshan 2,Cafe,Gulshan 2,https://www.google.com/maps/search/?api=1&query=Cafe+Dolce+Gulshan+2+Dhaka,4.5,1.4K,"Road 113, Gulshan 2, Dhaka",23.7945,90.4135
Koreana Restaurant Banani,Restaurant,Banani,https://www.google.com/maps/search/?api=1&query=Koreana+Restaurant+Banani+Dhaka,4.5,1.4K,"Road 27, Block K, Banani, Dhaka",23.796,90.4035
Brew Buddies Dhanmondi,Cafe,Dhanmondi,https://www.google.com/maps/search/?api=1&query=Brew+Buddies+Dhanmondi+Dhaka,4.5,1.3K,"Road 7/A, Dhanmondi, Dhaka",23.7432,90.3735
Gusto Bistro & Coffee House company,Cafe,Uttara,https://www.google.com/maps/place/Gusto+Bistro+%26+Coffee+House+company/data=!4m7!3m6!1s0x3755c7a1e64c4b99:0x1cd23f36bbb893b6!8m2!3d23.8558725!4d90.4035662!16s%2Fg%2F11hpkcnfz8!19sChIJmUtM5qHHVTcRtpO4uzY_0hw?authuser=0&hl=en&g_ep=EgoyMDI2MDkwOS4wIJJjKgBIAVAD&rclk=1,4.5,1.3K,"Uttara, Dhaka",23.855873,90.403566
NORTH END coffee roasters Shahabuddin Ahmed Park,Cafe,Gulshan 2,https://www.google.com/maps/place/NORTH+END+coffee+roasters+Shahabuddin+Ahmed+Park/data=!4m7!3m6!1s0x3755c74d180a0f37:0x493234e8cb382404!8m2!3d23.7987354!4d90.4154697!16s%2Fg%2F11shm93q5x!19sChIJNw8KGE3HVTcRBCQ4y-g0Mkk?authuser=0&hl=en&g_ep=EgoyMDI2MDkwMi4wIJJjKgBIAVAD&rclk=1,4.5,1.3K,"Gulshan 2, Dhaka",23.7987354,90.4154697
Saltz Fine Seafood Gulshan 2,Restaurant,Gulshan 2,https://www.google.com/maps/search/?api=1&query=Saltz+Fine+Seafood+Gulshan+2+Dhaka,4.5,1.3K,"Road 53, Gulshan 2, Dhaka",23.7948,90.4155
BOHO Asian Dining Banani,Restaurant,Banani,https://www.google.com/maps/search/?api=1&query=BOHO+Banani+Dhaka,4.5,1.2K,"Road 11, Banani, Dhaka",23.795,90.4042
Charcoal BAR & BBQ Restaurant,Restaurant,Uttara,https://www.google.com/maps/place/Charcoal+BAR+%26+BBQ+Restaurant/data=!4m7!3m6!1s0x3755c7d693f2c0c1:0xe4f1e75507e24c!8m2!3d23.8552426!4d90.404097!16s%2Fg%2F11l3stp5wm!19sChIJwcDyk9bHVTcRTOIHVefx5AA?authuser=0&hl=en&g_ep=EgoyMDI2MDkwOS4wIJJjKgBIAVAD&rclk=1,4.5,1.2K,"Maple Leaf Hotel, Plot 1B, Rd No 1 , Uttara, Dhaka",23.855243,90.404097
Fork Wave,Restaurant,Uttara,https://www.google.com/maps/place/Fork+Wave/data=!4m7!3m6!1s0x3755c5001b4619d1:0xb267a24f5990609b!8m2!3d23.8674743!4d90.3943561!16s%2Fg%2F11xl6fwj4b!19sChIJ0RlGGwDFVTcRm2CQWU-iZ7I?authuser=0&hl=en&g_ep=EgoyMDI2MDkwOS4wIJJjKgBIAVAD&rclk=1,4.5,1.2K,"1st Floor House 1, Vivek Heights, Road 18 Rabindra Sarani , Uttara, Dhaka",23.867474,90.394356
Hungry Eyes 1 Mirpur- 11,Restaurant,Mirpur 11,https://www.google.com/maps/place/Hungry+Eyes+1+Mirpur-+11/data=!4m7!3m6!1s0x3755c128baa71f43:0x8ea3b69339544491!8m2!3d23.8157579!4d90.3653675!16s%2Fg%2F11ggw7r_3w!19sChIJQx-nuijBVTcRkURUOZO2o44?authuser=0&hl=en&g_ep=EgoyMDI2MDkwMi4wIJJjKgBIAVAD&rclk=1,4.5,1.2K,"Mirpur 11, Dhaka",23.8157579,90.3653675
KURO,Restaurant,Uttara,https://www.google.com/maps/place/KURO/data=!4m7!3m6!1s0x3755c52e80c3cad1:0x82c2ac4e7275038!8m2!3d23.8726446!4d90.3840346!16s%2Fg%2F11y0fggsrd!19sChIJ0crDgC7FVTcROFAn58QqLAg?authuser=0&hl=en&g_ep=EgoyMDI2MDkwOS4wIJJjKgBIAVAD&rclk=1,4.5,1.2K,"Uttara, Dhaka",23.872645,90.384035
Shiraj Chuigosto - Uttara,Restaurant,Uttara,https://www.google.com/maps/place/Shiraj+Chuigosto+-+Uttara/data=!4m7!3m6!1s0x3755c54b3d331a7d:0xc30147f6b9d41704!8m2!3d23.8748094!4d90.4001437!16s%2Fg%2F11jsrdvjcv!19sChIJfRozPUvFVTcRBBfUufZHAcM?authuser=0&hl=en&g_ep=EgoyMDI2MDkwOS4wIJJjKgBIAVAD&rclk=1,4.5,1.2K,"Road 1/B, House 2 , Uttara, Dhaka",23.874809,90.400144
Banku Coffee Dhanmondi,Cafe,Dhanmondi,https://www.google.com/maps/search/?api=1&query=Banku+Coffee+Dhanmondi+Dhaka,4.5,1.1K,"Road 27, Dhanmondi, Dhaka",23.7483,90.3735
Kacchi Bhai - Khilgaon,Restaurant,Khilgaon,https://www.google.com/maps/place/Kacchi+Bhai+-+Khilgaon/data=!4m7!3m6!1s0x3755b9074f47be91:0x3d3b8127e7ba90c2!8m2!3d23.752021!4d90.4172146!16s%2Fg%2F11vf99lppb!19sChIJkb5HTwe5VTcRwpC65yeBOz0?authuser=0&hl=en&g_ep=EgoyMDI2MDkwMi4wIJJjKgBIAVAD&rclk=1,4.5,914,"598/C Shahid Baki Rd, Khilgaon, Dhaka",23.752021,90.4172146
IZ Pâtisserie and Café - Gulshan 2 Branch,Cafe,Gulshan 2,https://www.google.com/maps/place/IZ+P%C3%A2tisserie+and+Caf%C3%A9+-+Gulshan+2+Branch/data=!4m7!3m6!1s0x3755c70017fb6595:0x268abd51dc1cfcf7!8m2!3d23.7938905!4d90.4122613!16s%2Fg%2F11y7q7xcxd!19sChIJlWX7FwDHVTcR9_wc3FG9iiY?authuser=0&hl=en&g_ep=EgoyMDI2MDkwMi4wIJJjKgBIAVAD&rclk=1,4.5,624,"House - 11/A, Apartment - 1/B, Road No. 48, Gulshan 2, Dhaka",23.7938905,90.4122613
Cafelytics (ক্যাফেলাইটিক্স),Cafe,Dhanmondi,https://www.google.com/maps/place/Cafelytics+%28%E0%A6%95%E0%A7%8D%E0%A6%AF%E0%A6%BE%E0%A6%AB%E0%A7%87%E0%A6%B2%E0%A6%BE%E0%A6%87%E0%A6%9F%E0%A6%BF%E0%A6%95%E0%A7%8D%E0%A6%B8%29/data=!4m7!3m6!1s0x3755bf4ba954393f:0x53837d980d4e737b!8m2!3d23.7415609!4d90.374026!16s%2Fg%2F11kj0vlvhc!19sChIJPzlUqUu_VTcRe3NODZh9g1M?authuser=0&hl=en&g_ep=EgoyMDI2MDkwMi4wIJJjKgBIAVAD&rclk=1,4.5,481,"3rd Floor, House 74, Bikalpa Tower, 5/A Satmasjid Road, Dhanmondi, Dhaka",23.7415609,90.374026
Gloria Jean's Coffees Uttara,Cafe,Uttara,https://www.google.com/maps/place/Gloria+Jean%27s+Coffees+Uttara/data=!4m7!3m6!1s0x3755c5005ef642bb:0xfa531de7c28eb129!8m2!3d23.8709199!4d90.3910128!16s%2Fg%2F11lnlw9tqp!19sChIJu0L2XgDFVTcRKbGOwucdU_o?authuser=0&hl=en&g_ep=EgoyMDI2MDkwOS4wIJJjKgBIAVAD&rclk=1,4.5,456,"Plot-16 & 18, Navana Centroid, Garib-E-Newaz Ave , Uttara, Dhaka",23.87092,90.391013
NORTH END coffee roasters Ascott,Cafe,Bashundhara R/A,https://www.google.com/maps/place/NORTH+END+coffee+roasters+Ascott/data=!4m7!3m6!1s0x3755c7af07988e65:0x3522f94386e65ef!8m2!3d23.803656!4d90.4198817!16s%2Fg%2F11f3n6hk20!19sChIJZY6YB6_HVTcR72VuOJQvUgM?authuser=0&hl=en&g_ep=EgoyMDI2MDkwOS4wIJJjKgBIAVAD&rclk=1,4.5,436,"Road# 06, House# 14 , Bashundhara R/A, Dhaka",23.803656,90.419882
Robbie Bobbie Cat Cafe,Cafe,Bashundhara R/A,https://www.google.com/maps/place/Robbie+Bobbie+Cat+Cafe/data=!4m7!3m6!1s0x3755c900448a887b:0xc40afe113c966c97!8m2!3d23.8250824!4d90.4513916!16s%2Fg%2F11y9pz5rgx!19sChIJe4iKRADJVTcRl2yWPBH-CsQ?authuser=0&hl=en&g_ep=EgoyMDI2MDkwOS4wIJJjKgBIAVAD&rclk=1,4.5,243,"Plot 2468 Rd 12 , Bashundhara R/A, Dhaka",23.825082,90.451392
The Coffee Lounge Bangladesh,Cafe,Gulshan 2,https://www.google.com/maps/place/The+Coffee+Lounge+Bangladesh/data=!4m7!3m6!1s0x3755c79eb5854c9b:0x3ce8199f67a43445!8m2!3d23.8001977!4d90.4118299!16s%2Fg%2F11vc34xzgj!19sChIJm0yFtZ7HVTcRRTSkZ58Z6Dw?authuser=0&hl=en&g_ep=EgoyMDI2MDkwMi4wIJJjKgBIAVAD&rclk=1,4.5,237,"House 175A, Rd 61, Gulshan 2, Dhaka",23.8001977,90.4118299
Yoshi Banani,Restaurant,Banani,https://www.google.com/maps/place/Yoshi+Banani/data=!4m7!3m6!1s0x3755c70234393a29:0x33e087f03fc2f0c7!8m2!3d23.7914753!4d90.4046279!16s%2Fg%2F11yt7bxcnk!19sChIJKTo5NALHVTcRx_DCP_CH4DM?authuser=0&hl=en&g_ep=EgoyMDI2MDkwMi4wIJJjKgBIAVAD&rclk=1,4.5,210,"House:-94, Level: Ground Floor, Road: 13/A, Block: D, Bangladesh, 1213, Banani, Dhaka",23.7914753,90.4046279
CoBo Coffee - Bashundhara,Cafe,Bashundhara R/A,https://www.google.com/maps/place/CoBo+Coffee+-+Bashundhara/data=!4m7!3m6!1s0x3755c700157966ad:0xf7a17c3ba33579c1!8m2!3d23.8118475!4d90.438709!16s%2Fg%2F11xnr80pwh!19sChIJrWZ5FQDHVTcRwXk1ozt8ofc?authuser=0&hl=en&g_ep=EgoyMDI2MDkwOS4wIJJjKgBIAVAD&rclk=1,4.5,204,"Plot 1317, Road 30, Sonia Sobhan 5th Avenue , Bashundhara R/A, Dhaka",23.811847,90.438709
TAKUMI Japanese Restaurant Uttara,Restaurant,Uttara,https://www.google.com/maps/place/TAKUMI+Japanese+Restaurant+Uttara/data=!4m7!3m6!1s0x3755c50041863f07:0x5593812de081ed83!8m2!3d23.8744821!4d90.3896856!16s%2Fg%2F11wy1dj18z!19sChIJBz-GQQDFVTcRg-2B4C2Bk1U?authuser=0&hl=en&g_ep=EgoyMDI2MDkwOS4wIJJjKgBIAVAD&rclk=1,4.5,170,"38 Sonargaon Janapath Road, SBDL PADMANAGOR , Lift -8 , Uttara, Dhaka",23.874482,90.389686
Aat Art Cafe,Cafe,Uttara,https://www.google.com/maps/place/Aat+Art+Cafe/data=!4m7!3m6!1s0x3755c5007ca75975:0x9785dd5338d219c2!8m2!3d23.8697142!4d90.3952236!16s%2Fg%2F11lw0cxbqr!19sChIJdVmnfADFVTcRwhnSOFPdhZc?authuser=0&hl=en&g_ep=EgoyMDI2MDkwOS4wIJJjKgBIAVAD&rclk=1,4.5,153,"The Sand Roses, House 10 Rd - 17 , Uttara, Dhaka",23.869714,90.395224
Café Social at InterContinental Dhaka,Cafe,Shantinagar,https://www.google.com/maps/place/Caf%C3%A9+Social+at+InterContinental+Dhaka/data=!4m7!3m6!1s0x3755b9545b5998db:0xa873ea90cc285d9f!8m2!3d23.7405591!4d90.3965593!16s%2Fg%2F11h3n17hfm!19sChIJ25hZW1S5VTcRn10ozJDqc6g?authuser=0&hl=en&g_ep=EgoyMDI2MDkwMi4wIJJjKgBIAVAD&rclk=1,4.5,145,"1 Minto Rd, Shantinagar, Dhaka",23.7405591,90.3965593
Zing Restaurant,Restaurant,Dhanmondi,https://www.google.com/maps/place/Zing+Restaurant/data=!4m7!3m6!1s0x3755bf0a6cdb106f:0x2d3ee5146f561cf7!8m2!3d23.7475403!4d90.3699268!16s%2Fg%2F11vt8xtf6y!19sChIJbxDbbAq_VTcR9xxWbxTlPi0?authuser=0&hl=en&g_ep=EgoyMDI2MDkwMi4wIJJjKgBIAVAD&rclk=1,4.5,111,"Green Rowshanara Tower, 755 Satmasjid Road, Dhanmondi, Dhaka",23.7475403,90.3699268
Herfy Mirpur 12,Restaurant,Mirpur 12,https://www.google.com/maps/place/Herfy+Mirpur+12/data=!4m7!3m6!1s0x3755c178a15b8be7:0x5bd5c458b7827aa!8m2!3d23.8295712!4d90.3635721!16s%2Fg%2F11yftcqmyl!19sChIJ54tboXjBVTcRqid4i0VcvQU?authuser=0&hl=en&g_ep=EgoyMDI2MDkwMi4wIJJjKgBIAVAD&rclk=1,4.5,103,"House-01, Haji Kujrat Ali Mollah Super Market, Mirpur 12, Dhaka",23.8295712,90.3635721
Thai Food Factory,Restaurant,Bashundhara R/A,https://www.google.com/maps/place/Thai+Food+Factory/data=!4m7!3m6!1s0x3755c749eabb69c3:0xaf2babc0bfd78193!8m2!3d23.8118162!4d90.4385293!16s%2Fg%2F11z57_l9k1!19sChIJw2m76knHVTcRk4HXv8CrK68?authuser=0&hl=en&g_ep=EgoyMDI2MDkwOS4wIJJjKgBIAVAD&rclk=1,4.5,102,"Plot-1317, Road-30,31, Sonia Sobhan 5th Avenue , Bashundhara R/A, Dhaka",23.811816,90.438529
Teppanyaki Dhaka,Restaurant,Gulshan 2,https://www.google.com/maps/place/Teppanyaki+Dhaka/data=!4m7!3m6!1s0x3755c700321cec77:0x2af03467f0ba8e79!8m2!3d23.7938824!4d90.4132231!16s%2Fg%2F11y46d_nmq!19sChIJd-wcMgDHVTcReY668Gc08Co?authuser=0&hl=en&g_ep=EgoyMDI2MDkwMi4wIJJjKgBIAVAD&rclk=1,4.5,100,"2, Sanmar Tower, 4th & 5th Floor, 38/A Rd 35, Gulshan 2, Dhaka",23.7938824,90.4132231
The Clays BD,Restaurant,Banani,https://www.google.com/maps/place/The+Clays+BD/data=!4m7!3m6!1s0x3755c7004da600cd:0x425e0fdc9d2ae74d!8m2!3d23.7913346!4d90.4015778!16s%2Fg%2F11msfltf13!19sChIJzQCmTQDHVTcRTecqndwPXkI?authuser=0&hl=en&g_ep=EgoyMDI2MDkwMi4wIJJjKgBIAVAD&rclk=1,4.5,99,"Banani, Dhaka",23.7913346,90.4015778
Butternote - A Jazz Cafe,Cafe,Banani,https://www.google.com/maps/place/Butternote+-+A+Jazz+Cafe/data=!4m7!3m6!1s0x3755c7005deb5415:0xefd8273e1cd56585!8m2!3d23.792911!4d90.408494!16s%2Fg%2F11x8v1xby4!19sChIJFVTrXQDHVTcRhWXVHD4n2O8?authuser=0&hl=en&g_ep=EgoyMDI2MDkwMi4wIJJjKgBIAVAD&rclk=1,4.5,97,"House-157 (5th Fl, Bari Momen's Heights, Rd 12, Banani, Dhaka",23.792911,90.408494
Izakaya Gulshan,Restaurant,Gulshan 2,https://www.google.com/maps/place/Izakaya+Gulshan/data=!4m7!3m6!1s0x3755c7005a010f37:0xe04647b27cbeff81!8m2!3d23.798585!4d90.4123614!16s%2Fg%2F11xfhfj76s!19sChIJNw8BWgDHVTcRgf--fLJHRuA?authuser=0&hl=en&g_ep=EgoyMDI2MDkwMi4wIJJjKgBIAVAD&rclk=1,4.5,92,"House 12/B, 5th Floor, Rd 55, Gulshan 2, Dhaka",23.798585,90.4123614
Arabika Coffee (Bashundhara),Cafe,Bashundhara R/A,https://www.google.com/maps/place/Arabika+Coffee+%28Bashundhara%29/data=!4m7!3m6!1s0x3755c700672aa97f:0xc5cf3d0c6854753d!8m2!3d23.8123712!4d90.4249097!16s%2Fg%2F11w4dschzy!19sChIJf6kqZwDHVTcRPXVUaAw9z8U?authuser=0&hl=en&g_ep=EgoyMDI2MDkwOS4wIJJjKgBIAVAD&rclk=1,4.5,80,"12, D/E Bashundhara Rd , Bashundhara R/A, Dhaka",23.812371,90.42491
Torrazur,Cafe,Bashundhara R/A,https://www.google.com/maps/place/Torrazur/data=!4m7!3m6!1s0x3755c7346a3e3c09:0xd7cd9c8bf86b9fc7!8m2!3d23.8116528!4d90.4385831!16s%2Fg%2F11yn6k492b!19sChIJCTw-ajTHVTcRx59r-Iuczdc?authuser=0&hl=en&g_ep=EgoyMDI2MDkwOS4wIJJjKgBIAVAD&rclk=1,4.5,79,"Plot 1317, Block I, Road 30,31, Sonia Sobhan 5th Avenue , Bashundhara R/A, Dhaka",23.811653,90.438583
Pizzarian BD Khilgaon,Restaurant,Khilgaon,https://www.google.com/maps/place/Pizzarian+BD+Khilgaon/data=!4m7!3m6!1s0x3755b9003b93c5e1:0x2ed3e0792c5fc3ab!8m2!3d23.7528513!4d90.419993!16s%2Fg%2F11vjw6jw3j!19sChIJ4cWTOwC5VTcRq8NfLHng0y4?authuser=0&hl=en&g_ep=EgoyMDI2MDkwMi4wIJJjKgBIAVAD&rclk=1,4.5,78,"426/b Taltola Rd, Khilgaon, Dhaka",23.7528513,90.419993
Maple Cafe,Cafe,Uttara,https://www.google.com/maps/place/Maple+Cafe/data=!4m7!3m6!1s0x3755c7c952379983:0x346db411c2368022!8m2!3d23.8552426!4d90.404097!16s%2Fg%2F11k7xpr6z_!19sChIJg5k3UsnHVTcRIoA2whG0bTQ?authuser=0&hl=en&g_ep=EgoyMDI2MDkwOS4wIJJjKgBIAVAD&rclk=1,4.5,64,"Maple Leaf Hotel, Plot 1B, Rd No 1 , Uttara, Dhaka",23.855243,90.404097
Texas Restaurant | Steak & Seafood Affordable Luxury in Banani.,Restaurant,Banani,https://www.google.com/maps/place/Texas+Restaurant+%7C+Steak+%26+Seafood+Affordable+Luxury+in+Banani./data=!4m7!3m6!1s0x3755c799753ea11d:0xe1b47995a85a8261!8m2!3d23.7937943!4d90.4051393!16s%2Fg%2F11xmgjv971!19sChIJHaE-dZnHVTcRYYJaqJV5tOE?authuser=0&hl=en&g_ep=EgoyMDI2MDkwMi4wIJJjKgBIAVAD&rclk=1,4.5,61,"Banani, Dhaka",23.7937943,90.4051393
Golden Rice,Restaurant,Uttara,https://www.google.com/maps/place/Golden+Rice/data=!4m7!3m6!1s0x3755c53d2210a94f:0xc86dc19d4de93d24!8m2!3d23.8724115!4d90.3988942!16s%2Fg%2F11qqpxpq3f!19sChIJT6kQIj3FVTcRJD3pTZ3Bbcg?authuser=0&hl=en&g_ep=EgoyMDI2MDkwOS4wIJJjKgBIAVAD&rclk=1,4.5,59,"33, house 06, Rd - 17 , Uttara, Dhaka",23.872411,90.398894
East Bengal Coffee Roasters Gulshan,Cafe,Gulshan 2,https://www.google.com/maps/place/East+Bengal+Coffee+Roasters+Gulshan/data=!4m7!3m6!1s0x3755c7cb0d7f56d1:0xadb08ac9ec9f604!8m2!3d23.8046961!4d90.4126823!16s%2Fg%2F11zkml0_58!19sChIJ0VZ_DcvHVTcRBPbJnqwI2wo?authuser=0&hl=en&g_ep=EgoyMDI2MDkwMi4wIJJjKgBIAVAD&rclk=1,4.5,52,"Ground floor, EK House, 4D Rd No 73, Gulshan 2, Dhaka",23.8046961,90.4126823
Arabika coffee Banani 11,Cafe,Banani,https://www.google.com/maps/place/Arabika+coffee+Banani+11/data=!4m7!3m6!1s0x3755c70077b03f63:0xa5c88533c1614493!8m2!3d23.7903265!4d90.4092633!16s%2Fg%2F11xn50z87f!19sChIJYz-wdwDHVTcRk0RhwTOFyKU?authuser=0&hl=en&g_ep=EgoyMDI2MDkwMi4wIJJjKgBIAVAD&rclk=1,4.5,49,"Plot 81 Road No. 11, Banani, Dhaka",23.7903265,90.4092633
Kebabistan,Restaurant,Uttara,https://www.google.com/maps/place/Kebabistan/data=!4m7!3m6!1s0x3755c54558a22a85:0x6ac6dd33bcb4ce90!8m2!3d23.8788219!4d90.3907728!16s%2Fg%2F11ntkg3kct!19sChIJhSqiWEXFVTcRkM60vDPdxmo?authuser=0&hl=en&g_ep=EgoyMDI2MDkwOS4wIJJjKgBIAVAD&rclk=1,4.5,46,"House 24, Garib-E-Newaz Ave , Uttara, Dhaka",23.878822,90.390773
Cafe Celebrita,Restaurant,Gulshan 2,https://www.google.com/maps/place/Cafe+Celebrita/data=!4m7!3m6!1s0x3755c7b0462636e5:0xcf4f10554df1af43!8m2!3d23.7935316!4d90.4143406!16s%2Fg%2F11rfsflfv8!19sChIJ5TYmRrDHVTcRQ6_xTVUQT88?authuser=0&hl=en&g_ep=EgoyMDI2MDkwMi4wIJJjKgBIAVAD&rclk=1,4.5,44,"QCV7+HPC, Rd 45, Gulshan 2, Dhaka",23.7935316,90.4143406
Yamzo,Restaurant,Uttara,https://www.google.com/maps/place/Yamzo/data=!4m7!3m6!1s0x3755c5d5c707fa55:0xd3fce1c08c22116!8m2!3d23.8747335!4d90.3849667!16s%2Fg%2F11npykn_l8!19sChIJVfoHx9XFVTcRFiHCCBzOPw0?authuser=0&hl=en&g_ep=EgoyMDI2MDkwOS4wIJJjKgBIAVAD&rclk=1,4.5,42,"House-80 Rd No 20 , Uttara, Dhaka",23.874734,90.384967
Daily Treats,Cafe,Gulshan 2,https://www.google.com/maps/place/Daily+Treats/data=!4m7!3m6!1s0x3755c7142da7448f:0x27a799e06fb4f39c!8m2!3d23.793223!4d90.414601!16s%2Fg%2F11h1kn80gm!19sChIJj0SnLRTHVTcRnPO0b-CZpyc?authuser=0&hl=en&g_ep=EgoyMDI2MDkwMi4wIJJjKgBIAVAD&rclk=1,4.5,35,"Gulshan 2, Dhaka",23.793223,90.414601
Runcha Mirpur -12,Cafe,Mirpur 12,https://www.google.com/maps/place/Runcha+Mirpur+-12/data=!4m7!3m6!1s0x3755c1000fa4fe9d:0x565d53c7f28a98e5!8m2!3d23.8280746!4d90.3638959!16s%2Fg%2F11z7qp3rn7!19sChIJnf6kDwDBVTcR5ZiK8sdTXVY?authuser=0&hl=en&g_ep=EgoyMDI2MDkwMi4wIJJjKgBIAVAD&rclk=1,4.5,24,"12, 12, Nur Islam Mollah Avenue Holding No# 5, 1216 Bus stand, Mirpur 12, Dhaka",23.8280746,90.3638959
Wellness Café gulshan,Cafe,Gulshan 2,https://www.google.com/maps/place/Wellness+Caf%C3%A9+gulshan/data=!4m7!3m6!1s0x3755c7121741919d:0x2cb1d21f52d63bb6!8m2!3d23.7941855!4d90.4127283!16s%2Fg%2F11s7jvf23x!19sChIJnZFBFxLHVTcRtjvWUh_SsSw?authuser=0&hl=en&g_ep=EgoyMDI2MDkwMi4wIJJjKgBIAVAD&rclk=1,4.5,24,"Gulshan 2, Dhaka",23.7941855,90.4127283
"Cloud Cake and Foods, Uttara",Cafe,Uttara,"https://www.google.com/maps/place/Cloud+Cake+and+Foods,+Uttara/data=!4m7!3m6!1s0x3755c5004c534b55:0x792ad89179f21849!8m2!3d23.8705137!4d90.3980042!16s%2Fg%2F11ltld76m1!19sChIJVUtTTADFVTcRSRjyeZHYKnk?authuser=0&hl=en&g_ep=EgoyMDI2MDkwOS4wIJJjKgBIAVAD&rclk=1",4.5,22,"Uttara, Dhaka",23.870514,90.398004
Sara’s Cloud Kitchen - Bashundhara,Restaurant,Bashundhara R/A,https://www.google.com/maps/place/Sara%E2%80%99s+Cloud+Kitchen+-+Bashundhara/data=!4m7!3m6!1s0x3755c7174b2189bd:0xc3d72f5e2ca3cdba!8m2!3d23.8093711!4d90.4315964!16s%2Fg%2F11ltld09t8!19sChIJvYkhSxfHVTcRus2jLF4v18M?authuser=0&hl=en&g_ep=EgoyMDI2MDkwOS4wIJJjKgBIAVAD&rclk=1,4.5,22,"2nd Floor, Dhali Food Court , Bashundhara R/A, Dhaka",23.809371,90.431596
Mirpur-12,Restaurant,Mirpur 12,https://www.google.com/maps/place/Mirpur-12/data=!4m7!3m6!1s0x3755c10070ca0757:0x85912ceed9265ce!8m2!3d23.8282463!4d90.3637609!16s%2Fg%2F11xh8q4xbh!19sChIJVwfKcADBVTcRzmWS7c4SWQg?authuser=0&hl=en&g_ep=EgoyMDI2MDkwMi4wIJJjKgBIAVAD&rclk=1,4.5,21,"12 Mirpur Rd, Mirpur 12, Dhaka",23.8282463,90.3637609
Pusti Dairy Farm Sweets & Bakery - Bashundhara Branch,Cafe,Bashundhara R/A,https://www.google.com/maps/place/Pusti+Dairy+Farm+Sweets+%26+Bakery+-+Bashundhara+Branch/data=!4m7!3m6!1s0x3755c7a8ba4f67e7:0x9b1d4bff2a90fd06!8m2!3d23.8120676!4d90.4222204!16s%2Fg%2F11kjn0_ytl!19sChIJ52dPuqjHVTcRBv2QKv9LHZs?authuser=0&hl=en&g_ep=EgoyMDI2MDkwOS4wIJJjKgBIAVAD&rclk=1,4.5,18,"Ka-24, 2 Bashundhara Rd , Bashundhara R/A, Dhaka",23.812068,90.42222
Ajwah Bake & Pastry,Cafe,Bashundhara R/A,https://www.google.com/maps/place/Ajwah+Bake+%26+Pastry/data=!4m7!3m6!1s0x3755c64d0fd73993:0x5dd9e447779cf19a!8m2!3d23.8120569!4d90.4236834!16s%2Fg%2F11gh3b8mfg!19sChIJkznXD03GVTcRmvGcd0fk2V0?authuser=0&hl=en&g_ep=EgoyMDI2MDkwOS4wIJJjKgBIAVAD&rclk=1,4.5,17,"Bashundhara Rd , Bashundhara R/A, Dhaka",23.812057,90.423683
Pizzetta,Restaurant,Uttara,https://www.google.com/maps/place/Pizzetta/data=!4m7!3m6!1s0x3755c5002ca633eb:0x111424c9afbbe904!8m2!3d23.8786425!4d90.3906185!16s%2Fg%2F11nb4mnccr!19sChIJ6zOmLADFVTcRBOm7r8kkFBE?authuser=0&hl=en&g_ep=EgoyMDI2MDkwOS4wIJJjKgBIAVAD&rclk=1,4.5,14,"House # 41, Road Garib-E-Newaz Ave , Uttara, Dhaka",23.878643,90.390619
"Orange & Half Cafe, Bulu Ocean Tower Banani",Cafe,Banani,"https://www.google.com/maps/place/Orange+%26+Half+Cafe,+Bulu+Ocean+Tower+Banani/data=!4m7!3m6!1s0x3755c7100dda71fd:0xa5c6e8c57a772c98!8m2!3d23.7936692!4d90.4053838!16s%2Fg%2F11tfm_ycy2!19sChIJ_XHaDRDHVTcRmCx3esXoxqU?authuser=0&hl=en&g_ep=EgoyMDI2MDkwMi4wIJJjKgBIAVAD&rclk=1",4.5,13,"Banani, Dhaka",23.7936692,90.4053838
HANG OUT CAFE,Cafe,Khilgaon,https://www.google.com/maps/place/HANG+OUT+CAFE/data=!4m7!3m6!1s0x3755b99da79fa10f:0x376a9cbf4a54c99e!8m2!3d23.7455457!4d90.4269196!16s%2Fg%2F11rw92n87f!19sChIJD6Gfp525VTcRnslUSr-cajc?authuser=0&hl=en&g_ep=EgoyMDI2MDkwMi4wIJJjKgBIAVAD&rclk=1,4.5,12,"215 Road No. 5, Khilgaon, Dhaka",23.7455457,90.4269196
Cilantro Gulshan 2,Restaurant,Gulshan 2,https://www.google.com/maps/place/Cilantro+Gulshan+2/data=!4m7!3m6!1s0x3755c70013b1ce33:0x4f6e4b5f1b6215bd!8m2!3d23.7957847!4d90.4149676!16s%2Fg%2F11z54qzpyh!19sChIJM86xEwDHVTcRvRViG19Lbk8?authuser=0&hl=en&g_ep=EgoyMDI2MDkwMi4wIJJjKgBIAVAD&rclk=1,4.5,6,"Gulshan 2, Dhaka",23.7957847,90.4149676
STREET Food Court,Restaurant,Uttara,https://www.google.com/maps/place/STREET+Food+Court/data=!4m7!3m6!1s0x3755c50036b2c34b:0xc3a7dc0881e2caa0!8m2!3d23.8770734!4d90.3909816!16s%2Fg%2F11wxvqvpvh!19sChIJS8OyNgDFVTcRoMrigQjcp8M?authuser=0&hl=en&g_ep=EgoyMDI2MDkwOS4wIJJjKgBIAVAD&rclk=1,4.5,6,"Uttara, Dhaka",23.877073,90.390982
Doner Dude,Restaurant,Bashundhara R/A,https://www.google.com/maps/place/Doner+Dude/data=!4m7!3m6!1s0x3755c76331260a47:0xbf73d51d4ae2d5c5!8m2!3d23.8123886!4d90.4227724!16s%2Fg%2F11sd6547wr!19sChIJRwomMWPHVTcRxdXiSh3Vc78?authuser=0&hl=en&g_ep=EgoyMDI2MDkwOS4wIJJjKgBIAVAD&rclk=1,4.5,4,"Ka- 9/A, Crowd Yard Food Court, Haji Abdul Latif Mansion, (Beside Urban Void Food Court), Bashundhara R/A Road , Bashundhara R/A, Dhaka",23.812389,90.422772
"Mr. Baker, Bashundhara",Cafe,Bashundhara R/A,"https://www.google.com/maps/place/Mr.+Baker,+Bashundhara/data=!4m7!3m6!1s0x3755c7006d54d05f:0x9af37cbef6be3b9e!8m2!3d23.812031!4d90.4219876!16s%2Fg%2F11z0kpvxl_!19sChIJX9BUbQDHVTcRnju-9r5885o?authuser=0&hl=en&g_ep=EgoyMDI2MDkwOS4wIJJjKgBIAVAD&rclk=1",4.5,4,"24 Bashundhara Rd , Bashundhara R/A, Dhaka",23.812031,90.421988
ভাগ্যকূল মিষ্টান্ন ভান্ডার,Cafe,Bashundhara R/A,https://www.google.com/maps/place/%E0%A6%AD%E0%A6%BE%E0%A6%97%E0%A7%8D%E0%A6%AF%E0%A6%95%E0%A7%82%E0%A6%B2+%E0%A6%AE%E0%A6%BF%E0%A6%B7%E0%A7%8D%E0%A6%9F%E0%A6%BE%E0%A6%A8%E0%A7%8D%E0%A6%A8+%E0%A6%AD%E0%A6%BE%E0%A6%A8%E0%A7%8D%E0%A6%A1%E0%A6%BE%E0%A6%B0/data=!4m7!3m6!1s0x3755c79015c9b4c9:0x660a986c6717ead5!8m2!3d23.8120795!4d90.4223782!16s%2Fg%2F11sqcmst_4!19sChIJybTJFZDHVTcR1eoXZ2yYCmY?authuser=0&hl=en&g_ep=EgoyMDI2MDkwOS4wIJJjKgBIAVAD&rclk=1,4.5,4,"4/A, Sharkar Market, 4a Bashundhara Rd, Bashundhara R/A, Dhaka",23.812079,90.422378
Gloria Jean's Coffees,Cafe,Gulshan 1,https://www.google.com/maps/place/Gloria+Jean%27s+Coffees/data=!4m7!3m6!1s0x3755c79c1317032d:0xd995395cfe2a8fc3!8m2!3d23.7792201!4d90.416352!16s%2Fg%2F11clgyd96n!19sChIJLQMXE5zHVTcRw48q_lw5ldk?authuser=0&hl=en&g_ep=EgoyMDI2MDkwMi4wIJJjKgBIAVAD&rclk=1,4.4,9.2K,"House 35, S.W (a, 29 Rd No 11 · Chain coffeehouse with flavored roasts, Gulshan 1, Dhaka",23.7792201,90.416352
Ozz Cafe,Restaurant,Dhanmondi,https://www.google.com/maps/place/Ozz+Cafe/data=!4m7!3m6!1s0x3755bf50215d2885:0x73b4574a678e2e65!8m2!3d23.7515687!4d90.3666725!16s%2Fg%2F11c5t2yjtg!19sChIJhShdIVC_VTcRZS6OZ0pXtHM?authuser=0&hl=en&g_ep=EgoyMDI2MDkwMi4wIJJjKgBIAVAD&rclk=1,4.4,8.3K,"Bangladesh Eye Hospital, House-133, Road-9/A, New Captain Road Er pichone, Dhanmondi, Dhaka",23.7515687,90.3666725
Gloria Jean's Coffees,Cafe,Gulshan 2,https://www.google.com/maps/place/Gloria+Jean%27s+Coffees/data=!4m7!3m6!1s0x3755c7a9f9d902b7:0xc8ed145e58f231e5!8m2!3d23.8041824!4d90.4130082!16s%2Fg%2F11bxdslvvn!19sChIJtwLZ-anHVTcR5THyWF4U7cg?authuser=0&hl=en&g_ep=EgoyMDI2MDkwMi4wIJJjKgBIAVAD&rclk=1,4.4,7.7K,"Block- B, House no: 88, 2B Rd No 71 · Chain coffeehouse with flavored roasts, Gulshan 2, Dhaka",23.8041824,90.4130082
Star Kabab & Restaurant Dhanmondi 2,Restaurant,Dhanmondi,https://www.google.com/maps/search/?api=1&query=Star+Kabab+Dhanmondi+Dhaka,4.4,6.8K,"House 54, Road 2, Dhanmondi, Dhaka",23.741,90.378
Takeout Banani,Restaurant,Banani,https://www.google.com/maps/place/Takeout+Banani/data=!4m7!3m6!1s0x3755c7120ec9e20f:0x8889d4d79e711995!8m2!3d23.7931073!4d90.4057487!16s%2Fg%2F11bvv5lnw2!19sChIJD-LJDhLHVTcRlRlxntfUiYg?authuser=0&hl=en&g_ep=EgoyMDI2MDkwMi4wIJJjKgBIAVAD&rclk=1,4.4,5.9K,"Plot No. 35, Abedin Tower, 1st Floor, Road No 17, Kemal Ataturk Ave, Banani, Dhaka",23.7931073,90.4057487
Chillox Banani,Restaurant,Banani,https://www.google.com/maps/place/Chillox+Banani/data=!4m7!3m6!1s0x3755c70e693d17fd:0x4573fd56c6132efa!8m2!3d23.790192!4d90.4080726!16s%2Fg%2F11gglr_3w7!19sChIJ_Rc9aQ7HVTcR-i4Txlb9c0U?authuser=0&hl=en&g_ep=EgoyMDI2MDkwMi4wIJJjKgBIAVAD&rclk=1,4.4,5.8K,"12 and 11, Intersection of road, 1st Floor, House 25, Genetic, Rd No. 11, Banani, Dhaka",23.790192,90.4080726
Kacchi Bhai Dhanmondi,Restaurant,Dhanmondi,https://www.google.com/maps/search/?api=1&query=Kacchi+Bhai+Dhanmondi+Dhaka,4.4,5.2K,"Satmasjid Road, Dhanmondi, Dhaka",23.7472,90.3728
Yum Cha District,Restaurant,Dhanmondi,https://www.google.com/maps/place/Yum+Cha+District/data=!4m7!3m6!1s0x3755b9eb4d364957:0x788455bc07f83ddf!8m2!3d23.7454063!4d90.3715008!16s%2Fg%2F11h1yqhwcl!19sChIJV0k2Teu5VTcR3z34B7xVhHg?authuser=0&hl=en&g_ep=EgoyMDI2MDkwMi4wIJJjKgBIAVAD&rclk=1,4.4,4.4K,"Level 5, Hs 42 & 43, 9/A Satmasjid Road · Low-key choice for Asian fusion food, Dhanmondi, Dhaka",23.7454063,90.3715008
Kacchi Bhai Mirpur 10,Restaurant,Mirpur 10,https://www.google.com/maps/search/?api=1&query=Kacchi+Bhai+Mirpur+10+Dhaka,4.4,4.1K,"Circle, Mirpur 10, Dhaka",23.8075,90.368
Cafe Park Khilgaon,Restaurant,Khilgaon,https://www.google.com/maps/search/?api=1&query=Cafe+Park+Khilgaon+Dhaka,4.4,3.1K,"Taltola Main Road, Khilgaon, Dhaka",23.7512,90.4222
Mainland China Gulshan 1,Restaurant,Gulshan 1,https://www.google.com/maps/search/?api=1&query=Mainland+China+Gulshan+1+Dhaka,4.4,3.1K,"Gulshan Avenue, Gulshan 1, Dhaka",23.779,90.4155
House of Shen Khilgaon,Restaurant,Khilgaon,https://www.google.com/maps/search/?api=1&query=House+of+Shen+Khilgaon+Dhaka,4.4,2.9K,"Shahid Baki Road, Khilgaon, Dhaka",23.7522,90.4218
Yum Cha District,Restaurant,Gulshan 1,https://www.google.com/maps/place/Yum+Cha+District/data=!4m7!3m6!1s0x3755c7ed6c30ac9b:0xc99fbe966df1c503!8m2!3d23.7818071!4d90.4173639!16s%2Fg%2F11q2yfvjym!19sChIJm6wwbO3HVTcRA8XxbZa-n8k?authuser=0&hl=en&g_ep=EgoyMDI2MDkwMi4wIJJjKgBIAVAD&rclk=1,4.4,2.9K,"60A Rd 131, Gulshan 1, Dhaka",23.7818071,90.4173639
The Food Garage,Restaurant,Dhanmondi,https://www.google.com/maps/search/?api=1&query=The+Food+Garage+Dhanmondi+Dhaka,4.4,2.8K,"Road 27, Dhanmondi, Dhaka",23.7485,90.3732
Butlers Chocolate Cafe Gulshan 1,Cafe,Gulshan 1,https://www.google.com/maps/search/?api=1&query=Butlers+Chocolate+Cafe+Gulshan+1+Dhaka,4.4,2.3K,"Gulshan Avenue, Gulshan 1, Dhaka",23.7795,90.4158
Koyla Lounge Banani,Restaurant,Banani,https://www.google.com/maps/search/?api=1&query=Koyla+Lounge+Banani+Dhaka,4.4,2.3K,"Road 12, Banani, Dhaka",23.7955,90.4062
Izakaya,Restaurant,Dhanmondi,https://www.google.com/maps/place/Izakaya/data=!4m7!3m6!1s0x3755bf1bbb2e61b5:0x77ebc5865b4d7310!8m2!3d23.7475403!4d90.3699268!16s%2Fg%2F11f7pc9dsf!19sChIJtWEuuxu_VTcREHNNW4bF63c?authuser=0&hl=en&g_ep=EgoyMDI2MDkwMi4wIJJjKgBIAVAD&rclk=1,4.4,2.2K,"Level – 9, Green Rawshanara Tower, 755 Satmasjid Road, Dhanmondi, Dhaka",23.7475403,90.3699268
Bistro-E,Restaurant,Gulshan 2,https://www.google.com/maps/place/Bistro-E/data=!4m7!3m6!1s0x3755c7a5d712e84f:0x836398f3c3864042!8m2!3d23.7960897!4d90.4174215!16s%2Fg%2F11bvt4nslb!19sChIJT-gS16XHVTcRQkCGw_OYY4M?authuser=0&hl=en&g_ep=EgoyMDI2MDkwMi4wIJJjKgBIAVAD&rclk=1,4.4,2.1K,"Gulshan 2, Dhaka",23.7960897,90.4174215
Crimson Cup Gulshan 1,Cafe,Gulshan 1,https://www.google.com/maps/search/?api=1&query=Crimson+Cup+Gulshan+1+Dhaka,4.4,2.1K,"Road 99, Gulshan 1, Dhaka",23.7768,90.4142
Tao Town Banani,Restaurant,Banani,https://www.google.com/maps/search/?api=1&query=Tao+Town+Banani+Dhaka,4.4,2.1K,"Road 11, Banani, Dhaka",23.7952,90.4048
Yum Cha District Dhanmondi,Restaurant,Dhanmondi,https://www.google.com/maps/search/?api=1&query=Yum+Cha+District+Dhanmondi+Dhaka,4.4,2.1K,"Road 27, Dhanmondi, Dhaka",23.7482,90.3745
Kiva Han Banani,Cafe,Banani,https://www.google.com/maps/search/?api=1&query=Kiva+Han+Banani+Dhaka,4.4,2.0K,"Road 11, Banani, Dhaka",23.794,90.4046
Khazana Gulshan 2,Restaurant,Gulshan 2,https://www.google.com/maps/search/?api=1&query=Khazana+Gulshan+2+Dhaka,4.4,1.9K,"House 9, Road 46, Gulshan 2, Dhaka",23.7925,90.415
Rustic Eatery & Cafe Shantinagar,Cafe,Shantinagar,https://www.google.com/maps/search/?api=1&query=Rustic+Eatery+Shantinagar+Dhaka,4.4,1.9K,"Road, Shantinagar, Dhaka",23.738,90.4132
Chef's Table - Gulshan 1,Restaurant,Gulshan 1,https://www.google.com/maps/place/Chef%27s+Table+-+Gulshan+1/data=!4m7!3m6!1s0x3755c75aa1a2eff1:0x5506bbb5a5f9873e!8m2!3d23.7768976!4d90.4160541!16s%2Fg%2F11kq2xgvx1!19sChIJ8e-ioVrHVTcRPof5pbW7BlU?authuser=0&hl=en&g_ep=EgoyMDI2MDkwMi4wIJJjKgBIAVAD&rclk=1,4.4,1.8K,"United House, Gulshan 1, Dhaka",23.7768976,90.4160541
Gold on 7 Rooftop Khilgaon,Restaurant,Khilgaon,https://www.google.com/maps/search/?api=1&query=Gold+on+7+Khilgaon+Dhaka,4.4,1.8K,"Nazma Tower 7th Floor, Khilgaon, Dhaka",23.7516,90.4224
O'Play Banani,Restaurant,Banani,https://www.google.com/maps/search/?api=1&query=O+Play+Banani+Dhaka,4.4,1.8K,"Road 11, Block F, Banani, Dhaka",23.7948,90.4058
Bengal Meat Deli Shantinagar,Restaurant,Shantinagar,https://www.google.com/maps/search/?api=1&query=Bengal+Meat+Deli+Shantinagar+Dhaka,4.4,1.7K,"Crossing, Shantinagar, Dhaka",23.7382,90.4138
Capawcino Cat Cafe Dhanmondi,Cafe,Dhanmondi,https://www.google.com/maps/search/?api=1&query=Capawcino+Cat+Cafe+Dhanmondi+Dhaka,4.4,1.7K,"Road 27, Dhanmondi, Dhaka",23.7478,90.3738
Woodhouse Grill Gulshan 2,Restaurant,Gulshan 2,https://www.google.com/maps/search/?api=1&query=Woodhouse+Grill+Gulshan+2+Dhaka,4.4,1.7K,"Road 50, Gulshan 2, Dhaka",23.792,90.416
Pizza Guy Gulshan 1,Restaurant,Gulshan 1,https://www.google.com/maps/search/?api=1&query=Pizza+Guy+Gulshan+1+Dhaka,4.4,1.5K,"Road 136, Gulshan 1, Dhaka",23.7788,90.4152
Roadside Kitchen Bashundhara R/A,Restaurant,Bashundhara R/A,https://www.google.com/maps/place/Roadside+Kitchen+Bashundhara+R%2FA/data=!4m7!3m6!1s0x3755c7d2e840c6f5:0xe7f2ad4034d63b50!8m2!3d23.812298!4d90.4229032!16s%2Fg%2F11kss77g71!19sChIJ9cZA6NLHVTcRUDvWNECt8uc?authuser=0&hl=en&g_ep=EgoyMDI2MDkwOS4wIJJjKgBIAVAD&rclk=1,4.4,1.5K,"RC6F+X4V, Ka-9 Bashundhara Rd , Bashundhara R/A, Dhaka",23.812298,90.422903
The Hub - Cafe & Bistro Mirpur 1,Cafe,Mirpur 1,https://www.google.com/maps/search/?api=1&query=The+Hub+Cafe+Bistro+Mirpur+1+Dhaka,4.4,1.5K,"29 Zoo Road, Mirpur 1, Dhaka",23.8042,90.3532
PBS (Books+Music+Café),Cafe,Shantinagar,https://www.google.com/maps/place/PBS+%28Books%2BMusic%2BCaf%C3%A9%29/data=!4m7!3m6!1s0x3755b86023a9d785:0x9f5128c933e75e5e!8m2!3d23.7407762!4d90.4127809!16s%2Fg%2F1v42d4fq!19sChIJhdepI2C4VTcRXl7nM8koUZ8?authuser=0&hl=en&g_ep=EgoyMDI2MDkwMi4wIJJjKgBIAVAD&rclk=1,4.4,1.4K,"Shantinagar, Dhaka",23.7407762,90.4127809
Coal & Coffee,Cafe,Uttara,https://www.google.com/maps/place/Coal+%26+Coffee/data=!4m7!3m6!1s0x3755c5e968b2607d:0x549a6961665684ab!8m2!3d23.874597!4d90.3948305!16s%2Fg%2F11s49zhq_2!19sChIJfWCyaOnFVTcRq4RWZmFpmlQ?authuser=0&hl=en&g_ep=EgoyMDI2MDkwOS4wIJJjKgBIAVAD&rclk=1,4.4,1.3K,"House 60, Road Sonargaon Janapath Rd , Uttara, Dhaka",23.874597,90.39483
IZ Pâtisserie and Café - Mirpur Branch,Cafe,Mirpur 12,https://www.google.com/maps/place/IZ+P%C3%A2tisserie+and+Caf%C3%A9+-+Mirpur+Branch/data=!4m7!3m6!1s0x3755c5dd9928851b:0xf182d3f18449d7fe!8m2!3d23.8272776!4d90.3643858!16s%2Fg%2F11tx4s10p1!19sChIJG4Uomd3FVTcR_tdJhPHTgvE?authuser=0&hl=en&g_ep=EgoyMDI2MDkwMi4wIJJjKgBIAVAD&rclk=1,4.4,1.3K,"B.A, House #45 Rd No. 7, Mirpur 12, Dhaka",23.8272776,90.3643858
Laughing Buddha,Restaurant,Gulshan 2,https://www.google.com/maps/place/Laughing+Buddha/data=!4m7!3m6!1s0x3755c7526d08077f:0x2290472dcbc9631d!8m2!3d23.7959676!4d90.4132913!16s%2Fg%2F11j2fpz536!19sChIJfwcIbVLHVTcRHWPJyy1HkCI?authuser=0&hl=en&g_ep=EgoyMDI2MDkwMi4wIJJjKgBIAVAD&rclk=1,4.4,1.3K,"Gulshan 2, Dhaka",23.7959676,90.4132913
Beans & Bites Mirpur 10,Cafe,Mirpur 10,https://www.google.com/maps/search/?api=1&query=Beans+and+Bites+Mirpur+10+Dhaka,4.4,1.2K,"Metro Pillar area, Mirpur 10, Dhaka",23.806,90.3682
Dim Sum Town,Restaurant,Uttara,https://www.google.com/maps/place/Dim+Sum+Town/data=!4m7!3m6!1s0x3755c5b874a4b5d3:0xe81f7c49cf96096!8m2!3d23.8786925!4d90.390891!16s%2Fg%2F11t96lzrx0!19sChIJ07WkdLjFVTcRlmD5nMT3gQ4?authuser=0&hl=en&g_ep=EgoyMDI2MDkwOS4wIJJjKgBIAVAD&rclk=1,4.4,1.2K,"House 24 (Level 3), Road 10/B, Gareeb-e-Nawaz Ave , Uttara, Dhaka",23.878692,90.390891
Fuoco - Mirpur 1,Restaurant,Mirpur 1,https://www.google.com/maps/place/Fuoco+-+Mirpur+1/data=!4m7!3m6!1s0x3755c1a951da43ab:0x3c8ac0c7056825ab!8m2!3d23.8024538!4d90.3531906!16s%2Fg%2F11rhvrxb_5!19sChIJq0PaUanBVTcRqyVoBcfAijw?authuser=0&hl=en&g_ep=EgoyMDI2MDkwMi4wIJJjKgBIAVAD&rclk=1,4.4,1.2K,"Mosjidul Akbar Eidgah Field, Zoo Road, Mirpur 1, Dhaka",23.8024538,90.3531906
Posh Lounge Rooftop,Restaurant,Mirpur 12,https://www.google.com/maps/place/Posh+Lounge+Rooftop/data=!4m7!3m6!1s0x3755c14a6030e9ad:0x96efaace5e97d90e!8m2!3d23.8270305!4d90.364695!16s%2Fg%2F11l6jcr3xr!19sChIJrekwYErBVTcRDtmXXs6q75Y?authuser=0&hl=en&g_ep=EgoyMDI2MDkwMi4wIJJjKgBIAVAD&rclk=1,4.4,1.2K,"Safura Tower (Beside Pallabi Metro Station) House 45, Level-9, Road-7, Mirpur-12, Mirpur 12, Dhaka",23.8270305,90.364695
Roadside Kitchen Dhanmondi,Restaurant,Dhanmondi,https://www.google.com/maps/place/Roadside+Kitchen+Dhanmondi/data=!4m7!3m6!1s0x3755bf71dcc4f8c3:0x10552d915d714666!8m2!3d23.7535035!4d90.3693586!16s%2Fg%2F11q84l5289!19sChIJw_jE3HG_VTcRZkZxXZEtVRA?authuser=0&hl=en&g_ep=EgoyMDI2MDkwMi4wIJJjKgBIAVAD&rclk=1,4.4,1.2K,"Road No. 27, Location: 1, 3 Block#D, Dhanmondi, Dhaka",23.7535035,90.3693586
Trouvaille,Restaurant,Uttara,https://www.google.com/maps/place/Trouvaille/data=!4m7!3m6!1s0x3755c422f24481bf:0xa92ab1e7f8ca7fb7!8m2!3d23.855826!4d90.4035764!16s%2Fg%2F11g9dsl6rt!19sChIJv4FE8iLEVTcRt3_K-OexKqk?authuser=0&hl=en&g_ep=EgoyMDI2MDkwOS4wIJJjKgBIAVAD&rclk=1,4.4,1.2K,"House 2 Road No. 2 , Uttara, Dhaka",23.855826,90.403576
Kissa Cafe Khilgaon,Cafe,Khilgaon,https://www.google.com/maps/search/?api=1&query=Kissa+Cafe+Khilgaon+Dhaka,4.4,1.1K,"Block B, Khilgaon, Dhaka",23.7508,90.4212
Happiness Cafe Gulshan,Cafe,Gulshan 2,https://www.google.com/maps/search/?api=1&query=Happiness+Cafe+Gulshan+Dhaka,4.4,980,"Road 44, Gulshan 2, Dhaka",23.7915,90.414
Tabaq Coffee | Baridhara DOHS,Cafe,Bashundhara R/A,https://www.google.com/maps/place/Tabaq+Coffee+%7C+Baridhara+DOHS/data=!4m7!3m6!1s0x3755c7aabea39ddf:0xb585f1fc02105bc0!8m2!3d23.80914!4d90.413429!16s%2Fg%2F11cs6fq_5h!19sChIJ352jvqrHVTcRwFsQAvzxhbU?authuser=0&hl=en&g_ep=EgoyMDI2MDkwOS4wIJJjKgBIAVAD&rclk=1,4.4,967,"Shop 104, Ground Floor, Anannya Shopping Complex , Bashundhara R/A, Dhaka",23.80914,90.413429
Cafelytics Dhanmondi,Cafe,Dhanmondi,https://www.google.com/maps/search/?api=1&query=Cafelytics+Dhanmondi+Dhaka,4.4,950,"Road 15, Dhanmondi, Dhaka",23.744,90.3765
Burger Lab Mirpur-1,Restaurant,Mirpur 1,https://www.google.com/maps/place/Burger+Lab+Mirpur-1/data=!4m7!3m6!1s0x3755c144745891b7:0xd0681c8ee537af55!8m2!3d23.8022456!4d90.3529599!16s%2Fg%2F11j205wbyz!19sChIJt5FYdETBVTcRVa835Y4caNA?authuser=0&hl=en&g_ep=EgoyMDI2MDkwMi4wIJJjKgBIAVAD&rclk=1,4.4,923,"2, 2 Zoo Road, Mirpur 1, Dhaka",23.8022456,90.3529599
Loki Restaurant & Bar,Restaurant,Banani,https://www.google.com/maps/place/Loki+Restaurant+%26+Bar/data=!4m7!3m6!1s0x3755c7c031ebf667:0xfcffc21d393279f9!8m2!3d23.7936857!4d90.4051834!16s%2Fg%2F11ry5j3gly!19sChIJZ_brMcDHVTcR-XkyOR3C__w?authuser=0&hl=en&g_ep=EgoyMDI2MDkwMi4wIJJjKgBIAVAD&rclk=1,4.4,860,"Banani, Dhaka",23.7936857,90.4051834
Coal & Coffee,Cafe,Banani,https://www.google.com/maps/place/Coal+%26+Coffee/data=!4m7!3m6!1s0x3755c790ee6d571b:0xb05ec9d31fd91b1b!8m2!3d23.7934925!4d90.4067037!16s%2Fg%2F11ssfklyrq!19sChIJG1dt7pDHVTcRGxvZH9PJXrA?authuser=0&hl=en&g_ep=EgoyMDI2MDkwMi4wIJJjKgBIAVAD&rclk=1,4.4,844,"Banani, Dhaka",23.7934925,90.4067037
Emerald Bakery & Cafe,Cafe,Banani,https://www.google.com/maps/place/Emerald+Bakery+%26+Cafe/data=!4m7!3m6!1s0x3755c79674494157:0x7a08dc68621c47f4!8m2!3d23.7902388!4d90.4093889!16s%2Fg%2F11t57f58l6!19sChIJV0FJdJbHVTcR9EccYmjcCHo?authuser=0&hl=en&g_ep=EgoyMDI2MDkwMi4wIJJjKgBIAVAD&rclk=1,4.4,836,"House 80, Road No. 11, Banani, Dhaka",23.7902388,90.4093889
Shiraj Chuigosto- Khilgaon,Restaurant,Khilgaon,https://www.google.com/maps/place/Shiraj+Chuigosto-+Khilgaon/data=!4m7!3m6!1s0x3755b99ba6b1372f:0xc839fb1675b7c585!8m2!3d23.7519872!4d90.417165!16s%2Fg%2F11l2p321g0!19sChIJLzexppu5VTcRhcW3dRb7Ocg?authuser=0&hl=en&g_ep=EgoyMDI2MDkwMi4wIJJjKgBIAVAD&rclk=1,4.4,752,"589/C Shahid Baki Rd, Khilgaon, Dhaka",23.7519872,90.417165
The Cozy Bean Dhanmondi,Cafe,Dhanmondi,https://www.google.com/maps/search/?api=1&query=The+Cozy+Bean+Dhanmondi+Dhaka,4.4,720,"Road 8/A, Dhanmondi, Dhaka",23.7445,90.3725
Turkey Bliss,Restaurant,Banani,https://www.google.com/maps/place/Turkey+Bliss/data=!4m7!3m6!1s0x3755c700749e06df:0xa9257a8901164787!8m2!3d23.7910913!4d90.4016749!16s%2Fg%2F11y57f213j!19sChIJ3waedADHVTcRh0cWAYl6Jak?authuser=0&hl=en&g_ep=EgoyMDI2MDkwMi4wIJJjKgBIAVAD&rclk=1,4.4,706,"Plot 1, Level 2, Block F Road No. 11, Banani, Dhaka",23.7910913,90.4016749
Oro Dhaka,Restaurant,Gulshan 1,https://www.google.com/maps/place/Oro+Dhaka/data=!4m7!3m6!1s0x3755c7d805d2e0f9:0x257b7243fb0a2fb8!8m2!3d23.7860817!4d90.4165866!16s%2Fg%2F11hyvklgs7!19sChIJ-eDSBdjHVTcRuC8K-0NyeyU?authuser=0&hl=en&g_ep=EgoyMDI2MDkwMi4wIJJjKgBIAVAD&rclk=1,4.4,656,"6/A, Rangs FC 2 corner of Rd 32 and, Gulshan Ave, Gulshan 1, Dhaka",23.7860817,90.4165866
Al-Amar Lebanese Cuisine Gulshan,Restaurant,Gulshan 1,https://www.google.com/maps/place/Al-Amar+Lebanese+Cuisine+Gulshan/data=!4m7!3m6!1s0x3755c7ebd1020bf9:0xd39276376248b6c0!8m2!3d23.7860603!4d90.4167539!16s%2Fg%2F11rg13wlqg!19sChIJ-QsC0evHVTcRwLZIYjd2ktM?authuser=0&hl=en&g_ep=EgoyMDI2MDkwMi4wIJJjKgBIAVAD&rclk=1,4.4,593,"Level 12, House 6/A, Rangs FC Square, Rd 32, Gulshan 1, Dhaka",23.7860603,90.4167539
Ginza Dhanmondi,Restaurant,Dhanmondi,https://www.google.com/maps/place/Ginza+Dhanmondi/data=!4m7!3m6!1s0x3755bf061b5ae349:0x3d4e060069737323!8m2!3d23.7482218!4d90.3697298!16s%2Fg%2F11svttmk1d!19sChIJSeNaGwa_VTcRI3NzaQAGTj0?authuser=0&hl=en&g_ep=EgoyMDI2MDkwMi4wIJJjKgBIAVAD&rclk=1,4.4,541,"Level 6, 58 Satmasjid Road, Dhanmondi, Dhaka",23.7482218,90.3697298
Cafe Colombia,Cafe,Gulshan 1,https://www.google.com/maps/place/Cafe+Colombia/data=!4m7!3m6!1s0x3755c704921c5ec7:0xe7eeec28bc3d92db!8m2!3d23.7801595!4d90.4171468!16s%2Fg%2F11vf22mcyc!19sChIJx14ckgTHVTcR25I9vCjs7uc?authuser=0&hl=en&g_ep=EgoyMDI2MDkwMi4wIJJjKgBIAVAD&rclk=1,4.4,485,"Gulshan 1, Dhaka",23.7801595,90.4171468
MANZO Restaurant Dhaka,Restaurant,Gulshan 1,https://www.google.com/maps/place/MANZO+Restaurant+Dhaka/data=!4m7!3m6!1s0x3755c7f976bc8d95:0xd0a7fec236daf188!8m2!3d23.7891724!4d90.4166786!16s%2Fg%2F11srwxxjhs!19sChIJlY28dvnHVTcRiPHaNsL-p9A?authuser=0&hl=en&g_ep=EgoyMDI2MDkwMi4wIJJjKgBIAVAD&rclk=1,4.4,481,"Gulshan 1, Dhaka",23.7891724,90.4166786
Herfy,Restaurant,Khilgaon,https://www.google.com/maps/place/Herfy/data=!4m7!3m6!1s0x3755c7cf48450667:0xcb0fb49cde8d6e13!8m2!3d23.7522184!4d90.4216055!16s%2Fg%2F11vcml42b5!19sChIJZwZFSM_HVTcRE26N3py0D8s?authuser=0&hl=en&g_ep=EgoyMDI2MDkwMi4wIJJjKgBIAVAD&rclk=1,4.4,430,"House 380, Block B, Khilgaon, Dhaka",23.7522184,90.4216055
Beans & Aroma Coffees | Dhanmondi Branch,Cafe,Dhanmondi,https://www.google.com/maps/place/Beans+%26+Aroma+Coffees+%7C+Dhanmondi+Branch/data=!4m7!3m6!1s0x3755bf7e4801abcd:0x8cfa61438e056fe3!8m2!3d23.7473131!4d90.3703802!16s%2Fg%2F11t324m6rs!19sChIJzasBSH6_VTcR428FjkNh-ow?authuser=0&hl=en&g_ep=EgoyMDI2MDkwMi4wIJJjKgBIAVAD&rclk=1,4.4,422,"P9WC+W48, Satmasjid Road, Dhanmondi, Dhaka",23.7473131,90.3703802
Cafe Sao Paulo - Gulshan 2,Cafe,Gulshan 2,https://www.google.com/maps/place/Cafe+Sao+Paulo+-+Gulshan+2/data=!4m7!3m6!1s0x3755c776cf3c3c79:0xab68ee27065deeff!8m2!3d23.8004183!4d90.4116448!16s%2Fg%2F11wq3mzypj!19sChIJeTw8z3bHVTcR_-5dBifuaKs?authuser=0&hl=en&g_ep=EgoyMDI2MDkwMi4wIJJjKgBIAVAD&rclk=1,4.4,401,"Gulshan 2, Dhaka",23.8004183,90.4116448
Cafe Hoi Choi,Restaurant,Shantinagar,https://www.google.com/maps/place/Cafe+Hoi+Choi/data=!4m7!3m6!1s0x3755b85e339862f1:0x82eb1c4dce6da9a4!8m2!3d23.7373051!4d90.4147785!16s%2Fg%2F11g6btv9g5!19sChIJ8WKYM164VTcRpKltzk0c64I?authuser=0&hl=en&g_ep=EgoyMDI2MDkwMi4wIJJjKgBIAVAD&rclk=1,4.4,398,"104 Shanti Nagar Road, Shantinagar, Dhaka",23.7373051,90.4147785
Cheez Bashundhara,Restaurant,Bashundhara R/A,https://www.google.com/maps/place/Cheez+Bashundhara/data=!4m7!3m6!1s0x3755c7181a12c22f:0xba29e7edf175e294!8m2!3d23.8087324!4d90.4303598!16s%2Fg%2F11h9gwyhpx!19sChIJL8ISGhjHVTcRlOJ18e3nKbo?authuser=0&hl=en&g_ep=EgoyMDI2MDkwOS4wIJJjKgBIAVAD&rclk=1,4.4,353,"Jabbar Molla Tower (2nd floor, Evercare Hospital Rd , Bashundhara R/A, Dhaka",23.808732,90.43036
NOSH Dhanmondi,Restaurant,Dhanmondi,https://www.google.com/maps/place/NOSH+Dhanmondi/data=!4m7!3m6!1s0x3755b900598da20d:0xb4689440f945ea34!8m2!3d23.7392189!4d90.3787859!16s%2Fg%2F11yjmclz_9!19sChIJDaKNWQC5VTcRNOpF-UCUaLQ?authuser=0&hl=en&g_ep=EgoyMDI2MDkwMi4wIJJjKgBIAVAD&rclk=1,4.4,334,"House# 32/A, Road# 2, Dhanmondi, Dhaka",23.7392189,90.3787859
HASH,Restaurant,Dhanmondi,https://www.google.com/maps/place/HASH/data=!4m7!3m6!1s0x3755b9004b82413b:0x57af72539549e4c0!8m2!3d23.7389525!4d90.3786835!16s%2Fg%2F11wfy7mb29!19sChIJO0GCSwC5VTcRwORJlVNyr1c?authuser=0&hl=en&g_ep=EgoyMDI2MDkwMi4wIJJjKgBIAVAD&rclk=1,4.4,332,"LEVEL - 10 (A), PLOT - 32, RANGS FORTUNE SQUARE, ROAD - 02 Road No 6, Dhanmondi, Dhaka",23.7389525,90.3786835
Comptoirs Richard,Cafe,Gulshan 2,https://www.google.com/maps/place/Comptoirs+Richard/data=!4m7!3m6!1s0x3755c7d0013e9691:0xdba8a19a757464db!8m2!3d23.7959294!4d90.4149317!16s%2Fg%2F11qyd3y2vq!19sChIJkZY-AdDHVTcR22R0dZqhqNs?authuser=0&hl=en&g_ep=EgoyMDI2MDkwMi4wIJJjKgBIAVAD&rclk=1,4.4,331,"House No 23, Gulshan Centre Point, Ground Floor, 26 Road No 91, Gulshan 2, Dhaka",23.7959294,90.4149317
Dip Fry and Steak,Restaurant,Uttara,https://www.google.com/maps/place/Dip+Fry+and+Steak/data=!4m7!3m6!1s0x3755c5004b2469cf:0x194f83311cf087d5!8m2!3d23.8676626!4d90.3989142!16s%2Fg%2F11y8n667rq!19sChIJz2kkSwDFVTcR1YfwHDGDTxk?authuser=0&hl=en&g_ep=EgoyMDI2MDkwOS4wIJJjKgBIAVAD&rclk=1,4.4,328,"House 05, Level 02, Sector 03, Road, 15 Rabindra Sarani , Uttara, Dhaka",23.867663,90.398914
Khao San - Uttara,Restaurant,Uttara,https://www.google.com/maps/place/Khao+San+-+Uttara/data=!4m7!3m6!1s0x3755c5a1e4716be9:0x29c74ffbc9e10073!8m2!3d23.8716706!4d90.3910255!16s%2Fg%2F11ydkfdpvr!19sChIJ6Wtx5KHFVTcRcwDhyftPxyk?authuser=0&hl=en&g_ep=EgoyMDI2MDkwOS4wIJJjKgBIAVAD&rclk=1,4.4,284,"House 30, Tropical Sormi Center, Garib-E-Newaz Ave , Uttara, Dhaka",23.871671,90.391025
Rose,Cafe,Gulshan 1,https://www.google.com/maps/place/Rose/data=!4m7!3m6!1s0x3755c75f04c6c809:0x4044d3cb5de7116d!8m2!3d23.7815942!4d90.4175002!16s%2Fg%2F11p4wj3p0h!19sChIJCcjGBF_HVTcRbRHnXcvTREA?authuser=0&hl=en&g_ep=EgoyMDI2MDkwMi4wIJJjKgBIAVAD&rclk=1,4.4,265,"House 58/B, Rd 131, Gulshan 1, Dhaka",23.7815942,90.4175002
Adana Sofrasi,Restaurant,Gulshan 1,https://www.google.com/maps/place/Adana+Sofrasi/data=!4m7!3m6!1s0x3755c77abb99db5d:0x61183c6c01d410cb!8m2!3d23.7860817!4d90.4165866!16s%2Fg%2F11yrpx6fsp!19sChIJXduZu3rHVTcRyxDUAWw8GGE?authuser=0&hl=en&g_ep=EgoyMDI2MDkwMi4wIJJjKgBIAVAD&rclk=1,4.4,251,"2nd Floor, Unit - B2 Plot - 6/A, Rangs FC Square, Road - 32 Gulshan Ave, Gulshan 1, Dhaka",23.7860817,90.4165866
Brio: Italian Restaurant,Restaurant,Gulshan 2,https://www.google.com/maps/place/Brio:+Italian+Restaurant/data=!4m7!3m6!1s0x3755c7e113b10877:0xa5ed036b6414a637!8m2!3d23.7957609!4d90.4133504!16s%2Fg%2F11ww6mzfd5!19sChIJdwixE-HHVTcRN6YUZGsD7aU?authuser=0&hl=en&g_ep=EgoyMDI2MDkwMi4wIJJjKgBIAVAD&rclk=1,4.4,204,"2nd Floor, House 10 Rd 53, Gulshan 2, Dhaka",23.7957609,90.4133504
Lounge-3,Restaurant,Uttara,https://www.google.com/maps/place/Lounge-3/data=!4m7!3m6!1s0x3755c59ea0c064e5:0x72ecf94a1522fc55!8m2!3d23.8614828!4d90.3970062!16s%2Fg%2F11vf555hln!19sChIJ5WTAoJ7FVTcRVfwiFUr57HI?authuser=0&hl=en&g_ep=EgoyMDI2MDkwOS4wIJJjKgBIAVAD&rclk=1,4.4,197,"lounge 3 ,House, 21 Road-3 , Uttara, Dhaka",23.861483,90.397006
The Local Coffee Gulshan,Cafe,Gulshan 1,https://www.google.com/maps/place/The+Local+Coffee+Gulshan/data=!4m7!3m6!1s0x3755c7001e9b9afb:0xf48655fb33adf618!8m2!3d23.7816171!4d90.4169651!16s%2Fg%2F11x91l5t52!19sChIJ-5qbHgDHVTcRGPatM_tVhvQ?authuser=0&hl=en&g_ep=EgoyMDI2MDkwMi4wIJJjKgBIAVAD&rclk=1,4.4,188,"Gulshan 1, Dhaka",23.7816171,90.4169651
Shawarma Damasco (Uttara),Restaurant,Uttara,https://www.google.com/maps/place/Shawarma+Damasco+%28Uttara%29/data=!4m7!3m6!1s0x3755c5a80e9fe4b5:0xace54711d01ec136!8m2!3d23.8696954!4d90.3935513!16s%2Fg%2F11sk8bs58l!19sChIJteSfDqjFVTcRNsEe0BFH5aw?authuser=0&hl=en&g_ep=EgoyMDI2MDkwOS4wIJJjKgBIAVAD&rclk=1,4.4,184,"25b Lake Drive Rd , Uttara, Dhaka",23.869695,90.393551
Le d'Or Banani,Cafe,Banani,https://www.google.com/maps/place/Le+d%27Or+Banani/data=!4m7!3m6!1s0x3755c700480cfcf3:0x961291e6fb7d5c8f!8m2!3d23.7904445!4d90.40621!16s%2Fg%2F11yd7__27l!19sChIJ8_wMSADHVTcRj1x9--aREpY?authuser=0&hl=en&g_ep=EgoyMDI2MDkwMi4wIJJjKgBIAVAD&rclk=1,4.4,180,"level 1 M&S house, plot 2 Rd No. 11, Banani, Dhaka",23.7904445,90.40621
Biancaffé Gulshan,Cafe,Gulshan 1,https://www.google.com/maps/place/Biancaff%C3%A9+Gulshan/data=!4m7!3m6!1s0x3755c7e83e525e1f:0x7e20ff8fb24bcf64!8m2!3d23.7881779!4d90.4144206!16s%2Fg%2F11lyshlbh8!19sChIJH15SPujHVTcRZM9Lso__IH4?authuser=0&hl=en&g_ep=EgoyMDI2MDkwMi4wIJJjKgBIAVAD&rclk=1,4.4,154,"1st Floor, House #37 Rd 35, Gulshan 1, Dhaka",23.7881779,90.4144206
Halal Shawrma & Luchi,Restaurant,Bashundhara R/A,https://www.google.com/maps/place/Halal+Shawrma+%26+Luchi/data=!4m7!3m6!1s0x3755c7bbf255d993:0xa979bbee02adbf3f!8m2!3d23.8120934!4d90.4240693!16s%2Fg%2F11h0b90n3_!19sChIJk9lV8rvHVTcRP7-tAu67eak?authuser=0&hl=en&g_ep=EgoyMDI2MDkwOS4wIJJjKgBIAVAD&rclk=1,4.4,153,"Bashundhara Rd , Bashundhara R/A, Dhaka",23.812093,90.424069
Arabika Coffee Jigatola,Cafe,Dhanmondi,https://www.google.com/maps/place/Arabika+Coffee+Jigatola/data=!4m7!3m6!1s0x3755b90058c46679:0x6e538f1323921831!8m2!3d23.7394997!4d90.3756461!16s%2Fg%2F11y81vl51g!19sChIJeWbEWAC5VTcRMRiSIxOPU24?authuser=0&hl=en&g_ep=EgoyMDI2MDkwMi4wIJJjKgBIAVAD&rclk=1,4.4,150,"ANZ SQUARE, ROAD 3/A, Satmasjid Road, Dhanmondi, Dhaka",23.7394997,90.3756461
Woodrose - the book cafe,Cafe,Uttara,https://www.google.com/maps/place/Woodrose+-+the+book+cafe/data=!4m7!3m6!1s0x3755c524f4077d2d:0xde48f70c2c57cb74!8m2!3d23.8743347!4d90.397524!16s%2Fg%2F11pz7_ts94!19sChIJLX0H9CTFVTcRdMtXLAz3SN4?authuser=0&hl=en&g_ep=EgoyMDI2MDkwOS4wIJJjKgBIAVAD&rclk=1,4.4,141,"House - 21 (2nd Floor, Road Sonargaon Janapath Rd , Uttara, Dhaka",23.874335,90.397524
Royal Cafe Experience,Cafe,Dhanmondi,https://www.google.com/maps/place/Royal+Cafe+Experience/data=!4m7!3m6!1s0x3755bff4940ed357:0x36ccba1a73a3bd3f!8m2!3d23.7475403!4d90.3699268!16s%2Fg%2F11kppxptd_!19sChIJV9MOlPS_VTcRP72jcxq6zDY?authuser=0&hl=en&g_ep=EgoyMDI2MDkwMi4wIJJjKgBIAVAD&rclk=1,4.4,116,"Ground Floor, Green Rowshanara Tower, 755 Satmasjid Road, Dhanmondi, Dhaka",23.7475403,90.3699268
Kebab & Curry,Restaurant,Uttara,https://www.google.com/maps/place/Kebab+%26+Curry/data=!4m7!3m6!1s0x3755c50048a9127b:0x699164b1048f2896!8m2!3d23.8695491!4d90.3891909!16s%2Fg%2F11ly_7f5_y!19sChIJexKpSADFVTcRliiPBLFkkWk?authuser=0&hl=en&g_ep=EgoyMDI2MDkwOS4wIJJjKgBIAVAD&rclk=1,4.4,108,"Uttara, Dhaka",23.869549,90.389191
Pizza Star - Mirpur 10,Restaurant,Mirpur 10,https://www.google.com/maps/place/Pizza+Star+-+Mirpur+10/data=!4m7!3m6!1s0x3755c103bf102111:0xf621e6e5a65a792!8m2!3d23.808595!4d90.3714269!16s%2Fg%2F11j79fqz3s!19sChIJESEQvwPBVTcRkqdlWm4eYg8?authuser=0&hl=en&g_ep=EgoyMDI2MDkwMi4wIJJjKgBIAVAD&rclk=1,4.4,108,"House 1, Lane No 10, Block B, 1216, Mirpur 10, Dhaka",23.808595,90.3714269
Shawarma Damasco (Bashundhara),Restaurant,Bashundhara R/A,https://www.google.com/maps/place/Shawarma+Damasco+%28Bashundhara%29/data=!4m7!3m6!1s0x3755c70987b577e3:0xb6233af579fbdc4d!8m2!3d23.8077844!4d90.4284459!16s%2Fg%2F11t40tx_2p!19sChIJ43e1hwnHVTcRTdz7efU6I7Y?authuser=0&hl=en&g_ep=EgoyMDI2MDkwOS4wIJJjKgBIAVAD&rclk=1,4.4,105,"444 New Apollo Road, Dhali Bari Pocket Gate, Bashundhara, Dhaka- 1229 , Bashundhara R/A, Dhaka",23.807784,90.428446
SLASH Coffee Roasting Co.,Cafe,Bashundhara R/A,https://www.google.com/maps/place/SLASH+Coffee+Roasting+Co./data=!4m7!3m6!1s0x3755c7af0957feb5:0x40555b88c20e3d72!8m2!3d23.8130795!4d90.4238794!16s%2Fg%2F11vf54y14j!19sChIJtf5XCa_HVTcRcj0OwohbVUA?authuser=0&hl=en&g_ep=EgoyMDI2MDkwOS4wIJJjKgBIAVAD&rclk=1,4.4,89,"Bashundhara R/A, Dhaka",23.81308,90.423879
Cafe Angel Drop,Cafe,Uttara,https://www.google.com/maps/place/Cafe+Angel+Drop/data=!4m7!3m6!1s0x3755c3006e9f687b:0x56a72d4bb18b426d!8m2!3d23.8689371!4d90.3671022!16s%2Fg%2F11y94n76hc!19sChIJe2ifbgDDVTcRbUKLsUstp1Y?authuser=0&hl=en&g_ep=EgoyMDI2MDkwOS4wIJJjKgBIAVAD&rclk=1,4.4,87,"Uttara, Dhaka",23.868937,90.367102
Ocean Lounge,Restaurant,Uttara,https://www.google.com/maps/place/Ocean+Lounge/data=!4m7!3m6!1s0x3755c5c1ef83d335:0x825ca7896c0c157c!8m2!3d23.8694543!4d90.3838741!16s%2Fg%2F11v17j4nqs!19sChIJNdOD78HFVTcRfBUMbImnXII?authuser=0&hl=en&g_ep=EgoyMDI2MDkwOS4wIJJjKgBIAVAD&rclk=1,4.4,85,"Uttara, Dhaka",23.869454,90.383874
Biancaffé Uttara,Restaurant,Uttara,https://www.google.com/maps/place/Biancaff%C3%A9+Uttara/data=!4m7!3m6!1s0x3755c5003fe49d83:0x7037aad36d0ce4e!8m2!3d23.8717187!4d90.391178!16s%2Fg%2F11w1b_z3hx!19sChIJg53kPwDFVTcRTs7QNq16Awc?authuser=0&hl=en&g_ep=EgoyMDI2MDkwOS4wIJJjKgBIAVAD&rclk=1,4.4,76,"Level 1, Plot 30, Tropical Shormi Center, Gareeb-e-Nawaz Ave , Uttara, Dhaka",23.871719,90.391178
Oro Roasters Banani,Cafe,Banani,https://www.google.com/maps/place/Oro+Roasters+Banani/data=!4m7!3m6!1s0x3755c75bf6a624e9:0xc8492e4573af990!8m2!3d23.7904343!4d90.4081211!16s%2Fg%2F11njtx598_!19sChIJ6SSm9lvHVTcRkPk6V-SShAw?authuser=0&hl=en&g_ep=EgoyMDI2MDkwMi4wIJJjKgBIAVAD&rclk=1,4.4,76,"Block-E, Top Floor, House, 116 Road No. 11, Banani, Dhaka",23.7904343,90.4081211
Beansprouts Cafe and Bistro,Cafe,Bashundhara R/A,https://www.google.com/maps/place/Beansprouts+Cafe+and+Bistro/data=!4m7!3m6!1s0x3755c7002ff0515f:0x5bdb3c103fec3dcb!8m2!3d23.8241061!4d90.4295437!16s%2Fg%2F11wnp30g0c!19sChIJX1HwLwDHVTcRyz3sPxA821s?authuser=0&hl=en&g_ep=EgoyMDI2MDkwOS4wIJJjKgBIAVAD&rclk=1,4.4,70,"4th floor, Rupayan Shopping square, Sayem Sobhan Anvir Rd , Bashundhara R/A, Dhaka",23.824106,90.429544
Sushiology,Restaurant,Mirpur 1,https://www.google.com/maps/place/Sushiology/data=!4m7!3m6!1s0x3755c100594d9be5:0x60dcc41ccb19b0fd!8m2!3d23.8038496!4d90.3553878!16s%2Fg%2F11yvqyt1j2!19sChIJ5ZtNWQDBVTcR_bAZyxzE3GA?authuser=0&hl=en&g_ep=EgoyMDI2MDkwMi4wIJJjKgBIAVAD&rclk=1,4.4,69,"Section 2, House 26, Road Avenue 1, Block A, Mirpur 1, Dhaka",23.8038496,90.3553878
Fika,Cafe,Banani,https://www.google.com/maps/place/Fika/data=!4m7!3m6!1s0x3755c700171b994f:0x9e788478f4f5e6e6!8m2!3d23.7888484!4d90.4024621!16s%2Fg%2F11n44pflbz!19sChIJT5kbFwDHVTcR5ub19HiEeJ4?authuser=0&hl=en&g_ep=EgoyMDI2MDkwMi4wIJJjKgBIAVAD&rclk=1,4.4,68,"House 82 Road No. 5, Banani, Dhaka",23.7888484,90.4024621
South Pole Coffee,Cafe,Uttara,https://www.google.com/maps/place/South+Pole+Coffee/data=!4m7!3m6!1s0x3755c5a6b93de69f:0x582cac6d915ed68d!8m2!3d23.8744987!4d90.3905494!16s%2Fg%2F11wng27vnx!19sChIJn-Y9uabFVTcRjdZekW2sLFg?authuser=0&hl=en&g_ep=EgoyMDI2MDkwOS4wIJJjKgBIAVAD&rclk=1,4.4,65,"30, 4A, (Level, 4 Sonargaon Janapath Rd , Uttara, Dhaka",23.874499,90.390549
KOI Thé Bangladesh - Banani,Cafe,Banani,https://www.google.com/maps/place/KOI+Th%C3%A9+Bangladesh+-+Banani/data=!4m7!3m6!1s0x3755c70017e86147:0xf66ce91c356d8ef1!8m2!3d23.7911608!4d90.4027718!16s%2Fg%2F11yjrbs5jv!19sChIJR2HoFwDHVTcR8Y5tNRzpbPY?authuser=0&hl=en&g_ep=EgoyMDI2MDkwMi4wIJJjKgBIAVAD&rclk=1,4.4,55,"Bay's Bellavista, 96 Road No. 11, Banani, Dhaka",23.7911608,90.4027718
Grain Pastry & Bakery Sector 11,Cafe,Uttara,https://www.google.com/maps/place/Grain+Pastry+%26+Bakery+Sector+11/data=!4m7!3m6!1s0x3755c540f5280f7f:0x59351756a54a2339!8m2!3d23.8767396!4d90.3901068!16s%2Fg%2F11tfklgj4g!19sChIJfw8o9UDFVTcROSNKpVYXNVk?authuser=0&hl=en&g_ep=EgoyMDI2MDkwOS4wIJJjKgBIAVAD&rclk=1,4.4,48,"House 1 Rd -15 , Uttara, Dhaka",23.87674,90.390107
Food Engineering Banani,Restaurant,Banani,https://www.google.com/maps/place/Food+Engineering+Banani/data=!4m7!3m6!1s0x3755c7532e9f29cb:0x2525ec8256892689!8m2!3d23.7901573!4d90.4080679!16s%2Fg%2F11lc_69xwq!19sChIJyymfLlPHVTcRiSaJVoLsJSU?authuser=0&hl=en&g_ep=EgoyMDI2MDkwMi4wIJJjKgBIAVAD&rclk=1,4.4,47,"House 25, Level-12, Lift-11, Genetic, Rd No. 11, Banani, Dhaka",23.7901573,90.4080679
PERCH Cafe,Cafe,Mirpur 1,https://www.google.com/maps/place/PERCH+Cafe/data=!4m7!3m6!1s0x3755c1001e51d4ed:0xd14f9191ffe3ff05!8m2!3d23.800876!4d90.3540206!16s%2Fg%2F11zhx5gd2c!19sChIJ7dRRHgDBVTcRBf_j_5GRT9E?authuser=0&hl=en&g_ep=EgoyMDI2MDkwMi4wIJJjKgBIAVAD&rclk=1,4.4,43,"Mirpur 1, Dhaka",23.800876,90.3540206
Roasters Uttara,Restaurant,Uttara,https://www.google.com/maps/place/Roasters+Uttara/data=!4m7!3m6!1s0x3755c54be566e109:0x4d071ca01349a541!8m2!3d23.8680795!4d90.3990711!16s%2Fg%2F11l2jzjw8k!19sChIJCeFm5UvFVTcRQaVJE6AcB00?authuser=0&hl=en&g_ep=EgoyMDI2MDkwOS4wIJJjKgBIAVAD&rclk=1,4.4,39,"Rd 4 , Uttara, Dhaka",23.86808,90.399071
Shumi's Hot Cake,Cafe,Uttara,https://www.google.com/maps/place/Shumi%27s+Hot+Cake/data=!4m7!3m6!1s0x3755c500483dca47:0x41ee666edb85c5b7!8m2!3d23.8598258!4d90.4033861!16s%2Fg%2F11w3khhwmf!19sChIJR8o9SADFVTcRt8WF225m7kE?authuser=0&hl=en&g_ep=EgoyMDI2MDkwOS4wIJJjKgBIAVAD&rclk=1,4.4,35,"25 Rd 4 , Uttara, Dhaka",23.859826,90.403386
Grain Pastry & Bakery,Cafe,Uttara,https://www.google.com/maps/place/Grain+Pastry+%26+Bakery/data=!4m7!3m6!1s0x3755c54c9550cc93:0x845f4a05f8e7e583!8m2!3d23.8760752!4d90.3873432!16s%2Fg%2F11tjpnyw1w!19sChIJk8xQlUzFVTcRg-Xn-AVKX4Q?authuser=0&hl=en&g_ep=EgoyMDI2MDkwOS4wIJJjKgBIAVAD&rclk=1,4.4,32,"House - 50 Road No. 17 , Uttara, Dhaka",23.876075,90.387343
Lahab,Restaurant,Gulshan 2,https://www.google.com/maps/place/Lahab/data=!4m7!3m6!1s0x3755c7b4f932b4eb:0xce75f1802459fde5!8m2!3d23.8042298!4d90.4150535!16s%2Fg%2F11xgnv2zvk!19sChIJ67Qy-bTHVTcR5f1ZJIDxdc4?authuser=0&hl=en&g_ep=EgoyMDI2MDkwMi4wIJJjKgBIAVAD&rclk=1,4.4,31,"House No. 9/D, Rd No 71, Gulshan 2, Dhaka",23.8042298,90.4150535
Fat Factory,Restaurant,Khilgaon,https://www.google.com/maps/place/Fat+Factory/data=!4m7!3m6!1s0x3755b9004e0cb69f:0x8f01aad9932155e9!8m2!3d23.7475864!4d90.4292678!16s%2Fg%2F11ml3n4ysx!19sChIJn7YMTgC5VTcR6VUhk9mqAY8?authuser=0&hl=en&g_ep=EgoyMDI2MDkwMi4wIJJjKgBIAVAD&rclk=1,4.4,29,"PCXH+3MG 1 A, 577, Road 16 Tilpapara Rd, Khilgaon, Dhaka",23.7475864,90.4292678
CLASSIC COFFEE HOUSE,Cafe,Khilgaon,https://www.google.com/maps/place/CLASSIC+COFFEE+HOUSE/data=!4m7!3m6!1s0x3755b9de6ac6cc37:0xae7387d3adf6cfb9!8m2!3d23.7523945!4d90.4212221!16s%2Fg%2F11t9p6m84k!19sChIJN8zGat65VTcRuc_2rdOHc64?authuser=0&hl=en&g_ep=EgoyMDI2MDkwMi4wIJJjKgBIAVAD&rclk=1,4.4,25,"402a Shahid Baki Rd, Khilgaon, Dhaka",23.7523945,90.4212221
Grain Pastry & Bakery - Sector 12,Cafe,Uttara,https://www.google.com/maps/place/Grain+Pastry+%26+Bakery+-+Sector+12/data=!4m7!3m6!1s0x3755c5206f2a1a23:0x5a7842a74391df4f!8m2!3d23.8697895!4d90.3838113!16s%2Fg%2F11vjdsds7z!19sChIJIxoqbyDFVTcRT9-RQ6dCeFo?authuser=0&hl=en&g_ep=EgoyMDI2MDkwOS4wIJJjKgBIAVAD&rclk=1,4.4,25,"House - 39 Shah Makhdum Ave , Uttara, Dhaka",23.869789,90.383811
Wasabi Bashundhara R/A,Restaurant,Bashundhara R/A,https://www.google.com/maps/place/Wasabi+Bashundhara+R%2FA/data=!4m7!3m6!1s0x3755c7007bf52b3b:0xd65b730c0ed6a378!8m2!3d23.8122118!4d90.4248318!16s%2Fg%2F11n3v6r3pr!19sChIJOyv1ewDHVTcReKPWDgxzW9Y?authuser=0&hl=en&g_ep=EgoyMDI2MDkwOS4wIJJjKgBIAVAD&rclk=1,4.4,23,"Al haj abdus, Sadat Sobhan Tanvir Rd , Bashundhara R/A, Dhaka",23.812212,90.424832
AHLAM CAFE,Cafe,Bashundhara R/A,https://www.google.com/maps/place/AHLAM+CAFE/data=!4m7!3m6!1s0x3755c70052b42145:0x53a82d04629d7d11!8m2!3d23.8247506!4d90.4294394!16s%2Fg%2F11zgxd0ckd!19sChIJRSG0UgDHVTcREX2dYgQtqFM?authuser=0&hl=en&g_ep=EgoyMDI2MDkwOS4wIJJjKgBIAVAD&rclk=1,4.4,19,"Plot 3 Sayem Sobhan Anvir Rd , Bashundhara R/A, Dhaka",23.824751,90.429439
Golden Pizza (গোল্ডেন পিজ্জা),Restaurant,Uttara,https://www.google.com/maps/place/Golden+Pizza+%28%E0%A6%97%E0%A7%8B%E0%A6%B2%E0%A7%8D%E0%A6%A1%E0%A7%87%E0%A6%A8+%E0%A6%AA%E0%A6%BF%E0%A6%9C%E0%A7%8D%E0%A6%9C%E0%A6%BE%29/data=!4m7!3m6!1s0x3755c53dadc849db:0x7c50ca8a91312e6d!8m2!3d23.8645496!4d90.3957267!16s%2Fg%2F11yndjhmll!19sChIJ20nIrT3FVTcRbS4xkYrKUHw?authuser=0&hl=en&g_ep=EgoyMDI2MDkwOS4wIJJjKgBIAVAD&rclk=1,4.4,17,"House 40/A, Road 7, Sector 3 (in front of friends club) , Uttara, Dhaka",23.86455,90.395727
Japan Cafe,Cafe,Mirpur 12,https://www.google.com/maps/place/Japan+Cafe/data=!4m7!3m6!1s0x3755c1f953b9f7a9:0xf8f70ddedfd5a5c3!8m2!3d23.8229702!4d90.3689124!16s%2Fg%2F11x8hflnc6!19sChIJqfe5U_nBVTcRw6XV394N9_g?authuser=0&hl=en&g_ep=EgoyMDI2MDkwMi4wIJJjKgBIAVAD&rclk=1,4.4,16,"Block-B, 1216, House-151 Road No. 8, Mirpur 12, Dhaka",23.8229702,90.3689124
Marco Polo’s Uttara,Restaurant,Uttara,https://www.google.com/maps/place/Marco+Polo%E2%80%99s+Uttara/data=!4m7!3m6!1s0x3755c50023c8b8fb:0xc5296250403698eb!8m2!3d23.869567!4d90.389729!16s%2Fg%2F11nbppy2pr!19sChIJ-7jIIwDFVTcR65g2QFBiKcU?authuser=0&hl=en&g_ep=EgoyMDI2MDkwOS4wIJJjKgBIAVAD&rclk=1,4.4,15,"Uttara, Dhaka",23.869567,90.389729
Britto Cafe,Cafe,Uttara,https://www.google.com/maps/place/Britto+Cafe/data=!4m7!3m6!1s0x3755c54f0999b103:0xaf5c10aa42af358c!8m2!3d23.8715104!4d90.3979118!16s%2Fg%2F11mrbvn9cd!19sChIJA7GZCU_FVTcRjDWvQqoQXK8?authuser=0&hl=en&g_ep=EgoyMDI2MDkwOS4wIJJjKgBIAVAD&rclk=1,4.4,12,"House-20, Road-28 , Uttara, Dhaka",23.87151,90.397912
HOUSE CAFE,Cafe,Gulshan 2,https://www.google.com/maps/place/HOUSE+CAFE/data=!4m7!3m6!1s0x3755c70044bf42bd:0x4aa66b628406e1d1!8m2!3d23.7992831!4d90.4099452!16s%2Fg%2F11lzwqdp1q!19sChIJvUK_RADHVTcR0eEGhGJrpko?authuser=0&hl=en&g_ep=EgoyMDI2MDkwMi4wIJJjKgBIAVAD&rclk=1,4.4,12,"Plot 14/B, 59 Rd 57, Gulshan 2, Dhaka",23.7992831,90.4099452
Arabella Lounge Cafe & Restaurant,Cafe,Uttara,https://www.google.com/maps/place/Arabella+Lounge+Cafe+%26+Restaurant/data=!4m7!3m6!1s0x3755c500160736fd:0x64b647955c3a1c83!8m2!3d23.8676055!4d90.3950281!16s%2Fg%2F11z5rsc5p3!19sChIJ_TYHFgDFVTcRgxw6XJVHtmQ?authuser=0&hl=en&g_ep=EgoyMDI2MDkwOS4wIJJjKgBIAVAD&rclk=1,4.4,9,"46 Rabindra Sarani , Uttara, Dhaka",23.867605,90.395028
Le Cuisine,Restaurant,Bashundhara R/A,https://www.google.com/maps/place/Le+Cuisine/data=!4m7!3m6!1s0x3755c882fffffff9:0x86b9bc02f025f51!8m2!3d23.8124452!4d90.4229146!16s%2Fg%2F11hd9mr5vd!19sChIJ-f___4LIVTcRUV8CL8Cbawg?authuser=0&hl=en&g_ep=EgoyMDI2MDkwOS4wIJJjKgBIAVAD&rclk=1,4.4,8,"Near Le Cuisine , Le cuisine KA-9/A Urban Void 2nd floor, Bashundhara R/A Main Road , Bashundhara R/A, Dhaka",23.812445,90.422915
Next Cafe,Cafe,Banani,https://www.google.com/maps/place/Next+Cafe/data=!4m7!3m6!1s0x3755c700763c8b15:0xcd41967f350f324c!8m2!3d23.7926211!4d90.4095468!16s%2Fg%2F11yx7qyxnv!19sChIJFYs8dgDHVTcRTDIPNX-WQc0?authuser=0&hl=en&g_ep=EgoyMDI2MDkwMi4wIJJjKgBIAVAD&rclk=1,4.4,7,"Block #, House No 30 Rd No. 19/A, Banani, Dhaka",23.7926211,90.4095468
Chatgaiya Mejjan,Restaurant,Uttara,https://www.google.com/maps/place/Chatgaiya+Mejjan/data=!4m7!3m6!1s0x3755c5171be6592d:0x9345e0931752f6c0!8m2!3d23.8788981!4d90.3909708!16s%2Fg%2F11k4k1hs94!19sChIJLVnmGxfFVTcRwPZSF5PgRZM?authuser=0&hl=en&g_ep=EgoyMDI2MDkwOS4wIJJjKgBIAVAD&rclk=1,4.4,5,"House No, 21 Rd No. 10A , Uttara, Dhaka",23.878898,90.390971
The Park Cafe,Cafe,Mirpur 12,https://www.google.com/maps/place/The+Park+Cafe/data=!4m7!3m6!1s0x3755c10008de731d:0x2bcc1e7e76bfa314!8m2!3d23.8369705!4d90.3662379!16s%2Fg%2F11xdmf9j4m!19sChIJHXPeCADBVTcRFKO_dn4ezCs?authuser=0&hl=en&g_ep=EgoyMDI2MDkwMi4wIJJjKgBIAVAD&rclk=1,4.4,5,"620 Rd Number 9, Mirpur 12, Dhaka",23.8369705,90.3662379
Sultan's Dine Gulshan Branch,Restaurant,Gulshan 2,https://www.google.com/maps/place/Sultan%27s+Dine+Gulshan+Branch/data=!4m7!3m6!1s0x3755c7110a869885:0xe58ef928dd171985!8m2!3d23.7948391!4d90.4133531!16s%2Fg%2F11h08nqby8!19sChIJhZiGChHHVTcRhRkX3Sj5juU?authuser=0&hl=en&g_ep=EgoyMDI2MDkwMi4wIJJjKgBIAVAD&rclk=1,4.3,11.8K,"1st floor, House: 41 Road: 52 · Informal place for kacchi biryani, Gulshan 2, Dhaka",23.7948391,90.4133531
Apon Coffee House,Restaurant,Khilgaon,https://www.google.com/maps/place/Apon+Coffee+House/data=!4m7!3m6!1s0x3755b84ef83f14cd:0xd149c9c39897a2f!8m2!3d23.7521554!4d90.4219121!16s%2Fg%2F11clwnpr56!19sChIJzRQ_-E64VTcRL3qJOZycFA0?authuser=0&hl=en&g_ep=EgoyMDI2MDkwMi4wIJJjKgBIAVAD&rclk=1,4.3,9.7K,"381/B Shahid Baki Rd, Khilgaon, Dhaka",23.7521554,90.4219121
Chillox Dhanmondi,Restaurant,Dhanmondi,https://www.google.com/maps/place/Chillox+Dhanmondi/data=!4m7!3m6!1s0x3755b8caa7eca729:0x6db329263b9d0b51!8m2!3d23.7401093!4d90.3748411!16s%2Fg%2F11g8nz4cgg!19sChIJKafsp8q4VTcRUQudOyYps20?authuser=0&hl=en&g_ep=EgoyMDI2MDkwMi4wIJJjKgBIAVAD&rclk=1,4.3,9.4K,"Level 2, AMM Center, Road 3A 1209 (Near Jigatola Bus Stand, Beside Japan Friendship Hospital) 1209, Dhanmondi, Dhaka",23.7401093,90.3748411
Khana's - The Club House,Restaurant,Bashundhara R/A,https://www.google.com/maps/place/Khana%27s+-+The+Club+House/data=!4m7!3m6!1s0x3755c64d69573381:0x1b6904c6ebc86957!8m2!3d23.8077036!4d90.4280393!16s%2Fg%2F11c6_f6zz1!19sChIJgTNXaU3GVTcRV2nI68YEaRs?authuser=0&hl=en&g_ep=EgoyMDI2MDkwOS4wIJJjKgBIAVAD&rclk=1,4.3,6.6K,"442 New Apollo Rd Fast food spot for burgers & chicken , Bashundhara R/A, Dhaka",23.807704,90.428039
Star Kabab & Restaurant Banani,Restaurant,Banani,https://www.google.com/maps/search/?api=1&query=Star+Kabab+Banani+Dhaka,4.3,5.1K,"Block D, Kemal Ataturk Avenue, Banani, Dhaka",23.7932,90.406
Star Kabab Mirpur 10,Restaurant,Mirpur 10,https://www.google.com/maps/search/?api=1&query=Star+Kabab+Mirpur+10+Dhaka,4.3,4.9K,"Near Metro Station, Mirpur 10, Dhaka",23.8065,90.3675
Haji Biryani Shantinagar,Restaurant,Shantinagar,https://www.google.com/maps/search/?api=1&query=Haji+Biryani+Shantinagar+Dhaka,4.3,4.8K,"Near Bazaar, Shantinagar, Dhaka",23.7378,90.4128
Barcode Cafe,Cafe,Banani,https://www.google.com/maps/place/Barcode+Cafe/data=!4m7!3m6!1s0x3755c79caf9caf09:0x49b9e24aec1d45ef!8m2!3d23.7945957!4d90.4059036!16s%2Fg%2F11cjj1b7m6!19sChIJCa-cr5zHVTcR70Ud7EriuUk?authuser=0&hl=en&g_ep=EgoyMDI2MDkwMi4wIJJjKgBIAVAD&rclk=1,4.3,4.6K,"House 55/B Rd No # 21, Banani, Dhaka",23.7945957,90.4059036
Takeout Dhanmondi,Restaurant,Dhanmondi,https://www.google.com/maps/search/?api=1&query=Takeout+Dhanmondi+Dhaka,4.3,4.5K,"Shimanto Square, Dhanmondi, Dhaka",23.7388,90.3735
The Coffee Bean & Tea Leaf,Cafe,Gulshan 1,https://www.google.com/maps/place/The+Coffee+Bean+%26+Tea+Leaf/data=!4m7!3m6!1s0x3755c7ada73d1505:0xa7114397bbf65cba!8m2!3d23.7880709!4d90.4184319!16s%2Fg%2F11cjkq8m8v!19sChIJBRU9p63HVTcRulz2u5dDEac?authuser=0&hl=en&g_ep=EgoyMDI2MDkwMi4wIJJjKgBIAVAD&rclk=1,4.3,4.3K,"House No 11, A Rd 117 · Chain coffee bar known for frozen drinks, Gulshan 1, Dhaka",23.7880709,90.4184319
Madchef | Banani,Restaurant,Banani,https://www.google.com/maps/place/Madchef+%7C+Banani/data=!4m7!3m6!1s0x3755c70ea0e7b8af:0xb4be20df81868d9e!8m2!3d23.7900096!4d90.4091706!16s%2Fg%2F11bxdytpw0!19sChIJr7jnoA7HVTcRno2Ggd8gvrQ?authuser=0&hl=en&g_ep=EgoyMDI2MDkwMi4wIJJjKgBIAVAD&rclk=1,4.3,4.0K,"5th Floor, Plot 47, Block H Road No. 11, Banani, Dhaka",23.7900096,90.4091706
Fish & Co. (Gulshan 1),Restaurant,Gulshan 1,https://www.google.com/maps/place/Fish+%26+Co.+%28Gulshan+1%29/data=!4m7!3m6!1s0x3755c7208517a793:0x5400277cca93457a!8m2!3d23.7773505!4d90.4163108!16s%2Fg%2F11bbwncmgl!19sChIJk6cXhSDHVTcRekWTynwnAFQ?authuser=0&hl=en&g_ep=EgoyMDI2MDkwMi4wIJJjKgBIAVAD&rclk=1,4.3,3.9K,"Bay's 23 Gulshan Avenue, Plot-6 (Ground Floor), Block-SW(I, Bir Uttam Mir Shawkat Sarak, Gulshan 1, Dhaka",23.7773505,90.4163108
Chili's Grill & Bar Banani,Restaurant,Banani,https://www.google.com/maps/search/?api=1&query=Chilis+Banani+Dhaka,4.3,3.7K,"Road 11, Block D, Banani, Dhaka",23.7945,90.405
Madchef Mirpur 10,Restaurant,Mirpur 10,https://www.google.com/maps/search/?api=1&query=Madchef+Mirpur+10+Dhaka,4.3,3.5K,"Block C, Mirpur 10, Dhaka",23.8082,90.369
"Pinewood: Cafe + Kitchen Dhanmondi, Road-6",Restaurant,Dhanmondi,"https://www.google.com/maps/place/Pinewood:+Cafe+%2B+Kitchen+Dhanmondi,+Road-6/data=!4m7!3m6!1s0x3755b975f4654c39:0xf80202353097bc6a!8m2!3d23.7442939!4d90.3841138!16s%2Fg%2F11n15sz_yv!19sChIJOUxl9HW5VTcRaryXMDUCAvg?authuser=0&hl=en&g_ep=EgoyMDI2MDkwMi4wIJJjKgBIAVAD&rclk=1",4.3,3.5K,"4 Road No 6, Dhanmondi, Dhaka",23.7442939,90.3841138
Kacchi Bhai Mirpur 1,Restaurant,Mirpur 1,https://www.google.com/maps/search/?api=1&query=Kacchi+Bhai+Mirpur+1+Dhaka,4.3,3.4K,"Road 1, Block D, Mirpur 1, Dhaka",23.8048,90.3538
Beans & Aroma Coffees,Cafe,Uttara,https://www.google.com/maps/place/Beans+%26+Aroma+Coffees/data=!4m7!3m6!1s0x3755c5d73daf79ad:0x45daa43bd08bf153!8m2!3d23.862026!4d90.3938947!16s%2Fg%2F11t77xcnjz!19sChIJrXmvPdfFVTcRU_GL0Duk2kU?authuser=0&hl=en&g_ep=EgoyMDI2MDkwOS4wIJJjKgBIAVAD&rclk=1,4.3,3.2K,"House : 09, Road: 18 , Uttara, Dhaka",23.862026,90.393895
Pizza Burg Mirpur 10,Restaurant,Mirpur 10,https://www.google.com/maps/search/?api=1&query=Pizza+Burg+Mirpur+10+Dhaka,4.3,3.2K,"Roundabout, Mirpur 10, Dhaka",23.807,90.3685
Crimson Cup Uttara,Cafe,Uttara,https://www.google.com/maps/place/Crimson+Cup+Uttara/data=!4m7!3m6!1s0x3755c419e3c3df7f:0xd3d812c114b66da0!8m2!3d23.8695356!4d90.3898276!16s%2Fg%2F11df0mp6_s!19sChIJf9_D4xnEVTcRoG22FMES2NM?authuser=0&hl=en&g_ep=EgoyMDI2MDkwOS4wIJJjKgBIAVAD&rclk=1,4.3,3.1K,"18, 2nd Floor, Quantum Properties Ltd. Quantum Mostafa Tower, Towers Gausul Azam Ave , Uttara, Dhaka",23.869536,90.389828
Khana's Classic Shantinagar,Restaurant,Shantinagar,https://www.google.com/maps/search/?api=1&query=Khanas+Shantinagar+Dhaka,4.3,3.1K,"Twin Towers Concord area, Shantinagar, Dhaka",23.739,90.414
The Pabulum Panthapath,Restaurant,Dhanmondi,https://www.google.com/maps/place/The+Pabulum+Panthapath/data=!4m7!3m6!1s0x3755b861780c1dcd:0xac2ac63aea4bd2ee!8m2!3d23.7530253!4d90.3830681!16s%2Fg%2F11dfq5z5tr!19sChIJzR0MeGG4VTcR7tJL6jrGKqw?authuser=0&hl=en&g_ep=EgoyMDI2MDkwMi4wIJJjKgBIAVAD&rclk=1,4.3,3.0K,"Dhanmondi, Dhaka",23.7530253,90.3830681
Buffet Stories Mirpur 10,Restaurant,Mirpur 10,https://www.google.com/maps/search/?api=1&query=Buffet+Stories+Mirpur+10+Dhaka,4.3,2.8K,"Main Road, Mirpur 10, Dhaka",23.8068,90.37
Garlic 'n Ginger,Restaurant,Bashundhara R/A,https://www.google.com/maps/place/Garlic+%27n+Ginger/data=!4m7!3m6!1s0x3755c64d9fe1ba43:0xe85645fcfce10128!8m2!3d23.8133712!4d90.4234168!16s%2Fg%2F11b7q0vlc_!19sChIJQ7rhn03GVTcRKAHh_PxFVug?authuser=0&hl=en&g_ep=EgoyMDI2MDkwOS4wIJJjKgBIAVAD&rclk=1,4.3,2.8K,"Shop-1C-037, 1st Floor, KA-244, Jamuna Future Park Progoti Shoroni, Kuril - NSU Rd , Bashundhara R/A, Dhaka",23.813371,90.423417
Khana's Restaurant Mirpur 11,Restaurant,Mirpur 11,https://www.google.com/maps/search/?api=1&query=Khanas+Restaurant+Mirpur+11+Dhaka,4.3,2.8K,"Main Avenue, Mirpur 11, Dhaka",23.8185,90.364
Kacchi Darbar - Uttara,Restaurant,Uttara,https://www.google.com/maps/place/Kacchi+Darbar+-+Uttara/data=!4m7!3m6!1s0x3755c5587be96749:0x56604603e6affb06!8m2!3d23.874806!4d90.4001011!16s%2Fg%2F11rww8z400!19sChIJSWfpe1jFVTcRBvuv5gNGYFY?authuser=0&hl=en&g_ep=EgoyMDI2MDkwOS4wIJJjKgBIAVAD&rclk=1,4.3,2.7K,"House Building, Sonargaon Janapath, (opposite of Mascot Plaza) Uttara , Uttara, Dhaka",23.874806,90.400101
Crush Station Khilgaon,Restaurant,Khilgaon,https://www.google.com/maps/search/?api=1&query=Crush+Station+Khilgaon+Dhaka,4.3,2.6K,"Taltola Chowrasta, Khilgaon, Dhaka",23.751,90.422
Hobnob Coffee,Cafe,Uttara,https://www.google.com/maps/place/Hobnob+Coffee/data=!4m7!3m6!1s0x3755c41a705e4531:0xaf8f0e8d6b958dea!8m2!3d23.8691584!4d90.3872034!16s%2Fg%2F11c20c1khb!19sChIJMUVecBrEVTcR6o2Va40Oj68?authuser=0&hl=en&g_ep=EgoyMDI2MDkwOS4wIJJjKgBIAVAD&rclk=1,4.3,2.5K,"Uttara, Dhaka",23.869158,90.387203
Longhorn Steaks and Pizza Khilgaon,Restaurant,Khilgaon,https://www.google.com/maps/search/?api=1&query=Longhorn+Steaks+and+Pizza+Khilgaon+Dhaka,4.3,2.5K,"Taltola, Khilgaon, Dhaka",23.7508,90.423
Rabbani Hotel & Restaurant Mirpur 1,Restaurant,Mirpur 1,https://www.google.com/maps/search/?api=1&query=Rabbani+Hotel+Mirpur+1+Dhaka,4.3,2.5K,"Zoo Road, Mirpur 1, Dhaka",23.8035,90.353
138 East Gulshan 1,Restaurant,Gulshan 1,https://www.google.com/maps/search/?api=1&query=138+East+Gulshan+1+Dhaka,4.3,2.4K,"House 10, Road 138, Gulshan 1, Dhaka",23.7782,90.4148
BURGEROLOGY Bashundhara R/A,Restaurant,Bashundhara R/A,https://www.google.com/maps/place/BURGEROLOGY+Bashundhara+R%2FA/data=!4m7!3m6!1s0x3755c64d61c45201:0x9af96a4e958f0211!8m2!3d23.8119433!4d90.4233853!16s%2Fg%2F11hc47zgvq!19sChIJAVLEYU3GVTcREQKPlU5q-Zo?authuser=0&hl=en&g_ep=EgoyMDI2MDkwOS4wIJJjKgBIAVAD&rclk=1,4.3,2.4K,"Ka-7/2, (2nd Floor, Bashundhara Rd , Bashundhara R/A, Dhaka",23.811943,90.423385
Gloria Jean's Coffees Dhanmondi,Cafe,Dhanmondi,https://www.google.com/maps/search/?api=1&query=Gloria+Jeans+Coffees+Dhanmondi+Dhaka,4.3,2.2K,"Satmasjid Road, Dhanmondi, Dhaka",23.742,90.375
Nongor Rooftop Restaurant Mirpur 12,Restaurant,Mirpur 12,https://www.google.com/maps/search/?api=1&query=Nongor+Rooftop+Restaurant+Mirpur+12+Dhaka,4.3,2.2K,"Near Metro Terminal, Mirpur 12, Dhaka",23.8272,90.3608
Ambrosia Infinity Lounge,Restaurant,Dhanmondi,https://www.google.com/maps/place/Ambrosia+Infinity+Lounge/data=!4m7!3m6!1s0x3755bf2568c8b96b:0xbf80c86be7174467!8m2!3d23.7460889!4d90.3715872!16s%2Fg%2F11l681b49_!19sChIJa7nIaCW_VTcRZ0QX52vIgL8?authuser=0&hl=en&g_ep=EgoyMDI2MDkwMi4wIJJjKgBIAVAD&rclk=1,4.3,2.1K,"10th Floor), House #54, Imperial Amin Ahmed Centre, 10/A Satmasjid Road, Dhanmondi, Dhaka",23.7460889,90.3715872
Istanbul Restaurant Gulshan 2,Restaurant,Gulshan 2,https://www.google.com/maps/search/?api=1&query=Istanbul+Restaurant+Gulshan+2+Dhaka,4.3,2.1K,"Gulshan Avenue, Gulshan 2, Dhaka",23.7932,90.4142
Nerdy Bean Coffee House,Cafe,Dhanmondi,https://www.google.com/maps/place/Nerdy+Bean+Coffee+House/data=!4m7!3m6!1s0x3755b8ca732a3257:0xaa95af4fdb1b50a7!8m2!3d23.7498506!4d90.3690667!16s%2Fg%2F11f_j98h_t!19sChIJVzIqc8q4VTcRp1Ab20-vlao?authuser=0&hl=en&g_ep=EgoyMDI2MDkwMi4wIJJjKgBIAVAD&rclk=1,4.3,2.1K,"Navana Meher Skylark, House 39/B, Road No. 14/a, Satmasjid Road, Dhanmondi, Dhaka",23.7498506,90.3690667
Roll Xpress Cafe,Cafe,Banani,https://www.google.com/maps/place/Roll+Xpress+Cafe/data=!4m7!3m6!1s0x3755c70e363f8f2d:0x7c1f168c6f0a7bd1!8m2!3d23.7949689!4d90.4042351!16s%2Fg%2F1hc4ljmm2!19sChIJLY8_Ng7HVTcR0XsKb4wWH3w?authuser=0&hl=en&g_ep=EgoyMDI2MDkwMi4wIJJjKgBIAVAD&rclk=1,4.3,2.1K,"House 34, Block B Rd No # 21, Banani, Dhaka",23.7949689,90.4042351
Secret Recipe Gulshan2 Flagship,Cafe,Gulshan 2,https://www.google.com/maps/place/Secret+Recipe+Gulshan2+Flagship/data=!4m7!3m6!1s0x3755c7bba300b75d:0x2d0e242a934ec92b!8m2!3d23.798562!4d90.4123134!16s%2Fg%2F11n60gs7p_!19sChIJXbcAo7vHVTcRK8lOkyokDi0?authuser=0&hl=en&g_ep=EgoyMDI2MDkwMi4wIJJjKgBIAVAD&rclk=1,4.3,2.1K,"CFC Building, 12b Rd 55, Gulshan 2, Dhaka",23.798562,90.4123134
The Coffee Bean & Tea Leaf Gulshan 2,Cafe,Gulshan 2,https://www.google.com/maps/search/?api=1&query=Coffee+Bean+Tea+Leaf+Gulshan+2+Dhaka,4.3,2.1K,"Circle, Gulshan 2, Dhaka",23.793,90.413
Gloria Jean's Coffees Gulshan 2,Cafe,Gulshan 2,https://www.google.com/maps/search/?api=1&query=Gloria+Jeans+Gulshan+2+Dhaka,4.3,1.9K,"Gulshan Avenue, Gulshan 2, Dhaka",23.794,90.4148
Herfy - Uttara,Restaurant,Uttara,https://www.google.com/maps/place/Herfy+-+Uttara/data=!4m7!3m6!1s0x3755c5cfdf1dda8f:0xfdedca60584c3e0c!8m2!3d23.8692502!4d90.3894744!16s%2Fg%2F11gsmxv4zn!19sChIJj9od38_FVTcRDD5MWGDK7f0?authuser=0&hl=en&g_ep=EgoyMDI2MDkwOS4wIJJjKgBIAVAD&rclk=1,4.3,1.9K,"Plot 29 Gausul Azam Ave , Uttara, Dhaka",23.86925,90.389474
Kasturi Restaurant Shantinagar,Restaurant,Shantinagar,https://www.google.com/maps/search/?api=1&query=Kasturi+Restaurant+Shantinagar+Dhaka,4.3,1.9K,"Circle, Shantinagar, Dhaka",23.738,90.413
Lounge De Novo Rooftop Khilgaon,Restaurant,Khilgaon,https://www.google.com/maps/search/?api=1&query=Lounge+De+Novo+Khilgaon+Dhaka,4.3,1.9K,"Nightingale Skyview, Khilgaon, Dhaka",23.7518,90.4235
Spaghetti Jazz Gulshan 2,Restaurant,Gulshan 2,https://www.google.com/maps/search/?api=1&query=Spaghetti+Jazz+Gulshan+2+Dhaka,4.3,1.9K,"Gulshan 2, Dhaka",23.794,90.4125
The Forest Lounge Dhanmondi,Restaurant,Dhanmondi,https://www.google.com/maps/search/?api=1&query=The+Forest+Lounge+Dhanmondi+Dhaka,4.3,1.9K,"Navana GH Heights, Satmasjid Road, Dhanmondi, Dhaka",23.7458,90.3752
Awake Cafe & Bistro,Cafe,Bashundhara R/A,https://www.google.com/maps/place/Awake+Cafe+%26+Bistro/data=!4m7!3m6!1s0x3755c7d7f32456ed:0xc90c8f51db81ee70!8m2!3d23.8139568!4d90.4376458!16s%2Fg%2F11mhldj_yg!19sChIJ7VYk89fHVTcRcO6B21GPDMk?authuser=0&hl=en&g_ep=EgoyMDI2MDkwOS4wIJJjKgBIAVAD&rclk=1,4.3,1.8K,"House-1113 Rd 17 , Bashundhara R/A, Dhaka",23.813957,90.437646
The Coffee Bean & Tea Leaf Banani,Cafe,Banani,https://www.google.com/maps/search/?api=1&query=The+Coffee+Bean+Tea+Leaf+Banani+Dhaka,4.3,1.8K,"Road 11, Banani, Dhaka",23.7942,90.4054
Cooper's House Building,Cafe,Uttara,https://www.google.com/maps/place/Cooper%27s+House+Building/data=!4m7!3m6!1s0x3755c43bc0b9e2ad:0xc68880daf9cf7492!8m2!3d23.8743469!4d90.3997879!16s%2Fg%2F1hhw34d03!19sChIJreK5wDvEVTcRknTP-dqAiMY?authuser=0&hl=en&g_ep=EgoyMDI2MDkwOS4wIJJjKgBIAVAD&rclk=1,4.3,1.7K,"Sonargaon Janapath Rd , Uttara, Dhaka",23.874347,90.399788
Kasturi Restaurant Gulshan 1,Restaurant,Gulshan 1,https://www.google.com/maps/search/?api=1&query=Kasturi+Restaurant+Gulshan+1+Dhaka,4.3,1.7K,"Police Plaza Concord, Gulshan 1, Dhaka",23.775,90.412
Tagore Terrace,Cafe,Banani,https://www.google.com/maps/place/Tagore+Terrace/data=!4m7!3m6!1s0x3755c7558f49de2d:0xce828dc9ae726fcc!8m2!3d23.7918956!4d90.4080587!16s%2Fg%2F11fd7grx9z!19sChIJLd5Jj1XHVTcRzG9yrsmNgs4?authuser=0&hl=en&g_ep=EgoyMDI2MDkwMi4wIJJjKgBIAVAD&rclk=1,4.3,1.7K,"House 44 Rd 12, Banani, Dhaka",23.7918956,90.4080587
Burger Lab,Restaurant,Bashundhara R/A,https://www.google.com/maps/place/Burger+Lab/data=!4m7!3m6!1s0x3755c64ce24d787b:0x2578644b8f032693!8m2!3d23.8119093!4d90.4226949!16s%2Fg%2F11ckw_163l!19sChIJe3hN4kzGVTcRkyYDj0tkeCU?authuser=0&hl=en&g_ep=EgoyMDI2MDkwOS4wIJJjKgBIAVAD&rclk=1,4.3,1.6K,"Ka-11, 2 Bashundhara Rd , Bashundhara R/A, Dhaka",23.811909,90.422695
Doners Turkish Restaurant Banani,Restaurant,Banani,https://www.google.com/maps/search/?api=1&query=Doners+Turkish+Restaurant+Banani+Dhaka,4.3,1.6K,"Road 10, Banani, Dhaka",23.7925,90.404
The Great Kabab Factory Gulshan 2,Restaurant,Gulshan 2,https://www.google.com/maps/search/?api=1&query=The+Great+Kabab+Factory+Gulshan+2+Dhaka,4.3,1.6K,"Gulshan 2, Dhaka",23.795,90.4128
The Chocolate Room Khilgaon,Cafe,Khilgaon,https://www.google.com/maps/search/?api=1&query=The+Chocolate+Room+Khilgaon+Dhaka,4.3,1.5K,"Taltola Chowrasta, Khilgaon, Dhaka",23.751,90.4222
Al-Amar Lebanese Restaurant Dhanmondi,Restaurant,Dhanmondi,https://www.google.com/maps/search/?api=1&query=Al+Amar+Dhanmondi+Dhaka,4.3,1.4K,"Satmasjid Road, Dhanmondi, Dhaka",23.7442,90.3755
Arabika Coffee,Cafe,Gulshan 2,https://www.google.com/maps/place/Arabika+Coffee/data=!4m7!3m6!1s0x3755c7de2cbdb1b5:0x4e00faf5d39d5c8d!8m2!3d23.79815!4d90.4126092!16s%2Fg%2F11qwr1n0jg!19sChIJtbG9LN7HVTcRjVyd0_X6AE4?authuser=0&hl=en&g_ep=EgoyMDI2MDkwMi4wIJJjKgBIAVAD&rclk=1,4.3,1.4K,"Gulshan 2, Dhaka",23.79815,90.4126092
Flambe Restaurant,Restaurant,Gulshan 2,https://www.google.com/maps/place/Flambe+Restaurant/data=!4m7!3m6!1s0x3755c709ac680d91:0x133a97e3e78ce732!8m2!3d23.7951392!4d90.4101987!16s%2Fg%2F11f_q_ld_l!19sChIJkQ1orAnHVTcRMueM5-OXOhM?authuser=0&hl=en&g_ep=EgoyMDI2MDkwMi4wIJJjKgBIAVAD&rclk=1,4.3,1.4K,"Block-NW K Building, House no: 06, Rd No. 50, Gulshan 2, Dhaka",23.7951392,90.4101987
Ghuri Rooftop Cafe Shantinagar,Cafe,Shantinagar,https://www.google.com/maps/search/?api=1&query=Ghuri+Rooftop+Cafe+Shantinagar+Dhaka,4.3,1.4K,"Near Twin Towers, Shantinagar, Dhaka",23.7392,90.4138
SAO 26,Restaurant,Uttara,https://www.google.com/maps/place/SAO+26/data=!4m7!3m6!1s0x3755c590082431dd:0xa64dae4f772835f7!8m2!3d23.8689757!4d90.3921219!16s%2Fg%2F11g233fy88!19sChIJ3TEkCJDFVTcR9zUod0-uTaY?authuser=0&hl=en&g_ep=EgoyMDI2MDkwOS4wIJJjKgBIAVAD&rclk=1,4.3,1.4K,"House 61, Road No. 2 , Uttara, Dhaka",23.868976,90.392122
Tabaq Coffee Gulshan 1,Cafe,Gulshan 1,https://www.google.com/maps/search/?api=1&query=Tabaq+Coffee+Gulshan+1+Dhaka,4.3,1.4K,"Avenue, Gulshan 1, Dhaka",23.7778,90.415
Ajo Idea Space,Restaurant,Uttara,https://www.google.com/maps/place/Ajo+Idea+Space/data=!4m7!3m6!1s0x3755c4178dd4e377:0x86abe4dac9110516!8m2!3d23.870452!4d90.392198!16s%2Fg%2F11gz9md3w!19sChIJd-PUjRfEVTcRFgURydrkq4Y?authuser=0&hl=en&g_ep=EgoyMDI2MDkwOS4wIJJjKgBIAVAD&rclk=1,4.3,1.2K,"14/A, Road No. 2 Industrial haunt with a global menu , Uttara, Dhaka",23.870452,90.392198
ash cafe,Cafe,Mirpur 1,https://www.google.com/maps/place/ash+cafe/data=!4m7!3m6!1s0x3755c10dea0c9e1b:0xbf5bdee3c6ead6ae!8m2!3d23.7958193!4d90.3535695!16s%2Fg%2F11z8tjj2fp!19sChIJG54M6g3BVTcRrtbqxuPeW78?authuser=0&hl=en&g_ep=EgoyMDI2MDkwMi4wIJJjKgBIAVAD&rclk=1,4.3,1.2K,"Mirpur 1, Dhaka",23.7958193,90.3535695
Cafe Ipanema Khilgaon,Cafe,Khilgaon,https://www.google.com/maps/search/?api=1&query=Cafe+Ipanema+Khilgaon+Dhaka,4.3,1.2K,"Taltola, Khilgaon, Dhaka",23.7512,90.421
Cafe Nuvola Banani,Cafe,Banani,https://www.google.com/maps/search/?api=1&query=Cafe+Nuvola+Banani+Dhaka,4.3,1.2K,"Block E, Banani, Dhaka",23.793,90.4038
Coffee Gate,Cafe,Mirpur 10,https://www.google.com/maps/place/Coffee+Gate/data=!4m7!3m6!1s0x3755c1f2a1f14471:0x1d018265e4240826!8m2!3d23.8127197!4d90.3670202!16s%2Fg%2F11nvth6r4m!19sChIJcUTxofLBVTcRJggk5GWCAR0?authuser=0&hl=en&g_ep=EgoyMDI2MDkwMi4wIJJjKgBIAVAD&rclk=1,4.3,1.2K,"Mirpur 10, Dhaka",23.8127197,90.3670202
Crimson Cup Coffee,Cafe,Gulshan 1,https://www.google.com/maps/place/Crimson+Cup+Coffee/data=!4m7!3m6!1s0x3755c76b4439d7bd:0x617a0b38c230819e!8m2!3d23.7833889!4d90.4162392!16s%2Fg%2F11k04b66f8!19sChIJvdc5RGvHVTcRnoEwwjgLemE?authuser=0&hl=en&g_ep=EgoyMDI2MDkwMi4wIJJjKgBIAVAD&rclk=1,4.3,1.2K,"House 2 Rd 24, Gulshan 1, Dhaka",23.7833889,90.4162392
Emon,Cafe,Gulshan 2,https://www.google.com/maps/place/Emon/data=!4m7!3m6!1s0x3755c74128fbda43:0x843ba5dd35c90e61!8m2!3d23.8004191!4d90.4117006!16s%2Fg%2F11zxhhktgs!19sChIJQ9r7KEHHVTcRYQ7JNd2lO4Q?authuser=0&hl=en&g_ep=EgoyMDI2MDkwMi4wIJJjKgBIAVAD&rclk=1,4.3,1.2K,"Gulshan 2, Dhaka",23.8004191,90.4117006
Fry Bucket – Mirpur-1,Restaurant,Mirpur 1,https://www.google.com/maps/place/Fry+Bucket+%E2%80%93+Mirpur-1/data=!4m7!3m6!1s0x3755c18413ece7c3:0x8798ec430be338c9!8m2!3d23.7945478!4d90.3532633!16s%2Fg%2F11lw03q9nq!19sChIJw-fsE4TBVTcRyTjjC0PsmIc?authuser=0&hl=en&g_ep=EgoyMDI2MDkwMi4wIJJjKgBIAVAD&rclk=1,4.3,1.2K,"19/A, Principal Abul Kashem Rd, Mirpur 1, Dhaka",23.7945478,90.3532633
Galito's Gulshan-2,Restaurant,Gulshan 2,https://www.google.com/maps/place/Galito%27s+Gulshan-2/data=!4m7!3m6!1s0x3755c7297858a587:0x3ff59a3d5bbe0714!8m2!3d23.8002619!4d90.4119515!16s%2Fg%2F11tg491hds!19sChIJh6VYeCnHVTcRFAe-Wz2a9T8?authuser=0&hl=en&g_ep=EgoyMDI2MDkwMi4wIJJjKgBIAVAD&rclk=1,4.3,1.2K,"House: 175/A, 177 Gulshan North Ave, Road: 61 Galito's, Gulshan 2, Dhaka",23.8002619,90.4119515
Indulge Uttara,Restaurant,Uttara,https://www.google.com/maps/place/Indulge+Uttara/data=!4m7!3m6!1s0x3755c5390e4b7e93:0xb686293284f8a60e!8m2!3d23.869562!4d90.3870109!16s%2Fg%2F11rwxxb1qg!19sChIJk35LDjnFVTcRDqb4hDIphrY?authuser=0&hl=en&g_ep=EgoyMDI2MDkwOS4wIJJjKgBIAVAD&rclk=1,4.3,1.2K,"Uttara, Dhaka",23.869562,90.387011
Joyti's World | Chinese Restaurant | Mirpur,Restaurant,Mirpur 10,https://www.google.com/maps/place/Joyti%27s+World+%7C+Chinese+Restaurant+%7C+Mirpur/data=!4m7!3m6!1s0x3755c1853018af45:0x62f19a605048a2d4!8m2!3d23.8053856!4d90.3673223!16s%2Fg%2F11nqpj7hr8!19sChIJRa8YMIXBVTcR1KJIUGCa8WI?authuser=0&hl=en&g_ep=EgoyMDI2MDkwMi4wIJJjKgBIAVAD&rclk=1,4.3,1.2K,"Mirpur 10, Dhaka",23.8053856,90.3673223
Kebab Express Mirpur,Restaurant,Mirpur 1,https://www.google.com/maps/place/Kebab+Express+Mirpur/data=!4m7!3m6!1s0x3755c1ee658565a7:0x3e9ab771cd987706!8m2!3d23.8027362!4d90.354229!16s%2Fg%2F11s93p59vy!19sChIJp2WFZe7BVTcRBneYzXG3mj4?authuser=0&hl=en&g_ep=EgoyMDI2MDkwMi4wIJJjKgBIAVAD&rclk=1,4.3,1.2K,"House#1/1,Road# avenue 1, Block #D, Section #216, Mirpur 1, Dhaka",23.8027362,90.354229
KICHUU LAGBE?,Restaurant,Bashundhara R/A,https://www.google.com/maps/place/KICHUU+LAGBE%3F/data=!4m7!3m6!1s0x3755c70069cc2487:0xe69dd091eea26c08!8m2!3d23.8165032!4d90.4246345!16s%2Fg%2F11mlwc87mh!19sChIJhyTMaQDHVTcRCGyi7pHQneY?authuser=0&hl=en&g_ep=EgoyMDI2MDkwOS4wIJJjKgBIAVAD&rclk=1,4.3,1.2K,"Bashundhara R/A, Dhaka",23.816503,90.424634
Pastry shop🍰,Cafe,Uttara,https://www.google.com/maps/place/Pastry+shop%F0%9F%8D%B0/data=!4m7!3m6!1s0x3755c500051b4f43:0x407ab5081a7917fb!8m2!3d23.8688582!4d90.3884615!16s%2Fg%2F11z693vkxl!19sChIJQ08bBQDFVTcR-xd5Ggi1ekA?authuser=0&hl=en&g_ep=EgoyMDI2MDkwOS4wIJJjKgBIAVAD&rclk=1,4.3,1.2K,"14, Hs, 40 Rd -19, Uttara, Dhaka",23.868858,90.388462
Sceuven Bashundhara R/A,Restaurant,Bashundhara R/A,https://www.google.com/maps/place/Sceuven+Bashundhara+R%2FA/data=!4m7!3m6!1s0x3755c7c1593a4ceb:0xb0e5dfc5132cdd81!8m2!3d23.8125121!4d90.4228101!16s%2Fg%2F11nc3lksgf!19sChIJ60w6WcHHVTcRgd0sE8Xf5bA?authuser=0&hl=en&g_ep=EgoyMDI2MDkwOS4wIJJjKgBIAVAD&rclk=1,4.3,1.2K,"Bashundhara Main Gate Road , Bashundhara R/A, Dhaka",23.812512,90.42281
Soya,Restaurant,Mirpur 10,https://www.google.com/maps/place/Soya/data=!4m7!3m6!1s0x3755c1deceee9291:0xaae600ccf9d8b7ea!8m2!3d23.8101287!4d90.3662141!16s%2Fg%2F11sx51d5zb!19sChIJkZLuzt7BVTcR6rfY-cwA5qo?authuser=0&hl=en&g_ep=EgoyMDI2MDkwMi4wIJJjKgBIAVAD&rclk=1,4.3,1.2K,"House 1/2, Hyperion Krishnachura Heights, Avenue 5, Mirpur 10, Dhaka",23.8101287,90.3662141
Tech to tech,Cafe,Mirpur 10,https://www.google.com/maps/place/Tech+to+tech/data=!4m7!3m6!1s0x3755c137defa0a7b:0x16f34c3a1f0eca6f!8m2!3d23.8071132!4d90.3686097!16s%2Fg%2F11zwvzr90c!19sChIJewr63jfBVTcRb8oOHzpM8xY?authuser=0&hl=en&g_ep=EgoyMDI2MDkwMi4wIJJjKgBIAVAD&rclk=1,4.3,1.2K,"Mirpur 10, Dhaka",23.8071132,90.3686097
Thai Emerald Uttara,Restaurant,Uttara,https://www.google.com/maps/place/Thai+Emerald+Uttara/data=!4m7!3m6!1s0x3755c4246085c8e9:0xa71633b97a44098b!8m2!3d23.8686575!4d90.3939421!16s%2Fg%2F1hhk33p4m!19sChIJ6ciFYCTEVTcRiwlEerkzFqc?authuser=0&hl=en&g_ep=EgoyMDI2MDkwOS4wIJJjKgBIAVAD&rclk=1,4.3,1.2K,"House 22 Lake Drive Rd , Uttara, Dhaka",23.868658,90.393942
Two Spoons(Uttara),Restaurant,Uttara,https://www.google.com/maps/place/Two+Spoons%28Uttara%29/data=!4m7!3m6!1s0x3755c506efd84ad5:0xd44d9fc62c45b701!8m2!3d23.8724396!4d90.391141!16s%2Fg%2F11lv02_kmq!19sChIJ1UrY7wbFVTcRAbdFLMafTdQ?authuser=0&hl=en&g_ep=EgoyMDI2MDkwOS4wIJJjKgBIAVAD&rclk=1,4.3,1.2K,"Uttara, Dhaka",23.87244,90.391141
Zestora By Irin,Restaurant,Shantinagar,https://www.google.com/maps/place/Zestora+By+Irin/data=!4m7!3m6!1s0x3755b9a5946bdc49:0x229a68e782d9fbd7!8m2!3d23.7417893!4d90.4139669!16s%2Fg%2F11nbnpxw4j!19sChIJSdxrlKW5VTcR1_vZgudomiI?authuser=0&hl=en&g_ep=EgoyMDI2MDkwMi4wIJJjKgBIAVAD&rclk=1,4.3,1.2K,"Shantinagar, Dhaka",23.7417893,90.4139669
বিরিয়ানি বক্স,Restaurant,Uttara,https://www.google.com/maps/place/%E0%A6%AC%E0%A6%BF%E0%A6%B0%E0%A6%BF%E0%A6%AF%E0%A6%BC%E0%A6%BE%E0%A6%A8%E0%A6%BF+%E0%A6%AC%E0%A6%95%E0%A7%8D%E0%A6%B8/data=!4m7!3m6!1s0x3755c5003f839b3d:0x6d1b6739528c4469!8m2!3d23.8587064!4d90.4001581!16s%2Fg%2F11zdt6s577!19sChIJPZuDPwDFVTcRaUSMUjlnG20?authuser=0&hl=en&g_ep=EgoyMDI2MDkwOS4wIJJjKgBIAVAD&rclk=1,4.3,1.2K,"Uttara, Dhaka",23.858706,90.400158
Cha Adda Mirpur 11,Cafe,Mirpur 11,https://www.google.com/maps/search/?api=1&query=Cha+Adda+Mirpur+11+Dhaka,4.3,1.1K,"Main Avenue, Mirpur 11, Dhaka",23.8185,90.3652
Chaiwala Mirpur 1,Cafe,Mirpur 1,https://www.google.com/maps/search/?api=1&query=Chaiwala+Mirpur+1+Dhaka,4.3,1.1K,"Mukto Bangla Gate, Mirpur 1, Dhaka",23.8035,90.354
Sky Lounge Cafe Mirpur 10,Cafe,Mirpur 10,https://www.google.com/maps/search/?api=1&query=Sky+Lounge+Mirpur+10+Dhaka,4.3,1.1K,"Circle, Mirpur 10, Dhaka",23.8073,90.3678
Triangle Cafe Dhanmondi,Cafe,Dhanmondi,https://www.google.com/maps/search/?api=1&query=Triangle+Cafe+Dhanmondi+Lake+Dhaka,4.3,1.1K,"Lake Side, Dhanmondi, Dhaka",23.745,90.379
RAAGA ART CAFE,Cafe,Uttara,https://www.google.com/maps/place/RAAGA+ART+CAFE/data=!4m7!3m6!1s0x3755c5a146ea2cb9:0x2049f1fb66a75aac!8m2!3d23.8717058!4d90.3906887!16s%2Fg%2F11nygrptfd!19sChIJuSzqRqHFVTcRrFqnZvvxSSA?authuser=0&hl=en&g_ep=EgoyMDI2MDkwOS4wIJJjKgBIAVAD&rclk=1,4.3,1.0K,"29 Garib Newaz Avenue , Uttara, Dhaka",23.871706,90.390689
Zen,Restaurant,Dhanmondi,https://www.google.com/maps/place/Zen/data=!4m7!3m6!1s0x3755b9516dc36407:0xd9cafdd1109a5b00!8m2!3d23.738899!4d90.378856!16s%2Fg%2F11vcvfhhc8!19sChIJB2TDbVG5VTcRAFuaENH9ytk?authuser=0&hl=en&g_ep=EgoyMDI2MDkwMi4wIJJjKgBIAVAD&rclk=1,4.3,1.0K,"3rd floor, Rangs Fortune Square, Plot 32 Road No. 2, Dhanmondi, Dhaka",23.738899,90.378856
Dim Sum Town Dhanmondi,Restaurant,Dhanmondi,https://www.google.com/maps/place/Dim+Sum+Town+Dhanmondi/data=!4m7!3m6!1s0x3755b9780ebe876b:0x17f2ad362c30aa3d!8m2!3d23.7384381!4d90.3780727!16s%2Fg%2F11l5vyl_gy!19sChIJa4e-Dni5VTcRPaowLDat8hc?authuser=0&hl=en&g_ep=EgoyMDI2MDkwMi4wIJJjKgBIAVAD&rclk=1,4.3,977,"Level 5, Ahmad & Kazi Tower, House 35 2, Dhanmondi, Dhaka",23.7384381,90.3780727
Coopers,Cafe,Uttara,https://www.google.com/maps/place/Coopers/data=!4m7!3m6!1s0x3755c50078903083:0x6f53bd6be485dba8!8m2!3d23.8677319!4d90.3936397!16s%2Fg%2F11xvdwz7f2!19sChIJgzCQeADFVTcRqNuF5Gu9U28?authuser=0&hl=en&g_ep=EgoyMDI2MDkwOS4wIJJjKgBIAVAD&rclk=1,4.3,945,"House # 5 Lake Drive Rd, Uttara, Dhaka",23.867732,90.39364
Tehari Ghar,Restaurant,Uttara,https://www.google.com/maps/place/Tehari+Ghar/data=!4m7!3m6!1s0x3755c5c59eab498f:0x5dfaa6249ae7034e!8m2!3d23.8690098!4d90.3838501!16s%2Fg%2F11fl90gf0w!19sChIJj0mrnsXFVTcRTgPnmiSm-l0?authuser=0&hl=en&g_ep=EgoyMDI2MDkwOS4wIJJjKgBIAVAD&rclk=1,4.3,911,"House 29 Shah Makhdum Ave , Uttara, Dhaka",23.86901,90.38385
Matir Chayer Cup Mirpur 12,Cafe,Mirpur 12,https://www.google.com/maps/search/?api=1&query=Matir+Chayer+Cup+Mirpur+12+Dhaka,4.3,910,"DOHS Road, Mirpur 12, Dhaka",23.8282,90.361
Dipped The Dessert Cafe Dhanmondi,Cafe,Dhanmondi,https://www.google.com/maps/search/?api=1&query=Dipped+The+Dessert+Cafe+Dhanmondi+Dhaka,4.3,890,"Satmasjid Road, Dhanmondi, Dhaka",23.746,90.3748
Fuoco Flagship - Uttara,Restaurant,Uttara,https://www.google.com/maps/place/Fuoco+Flagship+-+Uttara/data=!4m7!3m6!1s0x3755c5a0a704c4cb:0x485f39e8e545538c!8m2!3d23.8786526!4d90.3908854!16s%2Fg%2F11tjvgyt_7!19sChIJy8QEp6DFVTcRjFNF5eg5X0g?authuser=0&hl=en&g_ep=EgoyMDI2MDkwOS4wIJJjKgBIAVAD&rclk=1,4.3,880,"Uttara, Dhaka",23.878653,90.390885
San Pie Cafe Mirpur 10,Cafe,Mirpur 10,https://www.google.com/maps/search/?api=1&query=San+Pie+Cafe+Mirpur+10+Dhaka,4.3,850,"Senpara Parbata, Mirpur 10, Dhaka",23.8055,90.369
Herfy Bashundhara,Restaurant,Bashundhara R/A,https://www.google.com/maps/place/Herfy+Bashundhara/data=!4m7!3m6!1s0x3755c747ad1fcf6b:0xc68f87d2eb25bee0!8m2!3d23.8212407!4d90.4378477!16s%2Fg%2F11sxtzvkgg!19sChIJa88frUfHVTcR4L4l69KHj8Y?authuser=0&hl=en&g_ep=EgoyMDI2MDkwOS4wIJJjKgBIAVAD&rclk=1,4.3,783,"RCCQ+PXQ, House # 77/78, (1st Floor), Road-3/4 Block # I, Main Avenue , Bashundhara R/A, Dhaka",23.821241,90.437848
Bean House Cafe Mirpur 11,Cafe,Mirpur 11,https://www.google.com/maps/search/?api=1&query=Bean+House+Cafe+Mirpur+11+Dhaka,4.3,750,"Pallabi Commercial Area, Mirpur 11, Dhaka",23.8192,90.3645
Ruen Busaba,Restaurant,Banani,https://www.google.com/maps/place/Ruen+Busaba/data=!4m7!3m6!1s0x3755c703dab41965:0x78bb08ad8e40d357!8m2!3d23.7913462!4d90.4061205!16s%2Fg%2F11sw2hmkfc!19sChIJZRm02gPHVTcRV9NAjq0Iu3g?authuser=0&hl=en&g_ep=EgoyMDI2MDkwMi4wIJJjKgBIAVAD&rclk=1,4.3,708,"Block D, House 62 Rd 10, Banani, Dhaka",23.7913462,90.4061205
Umai,Restaurant,Gulshan 2,https://www.google.com/maps/place/Umai/data=!4m7!3m6!1s0x3755c70867602393:0xd133208685b37b4d!8m2!3d23.796943!4d90.4105417!16s%2Fg%2F11cn9zb2nj!19sChIJkyNgZwjHVTcRTXuzhYYgM9E?authuser=0&hl=en&g_ep=EgoyMDI2MDkwMi4wIJJjKgBIAVAD&rclk=1,4.3,706,"8 Rd No. 50, Gulshan 2, Dhaka",23.796943,90.4105417
Cafe São Paulo Dhanmondi 27,Restaurant,Dhanmondi,https://www.google.com/maps/place/Cafe+S%C3%A3o+Paulo+Dhanmondi+27/data=!4m7!3m6!1s0x3755bfc8fb126001:0x804b55dc5a2d4406!8m2!3d23.755663!4d90.3742405!16s%2Fg%2F11pkkpnkl9!19sChIJAWAS-8i_VTcRBkQtWtxVS4A?authuser=0&hl=en&g_ep=EgoyMDI2MDkwMi4wIJJjKgBIAVAD&rclk=1,4.3,692,"27 (old), (16 New, Rancon, 390 B Road, Dhanmondi, Dhaka",23.755663,90.3742405
Khao San - Gulshan,Restaurant,Gulshan 1,https://www.google.com/maps/place/Khao+San+-+Gulshan/data=!4m7!3m6!1s0x3755c71d9c30fbdf:0x45dddc7d9b83c2d4!8m2!3d23.7819231!4d90.4160159!16s%2Fg%2F11vt0k8y82!19sChIJ3_swnB3HVTcR1MKDm33c3UU?authuser=0&hl=en&g_ep=EgoyMDI2MDkwMi4wIJJjKgBIAVAD&rclk=1,4.3,654,"Level 1, House 1 Rd 23, Gulshan 1, Dhaka",23.7819231,90.4160159
Ajo Idea Space,Restaurant,Gulshan 2,https://www.google.com/maps/place/Ajo+Idea+Space/data=!4m7!3m6!1s0x3755c76ba34f8725:0x759c4f2f6e24d2e5!8m2!3d23.7937228!4d90.4184461!16s%2Fg%2F11v9ymmlkg!19sChIJJYdPo2vHVTcR5dIkbi9PnHU?authuser=0&hl=en&g_ep=EgoyMDI2MDkwMi4wIJJjKgBIAVAD&rclk=1,4.3,603,"12 Rd 101, Gulshan 2, Dhaka",23.7937228,90.4184461
Happiness Cafe,Cafe,Gulshan 1,https://www.google.com/maps/place/Happiness+Cafe/data=!4m7!3m6!1s0x3755c7cd7234abb5:0xbfd4f6d4cdba3d54!8m2!3d23.7853706!4d90.4173564!16s%2Fg%2F11khrhv4c8!19sChIJtas0cs3HVTcRVD26zdT21L8?authuser=0&hl=en&g_ep=EgoyMDI2MDkwMi4wIJJjKgBIAVAD&rclk=1,4.3,561,"Gulshan 1, Dhaka",23.7853706,90.4173564
Jalapeno Café Lebanese,Cafe,Uttara,https://www.google.com/maps/place/Jalapeno+Caf%C3%A9+Lebanese/data=!4m7!3m6!1s0x3755c5704fa5a5c3:0x6022b5606c333d13!8m2!3d23.86752!4d90.3950422!16s%2Fg%2F11r7xfmc34!19sChIJw6WlT3DFVTcREz0zbGC1ImA?authuser=0&hl=en&g_ep=EgoyMDI2MDkwOS4wIJJjKgBIAVAD&rclk=1,4.3,559,"46 Rabindra Sarani , Uttara, Dhaka",23.86752,90.395042
Cooper's Bakery,Cafe,Bashundhara R/A,https://www.google.com/maps/place/Cooper%27s+Bakery/data=!4m7!3m6!1s0x3755c64d61a7f505:0x2541e02d9c2a4dc3!8m2!3d23.8121851!4d90.4241826!16s%2Fg%2F11g88bthy2!19sChIJBfWnYU3GVTcRw00qnC3gQSU?authuser=0&hl=en&g_ep=EgoyMDI2MDkwOS4wIJJjKgBIAVAD&rclk=1,4.3,547,"House Ka, 5/2 Bashundhara Rd , Bashundhara R/A, Dhaka",23.812185,90.424183
Breadsmith - Mirpur DOHS,Cafe,Mirpur 12,https://www.google.com/maps/place/Breadsmith+-+Mirpur+DOHS/data=!4m7!3m6!1s0x3755c1f3ca29feff:0xd8295d99131c126e!8m2!3d23.8379983!4d90.3753798!16s%2Fg%2F11sfrwtbyf!19sChIJ__4pyvPBVTcRbhIcE5ldKdg?authuser=0&hl=en&g_ep=EgoyMDI2MDkwMi4wIJJjKgBIAVAD&rclk=1,4.3,535,"Mirpur 12, Dhaka",23.8379983,90.3753798
Smith's Caffè Regalo,Cafe,Gulshan 1,https://www.google.com/maps/place/Smith%27s+Caff%C3%A8+Regalo/data=!4m7!3m6!1s0x3755c72be6f963b3:0x6161426ade4aec23!8m2!3d23.7820138!4d90.4160599!16s%2Fg%2F11jqgs6fj5!19sChIJs2P55ivHVTcRI-xK3mpCYWE?authuser=0&hl=en&g_ep=EgoyMDI2MDkwMi4wIJJjKgBIAVAD&rclk=1,4.3,532,"House # 1 Rd 23, Gulshan 1, Dhaka",23.7820138,90.4160599
Ground Bistro,Restaurant,Khilgaon,https://www.google.com/maps/place/Ground+Bistro/data=!4m7!3m6!1s0x3755b9f4a8add4cd:0xc2a8aeeb10496ea!8m2!3d23.752525!4d90.4182146!16s%2Fg%2F11snp6z4nc!19sChIJzdStqPS5VTcR6pYEse6KKgw?authuser=0&hl=en&g_ep=EgoyMDI2MDkwMi4wIJJjKgBIAVAD&rclk=1,4.3,531,"394/B Shahid Baki Rd, Khilgaon, Dhaka",23.752525,90.4182146
China Garden Restaurant Ltd.,Restaurant,Gulshan 2,https://www.google.com/maps/place/China+Garden+Restaurant+Ltd./data=!4m7!3m6!1s0x3755c7743e880293:0xb5efbc2464d11455!8m2!3d23.793524!4d90.4184339!16s%2Fg%2F11rsr0_tb8!19sChIJkwKIPnTHVTcRVRTRZCS877U?authuser=0&hl=en&g_ep=EgoyMDI2MDkwMi4wIJJjKgBIAVAD&rclk=1,4.3,388,"House 14 Rd 101, Gulshan 2, Dhaka",23.793524,90.4184339
Cheez Uttara,Restaurant,Uttara,https://www.google.com/maps/place/Cheez+Uttara/data=!4m7!3m6!1s0x3755c518700390d9:0xe79a1e95cffcc94a!8m2!3d23.8770949!4d90.3909591!16s%2Fg%2F11hyk2989m!19sChIJ2ZADcBjFVTcRSsn8z5Uemuc?authuser=0&hl=en&g_ep=EgoyMDI2MDkwOS4wIJJjKgBIAVAD&rclk=1,4.3,349,"Level-6, Juwel Tower, House-34 Garib-E-Newaz Ave , Uttara, Dhaka",23.877095,90.390959
Toum,Restaurant,Bashundhara R/A,https://www.google.com/maps/place/Toum/data=!4m7!3m6!1s0x3755c76b4b825953:0xfcb38c93872b4ec9!8m2!3d23.8082929!4d90.4293095!16s%2Fg%2F11j120304d!19sChIJU1mCS2vHVTcRyU4rh5OMs_w?authuser=0&hl=en&g_ep=EgoyMDI2MDkwOS4wIJJjKgBIAVAD&rclk=1,4.3,348,"Plot 492, Kuwaiti Mosque Rd , Bashundhara R/A, Dhaka",23.808293,90.42931
Rustic Eatery ~ Shantinagar,Restaurant,Shantinagar,https://www.google.com/maps/place/Rustic+Eatery+~+Shantinagar/data=!4m7!3m6!1s0x3755b90047499e5f:0x79230c9f1a43698f!8m2!3d23.7391662!4d90.4158219!16s%2Fg%2F11vz0lmggn!19sChIJX55JRwC5VTcRj2lDGp8MI3k?authuser=0&hl=en&g_ep=EgoyMDI2MDkwMi4wIJJjKgBIAVAD&rclk=1,4.3,334,"158 Rd, Shantinagar, Dhaka",23.7391662,90.4158219
CAFE Mushroom,Cafe,Mirpur 10,https://www.google.com/maps/place/CAFE+Mushroom/data=!4m7!3m6!1s0x3755c7d829cfa821:0x7337ee9ff5ac2289!8m2!3d23.8088397!4d90.3751085!16s%2Fg%2F11mhg3tzp6!19sChIJIajPKdjHVTcRiSKs9Z_uN3M?authuser=0&hl=en&g_ep=EgoyMDI2MDkwMi4wIJJjKgBIAVAD&rclk=1,4.3,319,"Block C, House #1 Rd No 20, Mirpur 10, Dhaka",23.8088397,90.3751085
Prego,Restaurant,Gulshan 1,https://www.google.com/maps/place/Prego/data=!4m7!3m6!1s0x3755c7861ec56e89:0x594a1d3cdd50e674!8m2!3d23.793223!4d90.414601!16s%2Fg%2F11m7sm_sz7!19sChIJiW7FHobHVTcRdOZQ3TwdSlk?authuser=0&hl=en&g_ep=EgoyMDI2MDkwMi4wIJJjKgBIAVAD&rclk=1,4.3,271,"Gulshan 1, Dhaka",23.793223,90.414601
Love Leen Bangla Restaurant,Restaurant,Uttara,https://www.google.com/maps/place/Love+Leen+Bangla+Restaurant/data=!4m7!3m6!1s0x3755c5006beb92e7:0xd000eaf9932b1af1!8m2!3d23.8660388!4d90.3991127!16s%2Fg%2F11wnzththd!19sChIJ55LrawDFVTcR8Rork_nqANA?authuser=0&hl=en&g_ep=EgoyMDI2MDkwOS4wIJJjKgBIAVAD&rclk=1,4.3,266,"House: 1/D, Road no. 02 , Uttara, Dhaka",23.866039,90.399113
Bean and Leaf,Cafe,Mirpur 10,https://www.google.com/maps/place/Bean+and+Leaf/data=!4m7!3m6!1s0x3755c1408332448f:0xd6ac94c9bdbf6e53!8m2!3d23.8100707!4d90.3727819!16s%2Fg%2F11fjb4f8sy!19sChIJj0Qyg0DBVTcRU26_vcmUrNY?authuser=0&hl=en&g_ep=EgoyMDI2MDkwMi4wIJJjKgBIAVAD&rclk=1,4.3,256,"10-C,2, 10 Rd No. 2, Mirpur 10, Dhaka",23.8100707,90.3727819
Margarita Lounge,Restaurant,Uttara,https://www.google.com/maps/place/Margarita+Lounge/data=!4m7!3m6!1s0x3755c520f2d4dd17:0x7eae5c3a3b561c48!8m2!3d23.8622405!4d90.3991584!16s%2Fg%2F11rqzfflmq!19sChIJF93U8iDFVTcRSBxWOzpcrn4?authuser=0&hl=en&g_ep=EgoyMDI2MDkwOS4wIJJjKgBIAVAD&rclk=1,4.3,252,"10th Floor), Plot: 11, Road: 2, Paradise Tower , Uttara, Dhaka",23.86224,90.399158
Le Delicia Uttara,Cafe,Uttara,https://www.google.com/maps/place/Le+Delicia+Uttara/data=!4m7!3m6!1s0x3755c53062694657:0xc7c3de1ceb057d04!8m2!3d23.8745133!4d90.3935344!16s%2Fg%2F11thkdd7mm!19sChIJV0ZpYjDFVTcRBH0F6xzew8c?authuser=0&hl=en&g_ep=EgoyMDI2MDkwOS4wIJJjKgBIAVAD&rclk=1,4.3,240,"House 2A, Road 2B Sonargaon Janapath Rd , Uttara, Dhaka",23.874513,90.393534
Super Supper,Restaurant,Shantinagar,https://www.google.com/maps/place/Super+Supper/data=!4m7!3m6!1s0x3755b9c3e1fd4c53:0xe252d673175f1ee7!8m2!3d23.7354602!4d90.4105606!16s%2Fg%2F11h84xk9_h!19sChIJU0z94cO5VTcR5x5fF3PWUuI?authuser=0&hl=en&g_ep=EgoyMDI2MDkwMi4wIJJjKgBIAVAD&rclk=1,4.3,230,"First Floor, 176 Shahid Nazrul Islam Rd, Shantinagar, Dhaka",23.7354602,90.4105606
Blossom Restaurant - 百盛港式茶餐厅,Restaurant,Uttara,https://www.google.com/maps/place/Blossom+Restaurant+-+%E7%99%BE%E7%9B%9B%E6%B8%AF%E5%BC%8F%E8%8C%B6%E9%A4%90%E5%8E%85/data=!4m7!3m6!1s0x3755c5995c3ff0cf:0xa5cc17b1eb2aebba!8m2!3d23.8713783!4d90.3841842!16s%2Fg%2F11tjk_ystc!19sChIJz_A_XJnFVTcRuusq67EXzKU?authuser=0&hl=en&g_ep=EgoyMDI2MDkwOS4wIJJjKgBIAVAD&rclk=1,4.3,219,"www.google.com/local/place, rap/edit/location?rg=true13, House - 26 Shah Makhdum Ave , Uttara, Dhaka",23.871378,90.384184
The Cozy Bean,Cafe,Dhanmondi,https://www.google.com/maps/place/The+Cozy+Bean/data=!4m7!3m6!1s0x3755bf1dc74293a9:0xf0e6ec1663fe9884!8m2!3d23.7557034!4d90.3743097!16s%2Fg%2F11x76mn1bj!19sChIJqZNCxx2_VTcRhJj-Yxbs5vA?authuser=0&hl=en&g_ep=EgoyMDI2MDkwMi4wIJJjKgBIAVAD&rclk=1,4.3,205,"27 Plot: 390/B, Rangs Avenue, Road 27, Dhanmondi, Dhaka",23.7557034,90.3743097
Green & Pepper,Restaurant,Gulshan 2,https://www.google.com/maps/place/Green+%26+Pepper/data=!4m7!3m6!1s0x3755c7f143ae9cc3:0xb4dee4aab0bcccd3!8m2!3d23.7936204!4d90.4163151!16s%2Fg%2F11vjjcqd0x!19sChIJw5yuQ_HHVTcR08y8sKrk3rQ?authuser=0&hl=en&g_ep=EgoyMDI2MDkwMi4wIJJjKgBIAVAD&rclk=1,4.3,197,"House: 19, Rd 95, Gulshan 2, Dhaka",23.7936204,90.4163151
Delectus Cafe & Bistro,Cafe,Bashundhara R/A,https://www.google.com/maps/place/Delectus+Cafe+%26+Bistro/data=!4m7!3m6!1s0x3755c700462919c5:0x814aaff28d99a263!8m2!3d23.8236208!4d90.4295953!16s%2Fg%2F11w31hdg2b!19sChIJxRkpRgDHVTcRY6KZjfKvSoE?authuser=0&hl=en&g_ep=EgoyMDI2MDkwOS4wIJJjKgBIAVAD&rclk=1,4.3,182,"2 Sayem Sobhan Anvir Rd , Bashundhara R/A, Dhaka",23.823621,90.429595
Tokyo Kitchen Uttara,Restaurant,Uttara,https://www.google.com/maps/place/Tokyo+Kitchen+Uttara/data=!4m7!3m6!1s0x3755c5007beb3e7b:0x9cb9a770af24170a!8m2!3d23.8741341!4d90.3915764!16s%2Fg%2F11wxphkyml!19sChIJez7rewDFVTcRChckr3CnuZw?authuser=0&hl=en&g_ep=EgoyMDI2MDkwOS4wIJJjKgBIAVAD&rclk=1,4.3,179,"17 Sonargaon Janapath Rd , Uttara, Dhaka",23.874134,90.391576
Food Engineering Pallabi,Restaurant,Mirpur 11,https://www.google.com/maps/place/Food+Engineering+Pallabi/data=!4m7!3m6!1s0x3755c1501143576b:0xb90da83c89c304ac!8m2!3d23.8272624!4d90.3644521!16s%2Fg%2F11l2f1ljdt!19sChIJa1dDEVDBVTcRrATDiTyoDbk?authuser=0&hl=en&g_ep=EgoyMDI2MDkwMi4wIJJjKgBIAVAD&rclk=1,4.3,165,"House#45 Rd No. 7, Mirpur 11, Dhaka",23.8272624,90.3644521
Arabika Coffee Uttara,Cafe,Uttara,https://www.google.com/maps/place/Arabika+Coffee+Uttara/data=!4m7!3m6!1s0x3755c500414067f3:0x3a27c73fae20271b!8m2!3d23.8652115!4d90.3940715!16s%2Fg%2F11xgt3nrtn!19sChIJ82dAQQDFVTcRGycgrj_HJzo?authuser=0&hl=en&g_ep=EgoyMDI2MDkwOS4wIJJjKgBIAVAD&rclk=1,4.3,163,"House, 14 Road-7/A , Uttara, Dhaka",23.865212,90.394071
Zolio,Restaurant,Dhanmondi,https://www.google.com/maps/place/Zolio/data=!4m7!3m6!1s0x3755b9004d767bf7:0x53e4549a9e1c70d9!8m2!3d23.7405489!4d90.3751457!16s%2Fg%2F11yqccy2kt!19sChIJ93t2TQC5VTcR2XAcnppU5FM?authuser=0&hl=en&g_ep=EgoyMDI2MDkwMi4wIJJjKgBIAVAD&rclk=1,4.3,159,"Suvastu Rialto Tower Plot 53/1,Road 4/A, Satmasjid Road, Dhanmondi, Dhaka",23.7405489,90.3751457
RUSH Café & Bistro,Cafe,Dhanmondi,https://www.google.com/maps/place/RUSH+Caf%C3%A9+%26+Bistro/data=!4m7!3m6!1s0x3755b9007ecad315:0xe45172fad1e8b6d9!8m2!3d23.7385855!4d90.3784339!16s%2Fg%2F11lywyzj0p!19sChIJFdPKfgC5VTcR2bbo0fpyUeQ?authuser=0&hl=en&g_ep=EgoyMDI2MDkwMi4wIJJjKgBIAVAD&rclk=1,4.3,146,"House-35(Level, RUSH Cafe & Bistro, Ahmed & Kazi Tower, 6 -2, Dhanmondi, Dhaka",23.7385855,90.3784339
Kindred Food Garden Banani,Restaurant,Banani,https://www.google.com/maps/place/Kindred+Food+Garden+Banani/data=!4m7!3m6!1s0x3755c7bc61c82d81:0x671f1d252e1830f4!8m2!3d23.7915925!4d90.402745!16s%2Fg%2F11k4v39tzy!19sChIJgS3IYbzHVTcR9DAYLiUdH2c?authuser=0&hl=en&g_ep=EgoyMDI2MDkwMi4wIJJjKgBIAVAD&rclk=1,4.3,141,"Block - C, Plot - 93 Road No. 6, Banani, Dhaka",23.7915925,90.402745
C House Café,Cafe,Gulshan 1,https://www.google.com/maps/place/C+House+Caf%C3%A9/data=!4m7!3m6!1s0x3755c7e71ee64255:0x77016b3fa6193aaa!8m2!3d23.7814281!4d90.4157751!16s%2Fg%2F11rl17xdxv!19sChIJVULmHufHVTcRqjoZpj9rAXc?authuser=0&hl=en&g_ep=EgoyMDI2MDkwMi4wIJJjKgBIAVAD&rclk=1,4.3,140,"House 4 Rd 21, Gulshan 1, Dhaka",23.7814281,90.4157751
Sumi's Hot Cake,Cafe,Uttara,https://www.google.com/maps/place/Sumi%27s+Hot+Cake/data=!4m7!3m6!1s0x3755c5a59236b199:0xd810db1c22e94599!8m2!3d23.8743697!4d90.3975319!16s%2Fg%2F11h5vvcd8p!19sChIJmbE2kqXFVTcRmUXpIhzbENg?authuser=0&hl=en&g_ep=EgoyMDI2MDkwOS4wIJJjKgBIAVAD&rclk=1,4.3,136,"V9FX+P2V, Rd -16 , Uttara, Dhaka",23.87437,90.397532
Waffle Up - Bashundhara,Cafe,Bashundhara R/A,https://www.google.com/maps/place/Waffle+Up+-+Bashundhara/data=!4m7!3m6!1s0x3755c762a977a0b7:0xf9292c479a9d3559!8m2!3d23.8088014!4d90.4304646!16s%2Fg%2F11trp8tkfj!19sChIJt6B3qWLHVTcRWTWdmkcsKfk?authuser=0&hl=en&g_ep=EgoyMDI2MDkwOS4wIJJjKgBIAVAD&rclk=1,4.3,129,"Apollo gate, Ground floor Jabbar Molla Tower, Evercare Hospital Rd , Bashundhara R/A, Dhaka",23.808801,90.430465
Tasty Treat Cafe - Shahajalal Avenue,Cafe,Uttara,https://www.google.com/maps/place/Tasty+Treat+Cafe+-+Shahajalal+Avenue/data=!4m7!3m6!1s0x3755c5001d5b009d:0xb04fc75b4c17123e!8m2!3d23.8682169!4d90.4029134!16s%2Fg%2F11y7n9zt8r!19sChIJnQBbHQDFVTcRPhIXTFvHT7A?authuser=0&hl=en&g_ep=EgoyMDI2MDkwOS4wIJJjKgBIAVAD&rclk=1,4.3,127,"Uttara, Dhaka",23.868217,90.402913
Antipodean Dhaka,Cafe,Gulshan 2,https://www.google.com/maps/place/Antipodean+Dhaka/data=!4m7!3m6!1s0x3755c7001b8378ef:0x8a81369a4c88a94d!8m2!3d23.7989028!4d90.4123741!16s%2Fg%2F11yq4k3jk0!19sChIJ73iDGwDHVTcRTamITJo2gYo?authuser=0&hl=en&g_ep=EgoyMDI2MDkwMi4wIJJjKgBIAVAD&rclk=1,4.3,122,"Gulshan 2, Dhaka",23.7989028,90.4123741
Grounds Coffee Factory,Cafe,Gulshan 2,https://www.google.com/maps/place/Grounds+Coffee+Factory/data=!4m7!3m6!1s0x3755c758711e60c7:0x5338dccfa9b749c!8m2!3d23.7985681!4d90.4129659!16s%2Fg%2F11xd9bgcxq!19sChIJx2AecVjHVTcRnHSb-syNMwU?authuser=0&hl=en&g_ep=EgoyMDI2MDkwMi4wIJJjKgBIAVAD&rclk=1,4.3,119,"Gulshan 2, Dhaka",23.7985681,90.4129659
Fill'iz (ফিলিজ),Restaurant,Uttara,https://www.google.com/maps/place/Fill%27iz+%28%E0%A6%AB%E0%A6%BF%E0%A6%B2%E0%A6%BF%E0%A6%9C%29/data=!4m7!3m6!1s0x3755c5bb86b4252b:0xb4df3688f75d6c16!8m2!3d23.8680703!4d90.3939233!16s%2Fg%2F11qz81z_6p!19sChIJKyW0hrvFVTcRFmxd94g237Q?authuser=0&hl=en&g_ep=EgoyMDI2MDkwOS4wIJJjKgBIAVAD&rclk=1,4.3,110,"10 Lake Drive Rd , Uttara, Dhaka",23.86807,90.393923
"BROWN Coffee Roasters, Dhanmondi Branch",Cafe,Dhanmondi,"https://www.google.com/maps/place/BROWN+Coffee+Roasters,+Dhanmondi+Branch/data=!4m7!3m6!1s0x3755b90022c4371f:0xc3f59b037f2f2325!8m2!3d23.7405389!4d90.3752263!16s%2Fg%2F11yhy8jmwn!19sChIJHzfEIgC5VTcRJSMvfwOb9cM?authuser=0&hl=en&g_ep=EgoyMDI2MDkwMi4wIJJjKgBIAVAD&rclk=1",4.3,102,"Level 9, Suvastu Rialto Tower, Dhanmondi, Dhaka",23.7405389,90.3752263
Fish & Co. (Gulshan 2),Restaurant,Gulshan 2,https://www.google.com/maps/place/Fish+%26+Co.+%28Gulshan+2%29/data=!4m7!3m6!1s0x3755c7a798cca1ad:0x3031e6952bc32d32!8m2!3d23.798977!4d90.4121527!16s%2Fg%2F11n9d8hy98!19sChIJraHMmKfHVTcRMi3DK5XmMTA?authuser=0&hl=en&g_ep=EgoyMDI2MDkwMi4wIJJjKgBIAVAD&rclk=1,4.3,89,"Evergreen Meher Tower. House. 12/A (1st Floor), Road, 55 Gulshan North Ave, Gulshan 2, Dhaka",23.798977,90.4121527
TokyoDango,Restaurant,Bashundhara R/A,https://www.google.com/maps/place/TokyoDango/data=!4m7!3m6!1s0x3755c70077891fc3:0x9b6ea6900f20fc8!8m2!3d23.8125473!4d90.4237988!16s%2Fg%2F11w22xwrtf!19sChIJwx-JdwDHVTcRyA_yAGnqtgk?authuser=0&hl=en&g_ep=EgoyMDI2MDkwOS4wIJJjKgBIAVAD&rclk=1,4.3,87,"Level 5 Shop no- 001, Jamuna Future Park , Bashundhara R/A, Dhaka",23.812547,90.423799
RENEGADES CAFE (Mirpur 10),Cafe,Mirpur 10,https://www.google.com/maps/place/RENEGADES+CAFE+%28Mirpur+10%29/data=!4m7!3m6!1s0x3755c1000e9a57a1:0x6c59653403503bd1!8m2!3d23.8087217!4d90.3679052!16s%2Fg%2F11wqw6v6bl!19sChIJoVeaDgDBVTcR0TtQAzRlWWw?authuser=0&hl=en&g_ep=EgoyMDI2MDkwMi4wIJJjKgBIAVAD&rclk=1,4.3,82,"5th Floor, Green Avenue Park, Plot 01 Rd 3, Mirpur 10, Dhaka",23.8087217,90.3679052
Takeout Gulshan,Restaurant,Gulshan 1,https://www.google.com/maps/place/Takeout+Gulshan/data=!4m7!3m6!1s0x3755c76fc52f2495:0x2f4c8c8d5075e1a9!8m2!3d23.7770049!4d90.4166953!16s%2Fg%2F11w1cm9hs6!19sChIJlSQvxW_HVTcRqeF1UI2MTC8?authuser=0&hl=en&g_ep=EgoyMDI2MDkwMi4wIJJjKgBIAVAD&rclk=1,4.3,79,"Crystal Palace (L-2-Plot-22, Road-140, South Avenue, Gulshan 1, Dhaka",23.7770049,90.4166953
Jol Torongo Cafe,Cafe,Uttara,https://www.google.com/maps/place/Jol+Torongo+Cafe/data=!4m7!3m6!1s0x3755c52c1c9b4eb5:0xd6571b93e786c1a4!8m2!3d23.8780315!4d90.3934435!16s%2Fg%2F11h64vlrd0!19sChIJtU6bHCzFVTcRpMGG55MbV9Y?authuser=0&hl=en&g_ep=EgoyMDI2MDkwOS4wIJJjKgBIAVAD&rclk=1,4.3,71,"Road No. 9 , Uttara, Dhaka",23.878031,90.393444
Kheerwala premium-Dhaka,Cafe,Bashundhara R/A,https://www.google.com/maps/place/Kheerwala+premium-Dhaka/data=!4m7!3m6!1s0x3755c700436105ed:0xafa5d6a46c42fec5!8m2!3d23.8122774!4d90.4247536!16s%2Fg%2F11xmrjl_pb!19sChIJ7QVhQwDHVTcRxf5CbKTWpa8?authuser=0&hl=en&g_ep=EgoyMDI2MDkwOS4wIJJjKgBIAVAD&rclk=1,4.3,71,"Al haj abdus, Sadat Sobhan Tanvir Rd , Bashundhara R/A, Dhaka",23.812277,90.424754
Indulge,Cafe,Banani,https://www.google.com/maps/place/Indulge/data=!4m7!3m6!1s0x3755c7a2a0710739:0xd94d6f1db520b855!8m2!3d23.7934155!4d90.4030703!16s%2Fg%2F11rsrgkmnc!19sChIJOQdxoKLHVTcRVbggtR1vTdk?authuser=0&hl=en&g_ep=EgoyMDI2MDkwMi4wIJJjKgBIAVAD&rclk=1,4.3,70,"Plot-5 Road No. 17, Banani, Dhaka",23.7934155,90.4030703
Magix Bear Cafe & Restaurant,Cafe,Banani,https://www.google.com/maps/place/Magix+Bear+Cafe+%26+Restaurant/data=!4m7!3m6!1s0x3755c7e2363e713f:0x81b8b13d70cdc246!8m2!3d23.7931943!4d90.4030006!16s%2Fg%2F11tsyg7hb8!19sChIJP3E-NuLHVTcRRsLNcD2xuIE?authuser=0&hl=en&g_ep=EgoyMDI2MDkwMi4wIJJjKgBIAVAD&rclk=1,4.3,68,"Block C, 72 Road No. 6, Banani, Dhaka",23.7931943,90.4030006
Mokja BD,Restaurant,Bashundhara R/A,https://www.google.com/maps/place/Mokja+BD/data=!4m7!3m6!1s0x3755c78970131aa7:0x8de1e37d15de7a8d!8m2!3d23.8126397!4d90.422859!16s%2Fg%2F11s92g1_qb!19sChIJpxoTcInHVTcRjXreFX3j4Y0?authuser=0&hl=en&g_ep=EgoyMDI2MDkwOS4wIJJjKgBIAVAD&rclk=1,4.3,66,"Bashundhara Rd , Bashundhara R/A, Dhaka",23.81264,90.422859
Beans & Aroma Coffees,Cafe,Bashundhara R/A,https://www.google.com/maps/place/Beans+%26+Aroma+Coffees/data=!4m7!3m6!1s0x3755c70040195eff:0x7a8e5d3d3cda8c6a!8m2!3d23.821193!4d90.437858!16s%2Fg%2F11xlz__9b7!19sChIJ_14ZQADHVTcRaozaPD1djno?authuser=0&hl=en&g_ep=EgoyMDI2MDkwOS4wIJJjKgBIAVAD&rclk=1,4.3,61,"House # 77/78, (2nd Floor, Rd No. 3 , Bashundhara R/A, Dhaka",23.821193,90.437858
Wellness Café Outdoor,Cafe,Dhanmondi,https://www.google.com/maps/place/Wellness+Caf%C3%A9+Outdoor/data=!4m7!3m6!1s0x3755b9308292defb:0x8a4e0988586e8b4e!8m2!3d23.7422672!4d90.3828583!16s%2Fg%2F11tnmx73pn!19sChIJ-96SgjC5VTcRTotuWIgJToo?authuser=0&hl=en&g_ep=EgoyMDI2MDkwMi4wIJJjKgBIAVAD&rclk=1,4.3,56,"House- 06 Road No 4, Dhanmondi, Dhaka",23.7422672,90.3828583
Puro Pastry & Bakery,Cafe,Uttara,https://www.google.com/maps/place/Puro+Pastry+%26+Bakery/data=!4m7!3m6!1s0x3755c5430fcc3779:0xa97a634846df944b!8m2!3d23.8712977!4d90.3952911!16s%2Fg%2F11pv8x0wdy!19sChIJeTfMD0PFVTcRS5TfRkhjeqk?authuser=0&hl=en&g_ep=EgoyMDI2MDkwOS4wIJJjKgBIAVAD&rclk=1,4.3,49,"House26, Road No. 20 , Uttara, Dhaka",23.871298,90.395291
Coffee Buzz,Cafe,Gulshan 1,https://www.google.com/maps/place/Coffee+Buzz/data=!4m7!3m6!1s0x3755c7005ff70acd:0x7cb5d02a5f4ac906!8m2!3d23.7814337!4d90.4170889!16s%2Fg%2F11vs_3m3kp!19sChIJzQr3XwDHVTcRBslKXyrQtXw?authuser=0&hl=en&g_ep=EgoyMDI2MDkwMi4wIJJjKgBIAVAD&rclk=1,4.3,48,"Gulshan 1, Dhaka",23.7814337,90.4170889
Khana's Uttara 6 Metro,Restaurant,Uttara,https://www.google.com/maps/place/Khana%27s+Uttara+6+Metro/data=!4m7!3m6!1s0x3755c5005b4f2233:0x8599654b532cf4ce!8m2!3d23.8681681!4d90.4028106!16s%2Fg%2F11mm8zwwvg!19sChIJMyJPWwDFVTcRzvQsU0tlmYU?authuser=0&hl=en&g_ep=EgoyMDI2MDkwOS4wIJJjKgBIAVAD&rclk=1,4.3,48,"House 2 Road 13, A Shahajalal Ave , Uttara, Dhaka",23.868168,90.402811
Bangaliana Bhoj Uttara,Restaurant,Uttara,https://www.google.com/maps/place/Bangaliana+Bhoj+Uttara/data=!4m7!3m6!1s0x3755c570b7a8ff59:0x4a899de3f7e8ef65!8m2!3d23.8744072!4d90.3878542!16s%2Fg%2F11zdn4_syp!19sChIJWf-ot3DFVTcRZe_o9-OdiUo?authuser=0&hl=en&g_ep=EgoyMDI2MDkwOS4wIJJjKgBIAVAD&rclk=1,4.3,46,"Level-2, Usman Ali Market, H58,, Sonargaon Jonopoth Road, Sector 13, Uttara, (Opposite of Uttara Square Market) , Uttara, Dhaka",23.874407,90.387854
Pizzabar,Restaurant,Khilgaon,https://www.google.com/maps/place/Pizzabar/data=!4m7!3m6!1s0x3755b94b469971a7:0xde6312b9e0e73f38!8m2!3d23.752006!4d90.4214548!16s%2Fg%2F11v0ghdmqn!19sChIJp3GZRku5VTcROD_n4LkSY94?authuser=0&hl=en&g_ep=EgoyMDI2MDkwMi4wIJJjKgBIAVAD&rclk=1,4.3,42,"3td floor, 568 Taltola Rd, Khilgaon, Dhaka",23.752006,90.4214548
Tasty Treat- Uttara -7 Rabindra Sarani,Restaurant,Uttara,https://www.google.com/maps/place/Tasty+Treat-+Uttara+-7+Rabindra+Sarani/data=!4m7!3m6!1s0x3755c500490e2665:0x638df1cf2b4b8c8c!8m2!3d23.867937!4d90.3979701!16s%2Fg%2F11y95n471f!19sChIJZSYOSQDFVTcRjIxLK8_xjWM?authuser=0&hl=en&g_ep=EgoyMDI2MDkwOS4wIJJjKgBIAVAD&rclk=1,4.3,34,"House-12 Road No. 1 , Uttara, Dhaka",23.867937,90.39797
California Fried Chicken and Pastry Shop (CFC) Uttara Sector 3,Cafe,Uttara,https://www.google.com/maps/place/California+Fried+Chicken+and+Pastry+Shop+%28CFC%29+Uttara+Sector+3/data=!4m7!3m6!1s0x3755c5b85532f803:0x8ca42c91de0508fa!8m2!3d23.8667936!4d90.3940097!16s%2Fg%2F11xvlvl2yg!19sChIJA_gyVbjFVTcR-ggF3pEspIw?authuser=0&hl=en&g_ep=EgoyMDI2MDkwOS4wIJJjKgBIAVAD&rclk=1,4.3,33,"House no, 54 Rd -13 , Uttara, Dhaka",23.866794,90.39401
Black Bean Coffees,Cafe,Uttara,https://www.google.com/maps/place/Black+Bean+Coffees/data=!4m7!3m6!1s0x3755c50029dd0a35:0x13b8736d072927fa!8m2!3d23.8706186!4d90.3905633!16s%2Fg%2F11yqy24mmn!19sChIJNQrdKQDFVTcR-icpB21zuBM?authuser=0&hl=en&g_ep=EgoyMDI2MDkwOS4wIJJjKgBIAVAD&rclk=1,4.3,31,"Uttara, Dhaka",23.870619,90.390563
Cafe Bellissimo,Cafe,Shantinagar,https://www.google.com/maps/place/Cafe+Bellissimo/data=!4m7!3m6!1s0x3755b9003ec2c889:0x2edb700bceb7cdfc!8m2!3d23.7409624!4d90.4124754!16s%2Fg%2F11lnmw4xn5!19sChIJicjCPgC5VTcR_M23zgtw2y4?authuser=0&hl=en&g_ep=EgoyMDI2MDkwMi4wIJJjKgBIAVAD&rclk=1,4.3,29,"Shantinagar, Dhaka",23.7409624,90.4124754
The Secret Garden Banani,Restaurant,Banani,https://www.google.com/maps/place/The+Secret+Garden+Banani/data=!4m7!3m6!1s0x3755c7e1ef5d8479:0x6d2eacc7a4788043!8m2!3d23.7924647!4d90.4094797!16s%2Fg%2F11ljyj03y2!19sChIJeYRd7-HHVTcRQ4B4pMesLm0?authuser=0&hl=en&g_ep=EgoyMDI2MDkwMi4wIJJjKgBIAVAD&rclk=1,4.3,29,"28 Rd No. 19/A, Banani, Dhaka",23.7924647,90.4094797
Pasto,Cafe,Dhanmondi,https://www.google.com/maps/place/Pasto/data=!4m7!3m6!1s0x3755b94ed3948deb:0x39d264e54944081!8m2!3d23.7546836!4d90.3764767!16s%2Fg%2F11w43g7ql1!19sChIJ642U0065VTcRgUCUVE4mnQM?authuser=0&hl=en&g_ep=EgoyMDI2MDkwMi4wIJJjKgBIAVAD&rclk=1,4.3,26,"1, Sobhanbag Mirpur Rd, Dhanmondi, Dhaka",23.7546836,90.3764767
THAFI cafe & Spa,Cafe,Mirpur 1,https://www.google.com/maps/place/THAFI+cafe+%26+Spa/data=!4m7!3m6!1s0x3755c1004ba974c5:0x7d0fc610ef2020dc!8m2!3d23.7909754!4d90.3556328!16s%2Fg%2F11wj4m2hjl!19sChIJxXSpSwDBVTcR3CAg7xDGD30?authuser=0&hl=en&g_ep=EgoyMDI2MDkwMi4wIJJjKgBIAVAD&rclk=1,4.3,26,"Mirpur 1, Dhaka",23.7909754,90.3556328
Tabaq Coffee | GP House,Cafe,Bashundhara R/A,https://www.google.com/maps/place/Tabaq+Coffee+%7C+GP+House/data=!4m7!3m6!1s0x3755c7003ed1036f:0x449bf00e0599f3c1!8m2!3d23.8120617!4d90.4259954!16s%2Fg%2F11ln1b6rmw!19sChIJbwPRPgDHVTcRwfOZBQ7wm0Q?authuser=0&hl=en&g_ep=EgoyMDI2MDkwOS4wIJJjKgBIAVAD&rclk=1,4.3,25,"GP House, Bashundhara Rd , Bashundhara R/A, Dhaka",23.812062,90.425995
Bake Aromen,Cafe,Uttara,https://www.google.com/maps/place/Bake+Aromen/data=!4m7!3m6!1s0x3755c5000421128d:0xbe10cfdc2e4c4acd!8m2!3d23.8626038!4d90.3992203!16s%2Fg%2F11w8k8tdsc!19sChIJjRIhBADFVTcRzUpMLtzPEL4?authuser=0&hl=en&g_ep=EgoyMDI2MDkwOS4wIJJjKgBIAVAD&rclk=1,4.3,24,"Shop#05, Plot#16 Road-2, Uttara, Dhaka",23.862604,90.39922
Cake Storys Nadda,Cafe,Bashundhara R/A,https://www.google.com/maps/place/Cake+Storys+Nadda/data=!4m7!3m6!1s0x3755c7effa93fa63:0x8099fd0a6f92c8f8!8m2!3d23.8096689!4d90.4201503!16s%2Fg%2F11ldtj7hk3!19sChIJY_qT-u_HVTcR-MiSbwr9mYA?authuser=0&hl=en&g_ep=EgoyMDI2MDkwOS4wIJJjKgBIAVAD&rclk=1,4.3,23,"Bashundhara R/A, Dhaka",23.809669,90.42015
Turkish Cafe Store,Cafe,Mirpur 10,https://www.google.com/maps/place/Turkish+Cafe+Store/data=!4m7!3m6!1s0x3755c1e35089b345:0x635c35aaec58f688!8m2!3d23.8066153!4d90.3732317!16s%2Fg%2F11qygk933y!19sChIJRbOJUOPBVTcRiPZY7Ko1XGM?authuser=0&hl=en&g_ep=EgoyMDI2MDkwMi4wIJJjKgBIAVAD&rclk=1,4.3,23,"Mirpur 10, Dhaka",23.8066153,90.3732317
Aamal Foods - Uttara 7,Cafe,Uttara,https://www.google.com/maps/place/Aamal+Foods+-+Uttara+7/data=!4m7!3m6!1s0x3755c5c9a3231623:0x1562768daf82971a!8m2!3d23.8677047!4d90.393649!16s%2Fg%2F11l77h0kg7!19sChIJIxYjo8nFVTcRGpeCr412YhU?authuser=0&hl=en&g_ep=EgoyMDI2MDkwOS4wIJJjKgBIAVAD&rclk=1,4.3,22,"House # 5 Lake Drive Rd , Uttara, Dhaka",23.867705,90.393649
Nightingale Skyview,Restaurant,Khilgaon,https://www.google.com/maps/place/Nightingale+Skyview/data=!4m7!3m6!1s0x3755b87aa6b9de9b:0xc15d052b4eed9ac6!8m2!3d23.751854!4d90.4217127!16s%2Fg%2F11b8t6ps9l!19sChIJm965pnq4VTcRxprtTisFXcE?authuser=0&hl=en&g_ep=EgoyMDI2MDkwMi4wIJJjKgBIAVAD&rclk=1,4.3,21,"920/C Shahid Baki Rd, Khilgaon, Dhaka",23.751854,90.4217127
Monihar Bakery & Confectionery,Cafe,Bashundhara R/A,https://www.google.com/maps/place/Monihar+Bakery+%26+Confectionery/data=!4m7!3m6!1s0x3755c651f8a05aa7:0x21711391d950e9d9!8m2!3d23.8162296!4d90.421513!16s%2Fg%2F11f8jythzk!19sChIJp1qg-FHGVTcR2elQ2ZETcSE?authuser=0&hl=en&g_ep=EgoyMDI2MDkwOS4wIJJjKgBIAVAD&rclk=1,4.3,15,"Bashundhara R/A, Dhaka",23.81623,90.421513
Butter - Jar House (Bashundhara),Cafe,Bashundhara R/A,https://www.google.com/maps/place/Butter+-+Jar+House+%28Bashundhara%29/data=!4m7!3m6!1s0x3755c7c8d9d2db3d:0xbfce191b2462306f!8m2!3d23.8244746!4d90.4333286!16s%2Fg%2F11hxzmmg6p!19sChIJPdvS2cjHVTcRbzBiJBsZzr8?authuser=0&hl=en&g_ep=EgoyMDI2MDkwOS4wIJJjKgBIAVAD&rclk=1,4.3,11,"516 Road no. 13 , Bashundhara R/A, Dhaka",23.824475,90.433329
dhali dining-Authentic Kacchi Biriyani,Restaurant,Uttara,https://www.google.com/maps/place/dhali+dining-Authentic+Kacchi+Biriyani/data=!4m7!3m6!1s0x3755c5c1a7c820df:0x3c4c7588329b5e51!8m2!3d23.8726986!4d90.3906948!16s%2Fg%2F11qmptj2yv!19sChIJ3yDIp8HFVTcRUV6bMoh1TDw?authuser=0&hl=en&g_ep=EgoyMDI2MDkwOS4wIJJjKgBIAVAD&rclk=1,4.3,11,"Uttara, Dhaka",23.872699,90.390695
Le Delicia Bashundhara (2),Cafe,Bashundhara R/A,https://www.google.com/maps/place/Le+Delicia+Bashundhara+%282%29/data=!4m7!3m6!1s0x3755c7c1b6652dc9:0xca6639288fe7fd8d!8m2!3d23.8122303!4d90.4248395!16s%2Fg%2F11vd6gm8bf!19sChIJyS1ltsHHVTcRjf3njyg5Zso?authuser=0&hl=en&g_ep=EgoyMDI2MDkwOS4wIJJjKgBIAVAD&rclk=1,4.3,8,"K-1/A, Bashundhara Rd , Bashundhara R/A, Dhaka",23.81223,90.42484
Wholesale club Bakery and restaurant,Cafe,Bashundhara R/A,https://www.google.com/maps/place/Wholesale+club+Bakery+and+restaurant/data=!4m7!3m6!1s0x3755c7b0d8e6ed03:0x3941c6acedcfdd78!8m2!3d23.8129455!4d90.4241481!16s%2Fg%2F11rdh_fbdq!19sChIJA-3m2LDHVTcReN3P7azGQTk?authuser=0&hl=en&g_ep=EgoyMDI2MDkwOS4wIJJjKgBIAVAD&rclk=1,4.3,8,"Basement 2, Block-C, Jamuna Future Park, Bashundhara Rd , Bashundhara R/A, Dhaka",23.812946,90.424148
Ashirbad Biriyani House,Restaurant,Uttara,https://www.google.com/maps/place/Ashirbad+Biriyani+House/data=!4m7!3m6!1s0x3755c43b24d21c45:0x504a353ada4d4858!8m2!3d23.8708263!4d90.4001671!16s%2Fg%2F11ggng7prk!19sChIJRRzSJDvEVTcRWEhN2jo1SlA?authuser=0&hl=en&g_ep=EgoyMDI2MDkwOS4wIJJjKgBIAVAD&rclk=1,4.3,7,"Plot No-85, Sector-07, Near B.N.S Center, Uttara , Uttara, Dhaka",23.870826,90.400167
Grand Bistro | Bashundhora Branch,Restaurant,Bashundhara R/A,https://www.google.com/maps/place/Grand+Bistro+%7C+Bashundhora+Branch/data=!4m7!3m6!1s0x3755c7000c738f67:0xce1eb6ab0f97ad52!8m2!3d23.8126707!4d90.4281043!16s%2Fg%2F11xmqf8h86!19sChIJZ49zDADHVTcRUq2XD6u2Hs4?authuser=0&hl=en&g_ep=EgoyMDI2MDkwOS4wIJJjKgBIAVAD&rclk=1,4.3,6,"Bashundhara R/A, Dhaka",23.812671,90.428104
Aurora Cafe,Cafe,Shantinagar,https://www.google.com/maps/place/Aurora+Cafe/data=!4m7!3m6!1s0x3755b9007696bb69:0x54d1995610ef54d0!8m2!3d23.7392119!4d90.4104494!16s%2Fg%2F11ln5gbr0c!19sChIJabuWdgC5VTcR0FTvEFaZ0VQ?authuser=0&hl=en&g_ep=EgoyMDI2MDkwMi4wIJJjKgBIAVAD&rclk=1,4.3,3,"1, Rahman Lucid Tower wing, Level -2 19, 3 Kakrail Rd, Shantinagar, Dhaka",23.7392119,90.4104494
Nuun | নুন,Restaurant,Bashundhara R/A,https://www.google.com/maps/place/Nuun+%7C+%E0%A6%A8%E0%A7%81%E0%A6%A8/data=!4m7!3m6!1s0x3755c7005d34d70b:0x3c76de212c2fcf25!8m2!3d23.8126136!4d90.4281121!16s%2Fg%2F11yytqnktf!19sChIJC9c0XQDHVTcRJc8vLCHedjw?authuser=0&hl=en&g_ep=EgoyMDI2MDkwOS4wIJJjKgBIAVAD&rclk=1,4.3,3,"Top Ten Building, Upstairs (2nd floor),12 D&E, Bashundhara Rd , Bashundhara R/A, Dhaka",23.812614,90.428112
Tabaq Coffee | Jamuna Future Park,Cafe,Bashundhara R/A,https://www.google.com/maps/place/Tabaq+Coffee+%7C+Jamuna+Future+Park/data=!4m7!3m6!1s0x3755c64da9bbffe1:0xd129d77aae8a5f24!8m2!3d23.8133921!4d90.4239144!16s%2Fg%2F11f0_gpmss!19sChIJ4f-7qU3GVTcRJF-KrnrXKdE?authuser=0&hl=en&g_ep=EgoyMDI2MDkwOS4wIJJjKgBIAVAD&rclk=1,4.2,8.2K,"Bashundhara R/A, Dhaka",23.813392,90.423914
Pinewood Cafe n' Restaurant,Restaurant,Dhanmondi,https://www.google.com/maps/place/Pinewood+Cafe+n%27+Restaurant/data=!4m7!3m6!1s0x3755b8ad383924c9:0x80f76abbc0238789!8m2!3d23.7547419!4d90.372793!16s%2Fg%2F11cn9r7f2d!19sChIJySQ5OK24VTcRiYcjwLtq94A?authuser=0&hl=en&g_ep=EgoyMDI2MDkwMi4wIJJjKgBIAVAD&rclk=1,4.2,4.5K,"House #352/A, Road No. 16, Dhanmondi, Dhaka",23.7547419,90.372793
Chillox Uttara,Restaurant,Uttara,https://www.google.com/maps/place/Chillox+Uttara/data=!4m7!3m6!1s0x3755c59d75324847:0x262cf7dd1d79029!8m2!3d23.8741411!4d90.3913319!16s%2Fg%2F11h64v1q82!19sChIJR0gydZ3FVTcRKZDX0X3PYgI?authuser=0&hl=en&g_ep=EgoyMDI2MDkwOS4wIJJjKgBIAVAD&rclk=1,4.2,4.2K,"Union Nahar Square, Lift-2 Sonargaon Janapath Rd , Uttara, Dhaka",23.874141,90.391332
The New Gulshan Plaza Restaurant,Restaurant,Gulshan 2,https://www.google.com/maps/place/The+New+Gulshan+Plaza+Restaurant/data=!4m7!3m6!1s0x3755c7a71d31f5ef:0xf9152afb6ee7661d!8m2!3d23.7936503!4d90.4143306!16s%2Fg%2F11c6v4zyys!19sChIJ7_UxHafHVTcRHWbnbvsqFfk?authuser=0&hl=en&g_ep=EgoyMDI2MDkwMi4wIJJjKgBIAVAD&rclk=1,4.2,4.2K,"33 Rd 45, Gulshan 2, Dhaka",23.7936503,90.4143306
Takeout Uttara,Restaurant,Uttara,https://www.google.com/maps/place/Takeout+Uttara/data=!4m7!3m6!1s0x3755c4165e14cd21:0x31d0d5083e210c2!8m2!3d23.8741238!4d90.3915241!16s%2Fg%2F11g6wzdf12!19sChIJIc0UXhbEVTcRwhDig1ANHQM?authuser=0&hl=en&g_ep=EgoyMDI2MDkwOS4wIJJjKgBIAVAD&rclk=1,4.2,3.8K,"17 Sonargaon Janapath Rd , Uttara, Dhaka",23.874124,90.391524
Jamuna Future Park,Restaurant,Bashundhara R/A,https://www.google.com/maps/place/Jamuna+Future+Park/data=!4m7!3m6!1s0x3755c64d82f2aff5:0x4064dbf4ade56307!8m2!3d23.8128329!4d90.4216235!16s%2Fg%2F1q5gm1d6f!19sChIJ9a_ygk3GVTcRB2PlrfTbZEA?authuser=0&hl=en&g_ep=EgoyMDI2MDkwOS4wIJJjKgBIAVAD&rclk=1,4.2,3.4K,"234 Bashundhara Rd , Bashundhara R/A, Dhaka",23.812833,90.421623
Alfresco Banani,Restaurant,Banani,https://www.google.com/maps/place/Alfresco+Banani/data=!4m7!3m6!1s0x3755c70deb283103:0xc748ef315ea10517!8m2!3d23.7935128!4d90.4037559!16s%2Fg%2F11c429wgj3!19sChIJAzEo6w3HVTcRFwWhXjHvSMc?authuser=0&hl=en&g_ep=EgoyMDI2MDkwMi4wIJJjKgBIAVAD&rclk=1,4.2,3.3K,"Tower-A, House - 13, Road - 17, Bir Uttam Aminul Haque Sarak, Banani, Dhaka",23.7935128,90.4037559
Khana's Mirpur,Restaurant,Mirpur 1,https://www.google.com/maps/place/Khana%27s+Mirpur/data=!4m7!3m6!1s0x3755c1c3f9531e0b:0xf01a7868c9e0b79d!8m2!3d23.8101023!4d90.3663401!16s%2Fg%2F11fjbkprdj!19sChIJCx5T-cPBVTcRnbfgyWh4GvA?authuser=0&hl=en&g_ep=EgoyMDI2MDkwMi4wIJJjKgBIAVAD&rclk=1,4.2,3.3K,"Block C, Avenue 5, Mirpur 1, Dhaka",23.8101023,90.3663401
Madchef Banani,Restaurant,Banani,https://www.google.com/maps/search/?api=1&query=Madchef+Banani+Dhaka,4.2,3.2K,"Road 11, Banani, Dhaka",23.7942,90.4042
Nawab Chatga,Restaurant,Gulshan 1,https://www.google.com/maps/place/Nawab+Chatga/data=!4m7!3m6!1s0x3755c79e9e0a4a29:0xccd00dd2e120be19!8m2!3d23.7806519!4d90.4157662!16s%2Fg%2F11bxfj698j!19sChIJKUoKnp7HVTcRGb4g4dIN0Mw?authuser=0&hl=en&g_ep=EgoyMDI2MDkwMi4wIJJjKgBIAVAD&rclk=1,4.2,3.2K,"Gulshan 1, Dhaka",23.7806519,90.4157662
Cafe Rio Buffet Mirpur 10,Restaurant,Mirpur 10,https://www.google.com/maps/search/?api=1&query=Cafe+Rio+Mirpur+10+Dhaka,4.2,3.1K,"Roundabout, Mirpur 10, Dhaka",23.8078,90.367
Tree House,Restaurant,Banani,https://www.google.com/maps/place/Tree+House/data=!4m7!3m6!1s0x3755c70bf5ffef8b:0x416ead0b368bb186!8m2!3d23.7913392!4d90.4077514!16s%2Fg%2F11ckvlzfpw!19sChIJi-__9QvHVTcRhrGLNgutbkE?authuser=0&hl=en&g_ep=EgoyMDI2MDkwMi4wIJJjKgBIAVAD&rclk=1,4.2,2.9K,"13/E , house #135 Opposite of Prescription Point, Rd No. 13E, Banani, Dhaka",23.7913392,90.4077514
Dhaba Gulshan 1,Restaurant,Gulshan 1,https://www.google.com/maps/search/?api=1&query=Dhaba+Gulshan+1+Dhaka,4.2,2.8K,"Road 103, Gulshan 1, Dhaka",23.776,90.4135
Garlic 'n Ginger - Dhanmondi,Restaurant,Dhanmondi,https://www.google.com/maps/place/Garlic+%27n+Ginger+-+Dhanmondi/data=!4m7!3m6!1s0x3755bf4a08abd233:0xeff4d998a5173ae5!8m2!3d23.7462631!4d90.3715836!16s%2Fg%2F11g0h331v5!19sChIJM9KrCEq_VTcR5ToXpZjZ9O8?authuser=0&hl=en&g_ep=EgoyMDI2MDkwMi4wIJJjKgBIAVAD&rclk=1,4.2,2.8K,"7th floor, House: 54, 10/A Satmasjid Road, Dhanmondi, Dhaka",23.7462631,90.3715836
Nando's Gulshan 2,Restaurant,Gulshan 2,https://www.google.com/maps/search/?api=1&query=Nandos+Gulshan+2+Dhaka,4.2,2.8K,"Circle Road, Gulshan 2, Dhaka",23.7935,90.4138
BruTown Cafe,Cafe,Shantinagar,https://www.google.com/maps/place/BruTown+Cafe/data=!4m7!3m6!1s0x3755b88c7722f6a7:0x542d25fdc783bf04!8m2!3d23.7428186!4d90.4075375!16s%2Fg%2F11c5b3x7gz!19sChIJp_Yid4y4VTcRBL-Dx_0lLVQ?authuser=0&hl=en&g_ep=EgoyMDI2MDkwMi4wIJJjKgBIAVAD&rclk=1,4.2,2.7K,"62/A siddeswari road Safa Apartment, 62/a Siddheswari Rd, Shantinagar, Dhaka",23.7428186,90.4075375
Khana's Mirpur 10,Restaurant,Mirpur 10,https://www.google.com/maps/search/?api=1&query=Khanas+Mirpur+10+Dhaka,4.2,2.7K,"Block C, Mirpur 10, Dhaka",23.808,90.368
Chillox Shantinagar,Restaurant,Shantinagar,https://www.google.com/maps/search/?api=1&query=Chillox+Shantinagar+Dhaka,4.2,2.6K,"Twin Towers, Shantinagar, Dhaka",23.7395,90.4145
Bird's Eye Roof Top Restaurant and Convention Hall,Restaurant,Shantinagar,https://www.google.com/maps/place/Bird%27s+Eye+Roof+Top+Restaurant+and+Convention+Hall/data=!4m7!3m6!1s0x3755b8f62e2bbed5:0x88dfb61ee8f36255!8m2!3d23.7304015!4d90.4121767!16s%2Fg%2F11clgpwpvz!19sChIJ1b4rLva4VTcRVWLz6B6234g?authuser=0&hl=en&g_ep=EgoyMDI2MDkwMi4wIJJjKgBIAVAD&rclk=1,4.2,2.5K,"Shantinagar, Dhaka",23.7304015,90.4121767
Kingfisher Restaurant,Restaurant,Uttara,https://www.google.com/maps/place/Kingfisher+Restaurant/data=!4m7!3m6!1s0x3755c41704ca5b63:0xd584abd84482b4!8m2!3d23.8724013!4d90.3907063!16s%2Fg%2F11f3z9f43f!19sChIJY1vKBBfEVTcRtIJE2KuE1QA?authuser=0&hl=en&g_ep=EgoyMDI2MDkwOS4wIJJjKgBIAVAD&rclk=1,4.2,2.5K,"Uttara, Dhaka",23.872401,90.390706
Kiva Han,Cafe,Gulshan 1,https://www.google.com/maps/place/Kiva+Han/data=!4m7!3m6!1s0x3755c79e94b3433f:0x45e22f26aa7df58c!8m2!3d23.7819552!4d90.4158162!16s%2Fg%2F11ckyc4kgn!19sChIJP0OzlJ7HVTcRjPV9qiYv4kU?authuser=0&hl=en&g_ep=EgoyMDI2MDkwMi4wIJJjKgBIAVAD&rclk=1,4.2,2.5K,"1st floor House, 1/A Rd 23, Gulshan 1, Dhaka",23.7819552,90.4158162
Nando's Gulshan 1,Restaurant,Gulshan 1,https://www.google.com/maps/search/?api=1&query=Nandos+Gulshan+1+Dhaka,4.2,2.5K,"Circle, Gulshan 1, Dhaka",23.7785,90.4145
Domino's Pizza Uttara,Restaurant,Uttara,https://www.google.com/maps/place/Domino%27s+Pizza+Uttara/data=!4m7!3m6!1s0x3755c58e2d3e2433:0xd5b4370265b55b94!8m2!3d23.8732034!4d90.3906933!16s%2Fg%2F11fnptk4lm!19sChIJMyQ-LY7FVTcRlFu1ZQI3tNU?authuser=0&hl=en&g_ep=EgoyMDI2MDkwOS4wIJJjKgBIAVAD&rclk=1,4.2,2.4K,"House -1, road - 13, Garib-E-Newaz Ave , Uttara, Dhaka",23.873203,90.390693
Pasta Club Khilgaon,Restaurant,Khilgaon,https://www.google.com/maps/search/?api=1&query=Pasta+Club+Khilgaon+Dhaka,4.2,2.4K,"Taltola, Khilgaon, Dhaka",23.7505,90.4228
Time Out,Restaurant,Banani,https://www.google.com/maps/place/Time+Out/data=!4m7!3m6!1s0x3755c79e6f2d143b:0xe596c5b10b804a53!8m2!3d23.7922831!4d90.4092631!16s%2Fg%2F11bxj9hpxh!19sChIJOxQtb57HVTcRU0qAC7HFluU?authuser=0&hl=en&g_ep=EgoyMDI2MDkwMi4wIJJjKgBIAVAD&rclk=1,4.2,2.4K,"House, 77 Rd No. 19/A, Banani, Dhaka",23.7922831,90.4092631
Bismillah Restaurant Shantinagar,Restaurant,Shantinagar,https://www.google.com/maps/search/?api=1&query=Bismillah+Restaurant+Shantinagar+Dhaka,4.2,2.3K,"Main Road, Shantinagar, Dhaka",23.7372,90.4122
Star Kabab Mirpur 11,Restaurant,Mirpur 11,https://www.google.com/maps/search/?api=1&query=Star+Kabab+Mirpur+11+Dhaka,4.2,2.3K,"Avenue 5, Mirpur 11, Dhaka",23.8172,90.3645
PD-Panda Dumplings 熊猫饺子,Restaurant,Gulshan 1,https://www.google.com/maps/place/PD-Panda+Dumplings+%E7%86%8A%E7%8C%AB%E9%A5%BA%E5%AD%90/data=!4m7!3m6!1s0x3755c7e72afd1913:0x193566ed454b5ce!8m2!3d23.7879595!4d90.4168594!16s%2Fg%2F11qh26rx65!19sChIJExn9KufHVTcRzrVU1G5WkwE?authuser=0&hl=en&g_ep=EgoyMDI2MDkwMi4wIJJjKgBIAVAD&rclk=1,4.2,2.2K,"Gulshan 1, Dhaka",23.7879595,90.4168594
BFC (Best Fried Chicken),Restaurant,Uttara,https://www.google.com/maps/place/BFC+%28Best+Fried+Chicken%29/data=!4m7!3m6!1s0x3755c416f55ccb5d:0x7e075e5823616a11!8m2!3d23.8741373!4d90.3914034!16s%2Fg%2F1q5ccckp2!19sChIJXctc9RbEVTcREWphI1heB34?authuser=0&hl=en&g_ep=EgoyMDI2MDkwOS4wIJJjKgBIAVAD&rclk=1,4.2,2.1K,"House# 19, Sector# 13, Sonargaon, Janapath Road, Union Nahar Square, Uttara. , Uttara, Dhaka",23.874137,90.391403
Shelley's Restaurant Khilgaon,Restaurant,Khilgaon,https://www.google.com/maps/search/?api=1&query=Shelleys+Restaurant+Khilgaon+Dhaka,4.2,2.1K,"Taltola Chowrasta, Khilgaon, Dhaka",23.7515,90.4225
The White Canary Café - Gulshan 2,Cafe,Gulshan 2,https://www.google.com/maps/place/The+White+Canary+Caf%C3%A9+-+Gulshan+2/data=!4m7!3m6!1s0x3755c7a678d03da1:0x1a6085cbfce27e77!8m2!3d23.7994169!4d90.4155821!16s%2Fg%2F11c6_dn_5q!19sChIJoT3QeKbHVTcRd37i_MuFYBo?authuser=0&hl=en&g_ep=EgoyMDI2MDkwMi4wIJJjKgBIAVAD&rclk=1,4.2,2.1K,"House no:, 12A Rd 86, Gulshan 2, Dhaka",23.7994169,90.4155821
Al Razzak Restaurant Mirpur 12,Restaurant,Mirpur 12,https://www.google.com/maps/search/?api=1&query=Al+Razzak+Restaurant+Mirpur+12+Dhaka,4.2,1.9K,"Bus Stand Road, Mirpur 12, Dhaka",23.8275,90.3605
Khana's,Restaurant,Khilgaon,https://www.google.com/maps/place/Khana%27s/data=!4m7!3m6!1s0x3755b87ce836e349:0x552d8575a3eab953!8m2!3d23.7525242!4d90.4176881!16s%2Fg%2F11c6w0szj9!19sChIJSeM26Hy4VTcRU7nqo3WFLVU?authuser=0&hl=en&g_ep=EgoyMDI2MDkwMi4wIJJjKgBIAVAD&rclk=1,4.2,1.9K,"2nd Floor, 397/B Shahid Baki Rd, Khilgaon, Dhaka",23.7525242,90.4176881
Kudos Uttara,Restaurant,Uttara,https://www.google.com/maps/place/Kudos+Uttara/data=!4m7!3m6!1s0x3755c419f93045f3:0x64a5493e9a766c4c!8m2!3d23.8744889!4d90.391349!16s%2Fg%2F11jpwcq476!19sChIJ80Uw-RnEVTcRTGx2mj5JpWQ?authuser=0&hl=en&g_ep=EgoyMDI2MDkwOS4wIJJjKgBIAVAD&rclk=1,4.2,1.9K,"House # 24 Sonarga jonopod Road , Uttara, Dhaka",23.874489,90.391349
Burger Lab Dhanmondi,Restaurant,Dhanmondi,https://www.google.com/maps/search/?api=1&query=Burger+Lab+Dhanmondi+Dhaka,4.2,1.8K,"Road 8/A, Dhanmondi, Dhaka",23.7448,90.373
O' Play Restaurant,Restaurant,Banani,https://www.google.com/maps/place/O%27+Play+Restaurant/data=!4m7!3m6!1s0x3755c7f947deaa97:0x7c67b70cb149d95c!8m2!3d23.7892403!4d90.4075315!16s%2Fg%2F11fkd_9gdg!19sChIJl6reR_nHVTcRXNlJsQy3Z3w?authuser=0&hl=en&g_ep=EgoyMDI2MDkwMi4wIJJjKgBIAVAD&rclk=1,4.2,1.8K,"Block H, House 36 Road No.7, Banani, Dhaka",23.7892403,90.4075315
Sarder's Kitchen Mirpur 10,Restaurant,Mirpur 10,https://www.google.com/maps/search/?api=1&query=Sarders+Kitchen+Mirpur+10+Dhaka,4.2,1.8K,"Senpara Parbata, Mirpur 10, Dhaka",23.806,90.3695
Second Cup Bangladesh,Cafe,Dhanmondi,https://www.google.com/maps/place/Second+Cup+Bangladesh/data=!4m7!3m6!1s0x3755bf51616b460d:0xd327564fa878d58d!8m2!3d23.7474031!4d90.3700637!16s%2Fg%2F11f5tbfhgj!19sChIJDUZrYVG_VTcRjdV4qE9WJ9M?authuser=0&hl=en&g_ep=EgoyMDI2MDkwMi4wIJJjKgBIAVAD&rclk=1,4.2,1.8K,"754/B, Satmasjid Road, Dhanmondi, Dhaka",23.7474031,90.3700637
Star Biryani House Mirpur 1,Restaurant,Mirpur 1,https://www.google.com/maps/search/?api=1&query=Star+Biryani+Mirpur+1+Dhaka,4.2,1.7K,"Technical Mor, Mirpur 1, Dhaka",23.8025,90.352
Time Square Dine Khilgaon,Restaurant,Khilgaon,https://www.google.com/maps/search/?api=1&query=Time+Square+Dine+Khilgaon+Dhaka,4.2,1.7K,"Nazma Tower, Khilgaon, Dhaka",23.7514,90.4226
Chayer Adda,Cafe,Bashundhara R/A,https://www.google.com/maps/place/Chayer+Adda/data=!4m7!3m6!1s0x3755c64d1db90eff:0x15cd66d97f742c27!8m2!3d23.8121109!4d90.4240559!16s%2Fg%2F11g6xkg272!19sChIJ_w65HU3GVTcRJyx0f9lmzRU?authuser=0&hl=en&g_ep=EgoyMDI2MDkwOS4wIJJjKgBIAVAD&rclk=1,4.2,1.6K,"Ka-54, RC6F+JM8, 3 Bashundhara Rd , Bashundhara R/A, Dhaka",23.812111,90.424056
Rustic Eatery Banani,Restaurant,Banani,https://www.google.com/maps/place/Rustic+Eatery+Banani/data=!4m7!3m6!1s0x3755c75fd36cb63d:0x4f0fca8206f0b3ad!8m2!3d23.7925825!4d90.4043176!16s%2Fg%2F11p15tbg1k!19sChIJPbZs01_HVTcRrbPwBoLKD08?authuser=0&hl=en&g_ep=EgoyMDI2MDkwMi4wIJJjKgBIAVAD&rclk=1,4.2,1.6K,"House 2 Road 8, block D, Banani, Dhaka",23.7925825,90.4043176
Tastebud,Cafe,Banani,https://www.google.com/maps/place/Tastebud/data=!4m7!3m6!1s0x3755c70b84ec9cc7:0x8c6a8f08cf68b73!8m2!3d23.7894686!4d90.4082184!16s%2Fg%2F12vr507lq!19sChIJx5zshAvHVTcRc4v2jPCoxgg?authuser=0&hl=en&g_ep=EgoyMDI2MDkwMi4wIJJjKgBIAVAD&rclk=1,4.2,1.6K,"Block H, 52 Road 12A, Banani, Dhaka",23.7894686,90.4082184
Deck 13,Restaurant,Dhanmondi,https://www.google.com/maps/place/Deck+13/data=!4m7!3m6!1s0x3755bf4e394877d1:0x8cf9bb90e107da2f!8m2!3d23.7497222!4d90.3686111!16s%2Fg%2F11c60cwkp7!19sChIJ0XdIOU6_VTcRL9oH4ZC7-Yw?authuser=0&hl=en&g_ep=EgoyMDI2MDkwMi4wIJJjKgBIAVAD&rclk=1,4.2,1.5K,"Navana GH Heights, House 67 Satmasjid Road, Dhanmondi, Dhaka",23.7497222,90.3686111
Mehman Bari Restaurant Mirpur 11,Restaurant,Mirpur 11,https://www.google.com/maps/search/?api=1&query=Mehman+Bari+Mirpur+11+Dhaka,4.2,1.5K,"Avenue 5, Pallabi, Mirpur 11, Dhaka",23.8175,90.3642
Paturi Banani,Restaurant,Banani,https://www.google.com/maps/place/Paturi+Banani/data=!4m7!3m6!1s0x3755c70c7c381e51:0xfea6c3ab028946a2!8m2!3d23.7904975!4d90.4048496!16s%2Fg%2F11d_tgf8zz!19sChIJUR44fAzHVTcRokaJAqvDpv4?authuser=0&hl=en&g_ep=EgoyMDI2MDkwMi4wIJJjKgBIAVAD&rclk=1,4.2,1.5K,"Block G, House No, 38 Rd No. 11, Banani, Dhaka",23.7904975,90.4048496
Boithok,Restaurant,Banani,https://www.google.com/maps/place/Boithok/data=!4m7!3m6!1s0x3755c7ed69bea597:0x4f36e62ceb615320!8m2!3d23.7897829!4d90.4011234!16s%2Fg%2F11hytgr9kw!19sChIJl6W-ae3HVTcRIFNh6yzmNk8?authuser=0&hl=en&g_ep=EgoyMDI2MDkwMi4wIJJjKgBIAVAD&rclk=1,4.2,1.4K,"18 Rd No 4, Banani, Dhaka",23.7897829,90.4011234
Brew Station Khilgaon,Cafe,Khilgaon,https://www.google.com/maps/search/?api=1&query=Brew+Station+Khilgaon+Dhaka,4.2,1.4K,"Block C, Khilgaon, Dhaka",23.7505,90.4215
Posh Lounge Rooftop Mirpur 12,Restaurant,Mirpur 12,https://www.google.com/maps/search/?api=1&query=Posh+Lounge+Rooftop+Mirpur+12+Dhaka,4.2,1.4K,"Safura Tower, Mirpur 12, Dhaka",23.8262,90.3612
Chillox Bashundhara,Restaurant,Bashundhara R/A,https://www.google.com/maps/place/Chillox+Bashundhara/data=!4m7!3m6!1s0x3755c764a4f960a7:0xe15db084a39996a4!8m2!3d23.811861!4d90.4226898!16s%2Fg%2F11j90d7z_8!19sChIJp2D5pGTHVTcRpJaZo4SwXeE?authuser=0&hl=en&g_ep=EgoyMDI2MDkwOS4wIJJjKgBIAVAD&rclk=1,4.2,1.3K,"2nd Floor, Ka-11, Bashundhara Road (Opposite of Jamuna Future Park's pocket gate) , Bashundhara R/A, Dhaka",23.811861,90.42269
Food Engineering Pallabi,Restaurant,Mirpur 11,https://www.google.com/maps/search/?api=1&query=Food+Engineering+Pallabi+Mirpur+11+Dhaka,4.2,1.3K,"Pallabi, Mirpur 11, Dhaka",23.8195,90.3628
Mirpur Kacchi House Mirpur 12,Restaurant,Mirpur 12,https://www.google.com/maps/search/?api=1&query=Mirpur+Kacchi+House+Mirpur+12+Dhaka,4.2,1.3K,"Bus Stand, Mirpur 12, Dhaka",23.8278,90.3615
The Green Lounge Bashundhara R/A,Restaurant,Bashundhara R/A,https://www.google.com/maps/place/The+Green+Lounge+Bashundhara+R%2FA/data=!4m7!3m6!1s0x3755c79d62c7c85f:0xa6a2e291af1f0f95!8m2!3d23.8238617!4d90.4296533!16s%2Fg%2F11kb2f9rty!19sChIJX8jHYp3HVTcRlQ8fr5HioqY?authuser=0&hl=en&g_ep=EgoyMDI2MDkwOS4wIJJjKgBIAVAD&rclk=1,4.2,1.3K,"13th floor, Rupayen Shopping Complex, Sayem Sobhan Anvir Rd , Bashundhara R/A, Dhaka",23.823862,90.429653
Turkish Bazaar & Restaurant,Restaurant,Banani,https://www.google.com/maps/place/Turkish+Bazaar+%26+Restaurant/data=!4m7!3m6!1s0x3755c70c20fd0d1f:0x4ac6f8856e86d94f!8m2!3d23.7918905!4d90.4067266!16s%2Fg%2F11g_h748g!19sChIJHw39IAzHVTcRT9mGboX4xko?authuser=0&hl=en&g_ep=EgoyMDI2MDkwMi4wIJJjKgBIAVAD&rclk=1,4.2,1.3K,"House 48/E, 131 Road No 13C, Banani, Dhaka",23.7918905,90.4067266
B.N.C.C. Canteen & Restaurant,Restaurant,Uttara,https://www.google.com/maps/place/B.N.C.C.+Canteen+%26+Restaurant/data=!4m7!3m6!1s0x3755c5c3b24c9419:0xa834d255b154fc8b!8m2!3d23.8707001!4d90.4050447!16s%2Fg%2F11gr5zhw7y!19sChIJGZRMssPFVTcRi_xUsVXSNKg?authuser=0&hl=en&g_ep=EgoyMDI2MDkwOS4wIJJjKgBIAVAD&rclk=1,4.2,1.2K,"Uttara, Dhaka",23.8707,90.405045
Bamboo shoot Gulshan,Restaurant,Gulshan 2,https://www.google.com/maps/place/Bamboo+shoot+Gulshan/data=!4m7!3m6!1s0x3755c7a1bce90fc3:0x7edd08f9123d1698!8m2!3d23.7886695!4d90.4161534!16s%2Fg%2F11cn9856mh!19sChIJww_pvKHHVTcRmBY9EvkI3X4?authuser=0&hl=en&g_ep=EgoyMDI2MDkwMi4wIJJjKgBIAVAD&rclk=1,4.2,1.2K,"Gulshan 2, Dhaka",23.7886695,90.4161534
Barista Dhaka Gulshan 2,Cafe,Gulshan 2,https://www.google.com/maps/search/?api=1&query=Barista+Dhaka+Gulshan+2+Dhaka,4.2,1.2K,"Road 50, Gulshan 2, Dhaka",23.7922,90.4152
Crimson Cup Bashundhara,Cafe,Bashundhara R/A,https://www.google.com/maps/place/Crimson+Cup+Bashundhara/data=!4m7!3m6!1s0x3755c711e40e8421:0x8a8caf14832593ce!8m2!3d23.8234522!4d90.4295978!16s%2Fg%2F11rg8bxkw8!19sChIJIYQO5BHHVTcRzpMlgxSvjIo?authuser=0&hl=en&g_ep=EgoyMDI2MDkwOS4wIJJjKgBIAVAD&rclk=1,4.2,1.2K,"Plot no, 02 Sayem Sobhan Anvir Rd , Bashundhara R/A, Dhaka",23.823452,90.429598
La Mirchi Eatery & Cafe,Cafe,Uttara,https://www.google.com/maps/place/La+Mirchi+Eatery+%26+Cafe/data=!4m7!3m6!1s0x3755c512163198a7:0x4fdd6b2b774bd479!8m2!3d23.8668654!4d90.3932577!16s%2Fg%2F11sg24g5rb!19sChIJp5gxFhLFVTcRedRLdytr3U8?authuser=0&hl=en&g_ep=EgoyMDI2MDkwOS4wIJJjKgBIAVAD&rclk=1,4.2,1.2K,"House-33 / A, Road No. 20 , Uttara, Dhaka",23.866865,90.393258
"Lakeview Restaurant & Bar, Uttara",Restaurant,Uttara,"https://www.google.com/maps/place/Lakeview+Restaurant+%26+Bar,+Uttara/data=!4m7!3m6!1s0x3755c4171b34e5a1:0x6d14c22d6da3931!8m2!3d23.8723698!4d90.3906265!16s%2Fg%2F11f4qq376r!19sChIJoeU0GxfEVTcRMTna1iJM0QY?authuser=0&hl=en&g_ep=EgoyMDI2MDkwOS4wIJJjKgBIAVAD&rclk=1",4.2,1.2K,"Uttara, Dhaka",23.87237,90.390626
Mainland Chinese Blue Uttara,Restaurant,Uttara,https://www.google.com/maps/place/Mainland+Chinese+Blue+Uttara/data=!4m7!3m6!1s0x3755c5fe8fb98f51:0xf490dcf6ec4f360e!8m2!3d23.8623997!4d90.3995023!16s%2Fg%2F11khzbw41c!19sChIJUY-5j_7FVTcRDjZP7PbckPQ?authuser=0&hl=en&g_ep=EgoyMDI2MDkwOS4wIJJjKgBIAVAD&rclk=1,4.2,1.2K,"Plot No 15, 14th Floor, Siaam Tower, Service Rd , Uttara, Dhaka",23.8624,90.399502
Sayor,Restaurant,Uttara,https://www.google.com/maps/place/Sayor/data=!4m7!3m6!1s0x3755c500341840cb:0xa4c9f23ecf410a7c!8m2!3d23.8691652!4d90.3863269!16s%2Fg%2F11y19h5601!19sChIJy0AYNADFVTcRfApBzz7yyaQ?authuser=0&hl=en&g_ep=EgoyMDI2MDkwOS4wIJJjKgBIAVAD&rclk=1,4.2,1.2K,"Uttara, Dhaka",23.869165,90.386327
Star Kabab & Restaurant,Restaurant,Banani,https://www.google.com/maps/place/Star+Kabab+%26+Restaurant/data=!4m7!3m6!1s0x3755c7005430d77b:0x987d760eda694fe!8m2!3d23.793236!4d90.4028755!16s%2Fg%2F11yjsn05c5!19sChIJe9cwVADHVTcR_pSm7WDXhwk?authuser=0&hl=en&g_ep=EgoyMDI2MDkwMi4wIJJjKgBIAVAD&rclk=1,4.2,1.2K,"Block-C, House #15 Road #17, Banani, Dhaka",23.793236,90.4028755
The Cuisine Hub,Restaurant,Mirpur 12,https://www.google.com/maps/place/The+Cuisine+Hub/data=!4m7!3m6!1s0x3755c1ed1386a62b:0x9d35bc68719e212f!8m2!3d23.8298052!4d90.3636598!16s%2Fg%2F11lf2grk1l!19sChIJK6aGE-3BVTcRLyGecWi8NZ0?authuser=0&hl=en&g_ep=EgoyMDI2MDkwMi4wIJJjKgBIAVAD&rclk=1,4.2,1.2K,"Top Floor, Ramjannessa Super Market, 142 Mirpur Senanibash Road, Mirpur 12, Dhaka",23.8298052,90.3636598
The Lone Star Steakhouse Dhanmondi,Restaurant,Dhanmondi,https://www.google.com/maps/place/The+Lone+Star+Steakhouse+Dhanmondi/data=!4m7!3m6!1s0x3755bfd8e068e993:0xce7bf84f2ccaad06!8m2!3d23.7467311!4d90.3713308!16s%2Fg%2F11ppdcnw5s!19sChIJk-lo4Ni_VTcRBq3KLE_4e84?authuser=0&hl=en&g_ep=EgoyMDI2MDkwMi4wIJJjKgBIAVAD&rclk=1,4.2,1.2K,"2nd Floor, House No 99, Road No 11/A, Satmasjid Road, Dhanmondi, Dhaka",23.7467311,90.3713308
"Xinxian Restaurant, Mirpur 1",Restaurant,Mirpur 1,"https://www.google.com/maps/place/Xinxian+Restaurant,+Mirpur+1/data=!4m7!3m6!1s0x3755c12b65acd8b7:0x17b209918f8dce52!8m2!3d23.7997511!4d90.354356!16s%2Fg%2F11n74d4vx3!19sChIJt9isZSvBVTcRUs6Nj5EJshc?authuser=0&hl=en&g_ep=EgoyMDI2MDkwMi4wIJJjKgBIAVAD&rclk=1",4.2,1.2K,"Mirpur 1, Dhaka",23.7997511,90.354356
Mithai Cafe & Bakery Shantinagar,Cafe,Shantinagar,https://www.google.com/maps/search/?api=1&query=Mithai+Shantinagar+Dhaka,4.2,1.1K,"Bazaar Mor, Shantinagar, Dhaka",23.737,90.413
Second Cup Coffee Gulshan 1,Cafe,Gulshan 1,https://www.google.com/maps/search/?api=1&query=Second+Cup+Coffee+Gulshan+1+Dhaka,4.2,1.1K,"Police Plaza, Gulshan 1, Dhaka",23.7755,90.413
"Spaghetti Jazz, Dhaka",Restaurant,Gulshan 2,"https://www.google.com/maps/place/Spaghetti+Jazz,+Dhaka/data=!4m7!3m6!1s0x3755c7a6f8cab4eb:0x13f527876dcd7594!8m2!3d23.7952438!4d90.4143379!16s%2Fg%2F1ts3czt9!19sChIJ67TK-KbHVTcRlHXNbYcn9RM?authuser=0&hl=en&g_ep=EgoyMDI2MDkwMi4wIJJjKgBIAVAD&rclk=1",4.2,1.1K,"Gulshan 2, Dhaka",23.7952438,90.4143379
Takeout Mirpur 11,Restaurant,Mirpur 11,https://www.google.com/maps/place/Takeout+Mirpur+11/data=!4m7!3m6!1s0x3755c1ba6ef23523:0xc100c3eb73432181!8m2!3d23.8180955!4d90.3652048!16s%2Fg%2F11ft8skr_g!19sChIJIzXybrrBVTcRgSFDc-vDAME?authuser=0&hl=en&g_ep=EgoyMDI2MDkwMi4wIJJjKgBIAVAD&rclk=1,4.2,1.1K,"Mirpur 11, Dhaka",23.8180955,90.3652048
Bake & Brew Mirpur 10,Cafe,Mirpur 10,https://www.google.com/maps/search/?api=1&query=Bake+and+Brew+Mirpur+10+Dhaka,4.2,980,"Roundabout area, Mirpur 10, Dhaka",23.807,90.3698
NORTH END coffee roasters Evercare Hospital,Cafe,Bashundhara R/A,https://www.google.com/maps/place/NORTH+END+coffee+roasters+Evercare+Hospital/data=!4m7!3m6!1s0x3755c63542ffebe7:0x9cb428140592948c!8m2!3d23.8102755!4d90.4313171!16s%2Fg%2F11csqwqqvl!19sChIJ5-v_QjXGVTcRjJSSBRQotJw?authuser=0&hl=en&g_ep=EgoyMDI2MDkwOS4wIJJjKgBIAVAD&rclk=1,4.2,961,"Plot 81, Plot 81 , Bashundhara R/A, Dhaka",23.810275,90.431317
Toasted Cafe Mirpur 11,Cafe,Mirpur 11,https://www.google.com/maps/search/?api=1&query=Toasted+Cafe+Mirpur+11+Dhaka,4.2,950,"Block D, Pallabi, Mirpur 11, Dhaka",23.8175,90.365
Khao San - Dhanmondi,Restaurant,Dhanmondi,https://www.google.com/maps/place/Khao+San+-+Dhanmondi/data=!4m7!3m6!1s0x3755b95781389031:0x8f10083dc740c908!8m2!3d23.7382796!4d90.37821!16s%2Fg%2F11kb96p144!19sChIJMZA4gVe5VTcRCMlAxz0IEI8?authuser=0&hl=en&g_ep=EgoyMDI2MDkwMi4wIJJjKgBIAVAD&rclk=1,4.2,927,"Level 5, Ahmad & Kazi Tower, House 35 2, Dhanmondi, Dhaka",23.7382796,90.37821
Cha Chakra Shantinagar,Cafe,Shantinagar,https://www.google.com/maps/search/?api=1&query=Cha+Chakra+Shantinagar+Dhaka,4.2,910,"Road, Shantinagar, Dhaka",23.7375,90.4125
Chayer Golpo Mirpur 11,Cafe,Mirpur 11,https://www.google.com/maps/search/?api=1&query=Chayer+Golpo+Mirpur+11+Dhaka,4.2,890,"Metro Area, Mirpur 11, Dhaka",23.818,90.3658
Coffee Factory Khilgaon,Cafe,Khilgaon,https://www.google.com/maps/search/?api=1&query=Coffee+Factory+Khilgaon+Dhaka,4.2,890,"Shahid Baki Road, Khilgaon, Dhaka",23.7525,90.4218
Boncafe Uttara,Cafe,Uttara,https://www.google.com/maps/place/Boncafe+Uttara/data=!4m7!3m6!1s0x3755c421ae44598d:0xdf5cb4e23922272d!8m2!3d23.8613664!4d90.3959175!16s%2Fg%2F11g6wstlzl!19sChIJjVlEriHEVTcRLSciOeK0XN8?authuser=0&hl=en&g_ep=EgoyMDI2MDkwOS4wIJJjKgBIAVAD&rclk=1,4.2,822,"Jashimuddin Rd , Uttara, Dhaka",23.861366,90.395917
Prezzie,Cafe,Dhanmondi,https://www.google.com/maps/place/Prezzie/data=!4m7!3m6!1s0x3755bf2b3e3519f1:0x597f254c3b8fe06e!8m2!3d23.752979!4d90.3693431!16s%2Fg%2F11fq_fkwg1!19sChIJ8Rk1Piu_VTcRbuCPO0wlf1k?authuser=0&hl=en&g_ep=EgoyMDI2MDkwMi4wIJJjKgBIAVAD&rclk=1,4.2,762,"House- 46, Rangs Nasim Square, Road-27 (old, Dhanmondi, Dhaka",23.752979,90.3693431
Bread & Beyond - Uttara,Cafe,Uttara,https://www.google.com/maps/place/Bread+%26+Beyond+-+Uttara/data=!4m7!3m6!1s0x3755c421ae3105a7:0x2dc98eba81247612!8m2!3d23.861151!4d90.3975651!16s%2Fg%2F11cn9spmbf!19sChIJpwUxriHEVTcREnYkgbqOyS0?authuser=0&hl=en&g_ep=EgoyMDI2MDkwOS4wIJJjKgBIAVAD&rclk=1,4.2,735,"Jashimuddin Avenue, House #14 Road-1 , Uttara, Dhaka",23.861151,90.397565
Cafe Cloud 9 Mirpur 1,Cafe,Mirpur 1,https://www.google.com/maps/search/?api=1&query=Cafe+Cloud+9+Mirpur+1+Dhaka,4.2,730,"Zoo Road, Mirpur 1, Dhaka",23.8047,90.3528
Cozmo Cafe & Bistro,Cafe,Bashundhara R/A,https://www.google.com/maps/place/Cozmo+Cafe+%26+Bistro/data=!4m7!3m6!1s0x3755c716c5067a77:0x5964ccbda016b3c5!8m2!3d23.8239912!4d90.4295069!16s%2Fg%2F11vb93sdc4!19sChIJd3oGxRbHVTcRxbMWoL3MZFk?authuser=0&hl=en&g_ep=EgoyMDI2MDkwOS4wIJJjKgBIAVAD&rclk=1,4.2,709,"2 Sayem Sobhan Anvir Rd , Bashundhara R/A, Dhaka",23.823991,90.429507
Grand Lounge Restaurant,Restaurant,Dhanmondi,https://www.google.com/maps/place/Grand+Lounge+Restaurant/data=!4m7!3m6!1s0x3755bf0023c3c801:0x6b1715723d47da15!8m2!3d23.7461679!4d90.3716859!16s%2Fg%2F11vwwht9b4!19sChIJAcjDIwC_VTcRFdpHPXIVF2s?authuser=0&hl=en&g_ep=EgoyMDI2MDkwMi4wIJJjKgBIAVAD&rclk=1,4.2,691,"House # 54, Road # 10/A, Satmasjid Road, Dhanmondi, Dhaka",23.7461679,90.3716859
Brew & Chew Mirpur 12,Cafe,Mirpur 12,https://www.google.com/maps/search/?api=1&query=Brew+and+Chew+Mirpur+12+Dhaka,4.2,670,"Block A, Mirpur 12, Dhaka",23.8272,90.3618
"Celebrate Cafe & Restaurant (Pallabi, Mirpur)",Cafe,Mirpur 11,"https://www.google.com/maps/place/Celebrate+Cafe+%26+Restaurant+%28Pallabi,+Mirpur%29/data=!4m7!3m6!1s0x3755c131b1e2e71b:0x7f258db3c2be96e!8m2!3d23.8244914!4d90.367992!16s%2Fg%2F11f2q4sp1q!19sChIJG-fisTHBVTcRbukrPNtY8gc?authuser=0&hl=en&g_ep=EgoyMDI2MDkwMi4wIJJjKgBIAVAD&rclk=1",4.2,620,"House 191 রোড নং ১০, Mirpur 11, Dhaka",23.8244914,90.367992
Bamboo Shoot,Restaurant,Uttara,https://www.google.com/maps/place/Bamboo+Shoot/data=!4m7!3m6!1s0x3755c426c18e7fe3:0xf4618c00357b3e28!8m2!3d23.8621715!4d90.3995737!16s%2Fg%2F11c60nv_pc!19sChIJ43-OwSbEVTcRKD57NQCMYfQ?authuser=0&hl=en&g_ep=EgoyMDI2MDkwOS4wIJJjKgBIAVAD&rclk=1,4.2,608,"Paradise Tower, 12th floor, Plot 11, Sector 3, Uttara, Dhaka-1230. Beside Aarong , Uttara, Dhaka",23.862171,90.399574
The Red Chamber,Restaurant,Gulshan 2,https://www.google.com/maps/place/The+Red+Chamber/data=!4m7!3m6!1s0x3755c71ab71a7199:0x132f275e2d5f1391!8m2!3d23.7951889!4d90.4148153!16s%2Fg%2F11q2yh5k4t!19sChIJmXEatxrHVTcRkRNfLV4nLxM?authuser=0&hl=en&g_ep=EgoyMDI2MDkwMi4wIJJjKgBIAVAD&rclk=1,4.2,557,"Gulshan 2, Dhaka",23.7951889,90.4148153
Coffee Avenue,Cafe,Dhanmondi,https://www.google.com/maps/place/Coffee+Avenue/data=!4m7!3m6!1s0x3755bf98fb5e73d1:0x57bb7446b1384f4e!8m2!3d23.7512762!4d90.3676595!16s%2Fg%2F11kbfy1mpd!19sChIJ0XNe-5i_VTcRTk84sUZ0u1c?authuser=0&hl=en&g_ep=EgoyMDI2MDkwMi4wIJJjKgBIAVAD&rclk=1,4.2,533,"2rd floor Old, Concord Mumtaz Karim Heritage, 776 Satmasjid Road, Dhanmondi, Dhaka",23.7512762,90.3676595
Burger Lab Uttara,Restaurant,Uttara,https://www.google.com/maps/place/Burger+Lab+Uttara/data=!4m7!3m6!1s0x3755c586fa549745:0xde90383fc354b1c0!8m2!3d23.8761052!4d90.3909806!16s%2Fg%2F11spdkg07b!19sChIJRZdU-obFVTcRwLFUwz84kN4?authuser=0&hl=en&g_ep=EgoyMDI2MDkwOS4wIJJjKgBIAVAD&rclk=1,4.2,493,"House-16 Gareeb-e-Nawaz Ave , Uttara, Dhaka",23.876105,90.390981
Dream Cafe,Cafe,Mirpur 1,https://www.google.com/maps/place/Dream+Cafe/data=!4m7!3m6!1s0x3755c18aeeb1831d:0x713c6432edb44560!8m2!3d23.7906303!4d90.3484649!16s%2Fg%2F11h8xy9rmg!19sChIJHYOx7orBVTcRYEW07TJkPHE?authuser=0&hl=en&g_ep=EgoyMDI2MDkwMi4wIJJjKgBIAVAD&rclk=1,4.2,482,"116 Mazar Rd, Mirpur 1, Dhaka",23.7906303,90.3484649
Shang High Dhanmondi,Restaurant,Dhanmondi,https://www.google.com/maps/place/Shang+High+Dhanmondi/data=!4m7!3m6!1s0x3755b909043ecf5f:0xc98a12cc639e669d!8m2!3d23.7404843!4d90.3751577!16s%2Fg%2F11xsvk2jnz!19sChIJX88-BAm5VTcRnWaeY8wSisk?authuser=0&hl=en&g_ep=EgoyMDI2MDkwMi4wIJJjKgBIAVAD&rclk=1,4.2,474,"Level 3, Suvastu Rialto Tower, 53/1 Sat Masjid Road, Road No. 4A, Dhanmondi, Dhaka",23.7404843,90.3751577
"Broast Cafe, Dhaka",Cafe,Uttara,"https://www.google.com/maps/place/Broast+Cafe,+Dhaka/data=!4m7!3m6!1s0x3755c5d8cbfda763:0x48a6682d655601db!8m2!3d23.8714101!4d90.3906839!16s%2Fg%2F11g2pdk35f!19sChIJY6f9y9jFVTcR2wFWZS1opkg?authuser=0&hl=en&g_ep=EgoyMDI2MDkwOS4wIJJjKgBIAVAD&rclk=1",4.2,468,"Super House, 25 Garib-E-Newaz Ave , Uttara, Dhaka",23.87141,90.390684
Steakout Dhanmondi,Restaurant,Dhanmondi,https://www.google.com/maps/place/Steakout+Dhanmondi/data=!4m7!3m6!1s0x3755b90037c87ca3:0x2954f2d852e81bcf!8m2!3d23.7394491!4d90.3757379!16s%2Fg%2F11wps3979w!19sChIJo3zINwC5VTcRzxvoUtjyVCk?authuser=0&hl=en&g_ep=EgoyMDI2MDkwMi4wIJJjKgBIAVAD&rclk=1,4.2,438,"House#53, Block-C, Level#5, Bus Stand, ANZ square, Satmasjid Road, Dhanmondi, Dhaka",23.7394491,90.3757379
Bismillah Biriyani House,Restaurant,Mirpur 12,https://www.google.com/maps/place/Bismillah+Biriyani+House/data=!4m7!3m6!1s0x3755c168eb71fa07:0xcbfdadd7958118f7!8m2!3d23.8289452!4d90.367935!16s%2Fg%2F11qggb0sh0!19sChIJB_px62jBVTcR9xiBldet_cs?authuser=0&hl=en&g_ep=EgoyMDI2MDkwMi4wIJJjKgBIAVAD&rclk=1,4.2,415,"R9H9+H5F, Road No. 1, Mirpur 12, Dhaka",23.8289452,90.367935
Melting Pot (Mirpur 12),Restaurant,Mirpur 12,https://www.google.com/maps/place/Melting+Pot+%28Mirpur+12%29/data=!4m7!3m6!1s0x3755c1b3214fbb57:0x25598e816513bbfe!8m2!3d23.8298349!4d90.3636471!16s%2Fg%2F11k585xdh0!19sChIJV7tPIbPBVTcR_rsTZYGOWSU?authuser=0&hl=en&g_ep=EgoyMDI2MDkwMi4wIJJjKgBIAVAD&rclk=1,4.2,403,"2 No Harunabad, Ramzannessa Super Market (1st floor Front Side, 142 Senanibash Road · Casual restaurant chain for fondue meals, Mirpur 12, Dhaka",23.8298349,90.3636471
Waffle Time Uttara,Restaurant,Uttara,https://www.google.com/maps/place/Waffle+Time+Uttara/data=!4m7!3m6!1s0x3755c57bf4505771:0xd7e97a6dd99773d3!8m2!3d23.8677142!4d90.3939829!16s%2Fg%2F11sb9lqp8h!19sChIJcVdQ9HvFVTcR03OX2W166dc?authuser=0&hl=en&g_ep=EgoyMDI2MDkwOS4wIJJjKgBIAVAD&rclk=1,4.2,375,"House: 6 Lake Drive Rd , Uttara, Dhaka",23.867714,90.393983
90's Dhaka,Restaurant,Uttara,https://www.google.com/maps/place/90%27s+Dhaka/data=!4m7!3m6!1s0x3755c521a07a49dd:0xe3f820125536b7a!8m2!3d23.874597!4d90.3948305!16s%2Fg%2F11p66w8zhw!19sChIJ3Ul6oCHFVTcRemtTJQGCPw4?authuser=0&hl=en&g_ep=EgoyMDI2MDkwOS4wIJJjKgBIAVAD&rclk=1,4.2,367,"60 Sonargaon Janapath Rd , Uttara, Dhaka",23.874597,90.39483
Oven Fresh,Restaurant,Uttara,https://www.google.com/maps/place/Oven+Fresh/data=!4m7!3m6!1s0x3755c5b00387178b:0xa8141b2aff5bb01d!8m2!3d23.8714764!4d90.3992753!16s%2Fg%2F11s58plty1!19sChIJixeHA7DFVTcRHbBb_yobFKg?authuser=0&hl=en&g_ep=EgoyMDI2MDkwOS4wIJJjKgBIAVAD&rclk=1,4.2,361,"House No: 8, Road No: 28, 1 Road-28 , Uttara, Dhaka",23.871476,90.399275
Secret Recipe Uttara Sector13 Standard Outlet,Cafe,Uttara,https://www.google.com/maps/place/Secret+Recipe+Uttara+Sector13+Standard+Outlet/data=!4m7!3m6!1s0x3755c562ddd1c8d3:0x10789a58605c0de7!8m2!3d23.8696249!4d90.3898637!16s%2Fg%2F11p5rqzwq2!19sChIJ08jR3WLFVTcR5w1cYFiaeBA?authuser=0&hl=en&g_ep=EgoyMDI2MDkwOS4wIJJjKgBIAVAD&rclk=1,4.2,358,"Uttara, Dhaka",23.869625,90.389864
Tree House Dhanmondi,Restaurant,Dhanmondi,https://www.google.com/maps/place/Tree+House+Dhanmondi/data=!4m7!3m6!1s0x3755b9a78d5d075d:0xc32027b256be2017!8m2!3d23.738899!4d90.378856!16s%2Fg%2F11sgl1cp9g!19sChIJXQddjae5VTcRFyC-VrInIMM?authuser=0&hl=en&g_ep=EgoyMDI2MDkwMi4wIJJjKgBIAVAD&rclk=1,4.2,343,"11th Floor, Rangs Fortune Square, Plot 32 Road No. 2, Dhanmondi, Dhaka",23.738899,90.378856
Sushi Momo Uttara,Restaurant,Uttara,https://www.google.com/maps/place/Sushi+Momo+Uttara/data=!4m7!3m6!1s0x3755c547982322e3:0x10e98d0f7d6c87f2!8m2!3d23.8711388!4d90.4016604!16s%2Fg%2F11r_x28vn3!19sChIJ4yIjmEfFVTcR8odsfQ-N6RA?authuser=0&hl=en&g_ep=EgoyMDI2MDkwOS4wIJJjKgBIAVAD&rclk=1,4.2,307,"House 7, Eshakha Avenue, sector 6, Uttara, Opposite by Rajuk College gate 3, beside Sarabela , Uttara, Dhaka",23.871139,90.40166
Brew Buddies,Cafe,Dhanmondi,https://www.google.com/maps/place/Brew+Buddies/data=!4m7!3m6!1s0x3755bf0935ee859f:0xab267691e458590d!8m2!3d23.7511533!4d90.3676697!16s%2Fg%2F11xdsbp24l!19sChIJn4XuNQm_VTcRDVlY5JF2Jqs?authuser=0&hl=en&g_ep=EgoyMDI2MDkwMi4wIJJjKgBIAVAD&rclk=1,4.2,304,"Concord Sohel Square, 75 Satmasjid Road, Dhanmondi, Dhaka",23.7511533,90.3676697
Green & Pepper Restaurant,Restaurant,Bashundhara R/A,https://www.google.com/maps/place/Green+%26+Pepper+Restaurant/data=!4m7!3m6!1s0x3755c7397881859d:0x7729423c9c826200!8m2!3d23.8141077!4d90.4379684!16s%2Fg%2F11s0wjp2gt!19sChIJnYWBeDnHVTcRAGKCnDxCKXc?authuser=0&hl=en&g_ep=EgoyMDI2MDkwOS4wIJJjKgBIAVAD&rclk=1,4.2,290,"Plot 1115 Rd 17 , Bashundhara R/A, Dhaka",23.814108,90.437968
কোকো ক্যাফে ~ মিরপুর,Cafe,Mirpur 1,https://www.google.com/maps/place/%E0%A6%95%E0%A7%8B%E0%A6%95%E0%A7%8B+%E0%A6%95%E0%A7%8D%E0%A6%AF%E0%A6%BE%E0%A6%AB%E0%A7%87+~+%E0%A6%AE%E0%A6%BF%E0%A6%B0%E0%A6%AA%E0%A7%81%E0%A6%B0/data=!4m7!3m6!1s0x3755c1b5d8990d3b:0x668477b7533fffb5!8m2!3d23.8002792!4d90.3547905!16s%2Fg%2F11j7vy86d3!19sChIJOw2Z2LXBVTcRtf8_U7d3hGY?authuser=0&hl=en&g_ep=EgoyMDI2MDkwMi4wIJJjKgBIAVAD&rclk=1,4.2,288,"Zoo Road, Mirpur 1, Dhaka",23.8002792,90.3547905
Cornucopia,Restaurant,Mirpur 10,https://www.google.com/maps/place/Cornucopia/data=!4m7!3m6!1s0x3755c1ebb3bbcb8d:0x64238cdaa5c2aff4!8m2!3d23.8085258!4d90.3727885!16s%2Fg%2F11h_z6tg8f!19sChIJjcu7s-vBVTcR9K_CpdqMI2Q?authuser=0&hl=en&g_ep=EgoyMDI2MDkwMi4wIJJjKgBIAVAD&rclk=1,4.2,285,"House no. 6, Road 18, Block B Roundabout, Mirpur 10, Dhaka",23.8085258,90.3727885
Coffee Lime ~ Bashundhara,Cafe,Bashundhara R/A,https://www.google.com/maps/place/Coffee+Lime+~+Bashundhara/data=!4m7!3m6!1s0x3755c64d69fd3a1d:0xc5df47a1f1a58a9e!8m2!3d23.8117989!4d90.4227939!16s%2Fg%2F11g6qt_pqt!19sChIJHTr9aU3GVTcRnoql8aFH38U?authuser=0&hl=en&g_ep=EgoyMDI2MDkwOS4wIJJjKgBIAVAD&rclk=1,4.2,275,"Ka-54/3, 1229 Bashundhara Rd , Bashundhara R/A, Dhaka",23.811799,90.422794
One Pin Coffee Restaurant,Cafe,Uttara,https://www.google.com/maps/place/One+Pin+Coffee+Restaurant/data=!4m7!3m6!1s0x3755c54d1671923d:0x7aee89b0d44507a7!8m2!3d23.8741023!4d90.3904344!16s%2Fg%2F11qnt918gf!19sChIJPZJxFk3FVTcRpwdF1LCJ7no?authuser=0&hl=en&g_ep=EgoyMDI2MDkwOS4wIJJjKgBIAVAD&rclk=1,4.2,275,"Grand Zamzam Tower, Sonargaon Janapath Rd , Uttara, Dhaka",23.874102,90.390434
Twelve30 Cafe,Cafe,Uttara,https://www.google.com/maps/place/Twelve30+Cafe/data=!4m7!3m6!1s0x3755c5bfc7acd0e9:0xc859cb3ef543c798!8m2!3d23.8633662!4d90.3939193!16s%2Fg%2F11rk9lp72x!19sChIJ6dCsx7_FVTcRmMdD9T7LWcg?authuser=0&hl=en&g_ep=EgoyMDI2MDkwOS4wIJJjKgBIAVAD&rclk=1,4.2,269,"House# 25 সড়ক-১৮ , Uttara, Dhaka",23.863366,90.393919
Sugarpuffs,Cafe,Banani,https://www.google.com/maps/place/Sugarpuffs/data=!4m7!3m6!1s0x3755c740f311836b:0xd48794fe8cfd5d5b!8m2!3d23.7913388!4d90.4078275!16s%2Fg%2F11gjnm5z4d!19sChIJa4MR80DHVTcRW139jP6Uh9Q?authuser=0&hl=en&g_ep=EgoyMDI2MDkwMi4wIJJjKgBIAVAD&rclk=1,4.2,263,"House 134 Rd 12, Banani, Dhaka",23.7913388,90.4078275
Iceland Coffee,Cafe,Uttara,https://www.google.com/maps/place/Iceland+Coffee/data=!4m7!3m6!1s0x3755c5001c0014a1:0xffdcc8f627de1dd0!8m2!3d23.8695384!4d90.3857818!16s%2Fg%2F11wqq66qq9!19sChIJoRQAHADFVTcR0B3eJ_bI3P8?authuser=0&hl=en&g_ep=EgoyMDI2MDkwOS4wIJJjKgBIAVAD&rclk=1,4.2,255,"Uttara, Dhaka",23.869538,90.385782
Daily Daawat- Gulshan 1,Restaurant,Gulshan 1,https://www.google.com/maps/place/Daily+Daawat-+Gulshan+1/data=!4m7!3m6!1s0x3755c7000c1329b7:0x38c95b93bb52e6e5!8m2!3d23.7834896!4d90.4162259!16s%2Fg%2F11xknjp0vj!19sChIJtykTDADHVTcR5eZSu5NbyTg?authuser=0&hl=en&g_ep=EgoyMDI2MDkwMi4wIJJjKgBIAVAD&rclk=1,4.2,204,"House-2 (1st floor, Rd 24, Gulshan 1, Dhaka",23.7834896,90.4162259
Mr.Baker Cake And Pastry Shop Ltd,Cafe,Uttara,https://www.google.com/maps/place/Mr.Baker+Cake+And+Pastry+Shop+Ltd/data=!4m7!3m6!1s0x3755c423132b0465:0x667c3e2278c583d9!8m2!3d23.8677914!4d90.3970705!16s%2Fg%2F11bbwpm67s!19sChIJZQQrEyPEVTcR2YPFeCI-fGY?authuser=0&hl=en&g_ep=EgoyMDI2MDkwOS4wIJJjKgBIAVAD&rclk=1,4.2,185,"house-20 Rabindra Sarani , Uttara, Dhaka",23.867791,90.39707
Brew Splash Bashundhara R/A,Cafe,Bashundhara R/A,https://www.google.com/maps/place/Brew+Splash+Bashundhara+R%2FA/data=!4m7!3m6!1s0x3755c70022ca2bd3:0x68b4a05f3c9f2ee1!8m2!3d23.8143493!4d90.4385557!16s%2Fg%2F11yb7hhjgt!19sChIJ0yvKIgDHVTcR4S6fPF-gtGg?authuser=0&hl=en&g_ep=EgoyMDI2MDkwOS4wIJJjKgBIAVAD&rclk=1,4.2,183,"Plot- 1136/A, Japan Street , Bashundhara R/A, Dhaka",23.814349,90.438556
Kyoto Bangladesh,Restaurant,Uttara,https://www.google.com/maps/place/Kyoto+Bangladesh/data=!4m7!3m6!1s0x3755c54cdbf02035:0x5292c6b70406a382!8m2!3d23.867538!4d90.3941149!16s%2Fg%2F11v_43txdh!19sChIJNSDw20zFVTcRgqMGBLfGklI?authuser=0&hl=en&g_ep=EgoyMDI2MDkwOS4wIJJjKgBIAVAD&rclk=1,4.2,180,"House No-1, 9th Floor, Vivek Heights, Road No. 18 , Uttara, Dhaka",23.867538,90.394115
Java House,Cafe,Dhanmondi,https://www.google.com/maps/place/Java+House/data=!4m7!3m6!1s0x3755b900563ebe97:0xc06037b66925ae71!8m2!3d23.7383416!4d90.3779492!16s%2Fg%2F11lyry3z92!19sChIJl74-VgC5VTcRca4labY3YMA?authuser=0&hl=en&g_ep=EgoyMDI2MDkwMi4wIJJjKgBIAVAD&rclk=1,4.2,144,"House#37 4th Floor, Khan ABC Tradeplex, Road#02, Dhanmondi, Dhaka",23.7383416,90.3779492
Takeout Bashundhara,Restaurant,Bashundhara R/A,https://www.google.com/maps/place/Takeout+Bashundhara/data=!4m7!3m6!1s0x3755c9002d0b8a3d:0xc1f21944703ccc4b!8m2!3d23.8119145!4d90.4387115!16s%2Fg%2F11xnnmtgtw!19sChIJPYoLLQDJVTcRS8w8cEQZ8sE?authuser=0&hl=en&g_ep=EgoyMDI2MDkwOS4wIJJjKgBIAVAD&rclk=1,4.2,134,"Plot-1317, Road-30,31, Sonia Sobhan 5th Avenue Block-I , Bashundhara R/A, Dhaka",23.811915,90.438711
Mr. Baker,Cafe,Uttara,https://www.google.com/maps/place/Mr.+Baker/data=!4m7!3m6!1s0x3755c426d06f778d:0x1beabab441f95c65!8m2!3d23.8615416!4d90.3989254!16s%2Fg%2F11f25w8yw7!19sChIJjXdv0CbEVTcRZVz5QbS66hs?authuser=0&hl=en&g_ep=EgoyMDI2MDkwOS4wIJJjKgBIAVAD&rclk=1,4.2,131,"Uttara, Dhaka",23.861542,90.398925
1st Cup Coffee Business Brunch,Cafe,Uttara,https://www.google.com/maps/place/1st+Cup+Coffee+Business+Brunch/data=!4m7!3m6!1s0x3755c5aab411eb37:0x7ac352ebc9edff17!8m2!3d23.8612621!4d90.3995174!16s%2Fg%2F11p5l7v07c!19sChIJN-sRtKrFVTcRF__tyetSw3o?authuser=0&hl=en&g_ep=EgoyMDI2MDkwOS4wIJJjKgBIAVAD&rclk=1,4.2,119,"Uttara, Dhaka",23.861262,90.399517
Churrasco,Restaurant,Khilgaon,https://www.google.com/maps/place/Churrasco/data=!4m7!3m6!1s0x3755b9001a1cefef:0x7eeb50d0082618e2!8m2!3d23.751821!4d90.4220968!16s%2Fg%2F11wq9tw09t!19sChIJ7-8cGgC5VTcR4hgmCNBQ634?authuser=0&hl=en&g_ep=EgoyMDI2MDkwMi4wIJJjKgBIAVAD&rclk=1,4.2,114,"Khilgaon, Dhaka",23.751821,90.4220968
Sangam Square Cafe & Restaurant,Cafe,Uttara,https://www.google.com/maps/place/Sangam+Square+Cafe+%26+Restaurant/data=!4m7!3m6!1s0x3755c57405249b1b:0xb70c43fc2677d4c4!8m2!3d23.8675028!4d90.3941162!16s%2Fg%2F11wb07syl2!19sChIJG5skBXTFVTcRxNR3JvxDDLc?authuser=0&hl=en&g_ep=EgoyMDI2MDkwOS4wIJJjKgBIAVAD&rclk=1,4.2,113,"Fl 13, House, 1 Road-18 , Uttara, Dhaka",23.867503,90.394116
Coopers,Cafe,Uttara,https://www.google.com/maps/place/Coopers/data=!4m7!3m6!1s0x3755c533cb50e53b:0x27f02e775898b2d5!8m2!3d23.8710226!4d90.3837638!16s%2Fg%2F11lkx3y66d!19sChIJO-VQyzPFVTcR1bKYWHcu8Cc?authuser=0&hl=en&g_ep=EgoyMDI2MDkwOS4wIJJjKgBIAVAD&rclk=1,4.2,107,"Uttara, Dhaka",23.871023,90.383764
BeanBuzz Coffee & Bistro,Cafe,Uttara,https://www.google.com/maps/place/BeanBuzz+Coffee+%26+Bistro/data=!4m7!3m6!1s0x3755c5004a48ae65:0x3d6332bdbd756e4d!8m2!3d23.8672707!4d90.3949244!16s%2Fg%2F11wxv37ymy!19sChIJZa5ISgDFVTcRTW51vb0yYz0?authuser=0&hl=en&g_ep=EgoyMDI2MDkwOS4wIJJjKgBIAVAD&rclk=1,4.2,102,"House-45(1st Floor, Road-15 Rabindra Sarani , Uttara, Dhaka",23.867271,90.394924
Crimson Cup Bailey Road,Cafe,Shantinagar,https://www.google.com/maps/place/Crimson+Cup+Bailey+Road/data=!4m7!3m6!1s0x3755b90061743b9b:0xdad55e674dec297e!8m2!3d23.7420971!4d90.40966!16s%2Fg%2F11x0761np5!19sChIJmzt0YQC5VTcRfinsTWde1do?authuser=0&hl=en&g_ep=EgoyMDI2MDkwMi4wIJJjKgBIAVAD&rclk=1,4.2,96,"PCR5+VV2, 8 Bailey Rd, Shantinagar, Dhaka",23.7420971,90.40966
Sukumvit Thai Restaurant,Restaurant,Gulshan 2,https://www.google.com/maps/place/Sukumvit+Thai+Restaurant/data=!4m7!3m6!1s0x3755c700550141b7:0x88351339f8e585c1!8m2!3d23.7949294!4d90.4132524!16s%2Fg%2F11mlv1lldl!19sChIJt0EBVQDHVTcRwYXl-DkTNYg?authuser=0&hl=en&g_ep=EgoyMDI2MDkwMi4wIJJjKgBIAVAD&rclk=1,4.2,94,"Level-5, Elegant Tower, House-42 Rd 52, Gulshan 2, Dhaka",23.7949294,90.4132524
Bella Italia,Restaurant,Uttara,https://www.google.com/maps/place/Bella+Italia/data=!4m7!3m6!1s0x3755c52c2c529fe9:0x7259640f17cb5608!8m2!3d23.8745095!4d90.39273!16s%2Fg%2F11l2zj31fm!19sChIJ6Z9SLCzFVTcRCFbLFw9kWXI?authuser=0&hl=en&g_ep=EgoyMDI2MDkwOS4wIJJjKgBIAVAD&rclk=1,4.2,93,"Plot 6 Sonargaon Janapath Rd Relaxed restaurant for Italian dining, Uttara, Dhaka",23.874509,90.39273
Brew Buddies,Cafe,Uttara,https://www.google.com/maps/place/Brew+Buddies/data=!4m7!3m6!1s0x3755c51deff9d27f:0x79afd0632febf261!8m2!3d23.8672614!4d90.3949183!16s%2Fg%2F11z8bqr9mk!19sChIJf9L57x3FVTcRYfLrL2PQr3k?authuser=0&hl=en&g_ep=EgoyMDI2MDkwOS4wIJJjKgBIAVAD&rclk=1,4.2,93,"House-45(2nd Floor, Road-15 Rabindra Sarani , Uttara, Dhaka",23.867261,90.394918
Cha & Chill | Uttara Sector 5,Restaurant,Uttara,https://www.google.com/maps/place/Cha+%26+Chill+%7C+Uttara+Sector+5/data=!4m7!3m6!1s0x3755c50054d80b7d:0xe90ac29476b5e707!8m2!3d23.8653569!4d90.3912461!16s%2Fg%2F11wn8k_2lj!19sChIJfQvYVADFVTcRB-e1dpTCCuk?authuser=0&hl=en&g_ep=EgoyMDI2MDkwOS4wIJJjKgBIAVAD&rclk=1,4.2,90,"V98R+4GR, House-5 Rd No 4 , Uttara, Dhaka",23.865357,90.391246
Cup of Beans,Cafe,Bashundhara R/A,https://www.google.com/maps/place/Cup+of+Beans/data=!4m7!3m6!1s0x3755c64cef76699b:0x4b2056d5197acf0d!8m2!3d23.8122415!4d90.4247471!16s%2Fg%2F11c4hrmy63!19sChIJm2l270zGVTcRDc96GdVWIEs?authuser=0&hl=en&g_ep=EgoyMDI2MDkwOS4wIJJjKgBIAVAD&rclk=1,4.2,89,"Lift-5, Rahman AJ Trade Center, Bashundhara Rd , Bashundhara R/A, Dhaka",23.812241,90.424747
Delifrance Uttara,Cafe,Uttara,https://www.google.com/maps/place/Delifrance+Uttara/data=!4m7!3m6!1s0x3755c50048e312c3:0x4d77eba5d545c246!8m2!3d23.8691119!4d90.3863531!16s%2Fg%2F11lv_m1rz9!19sChIJwxLjSADFVTcRRsJF1aXrd00?authuser=0&hl=en&g_ep=EgoyMDI2MDkwOS4wIJJjKgBIAVAD&rclk=1,4.2,88,"Uttara, Dhaka",23.869112,90.386353
Cake Storys Uttara 13,Cafe,Uttara,https://www.google.com/maps/place/Cake+Storys+Uttara+13/data=!4m7!3m6!1s0x3755c54aed961699:0x9d9a5e2a9f69ae02!8m2!3d23.8709738!4d90.3841253!16s%2Fg%2F11t2svtg4s!19sChIJmRaW7UrFVTcRAq5pnypemp0?authuser=0&hl=en&g_ep=EgoyMDI2MDkwOS4wIJJjKgBIAVAD&rclk=1,4.2,69,"Uttara, Dhaka",23.870974,90.384125
Waffle Time Bashundhara,Restaurant,Bashundhara R/A,https://www.google.com/maps/place/Waffle+Time+Bashundhara/data=!4m7!3m6!1s0x3755c7def812eaf5:0x9fd2d0576a5bf539!8m2!3d23.8124068!4d90.4249352!16s%2Fg%2F11thdj6p_l!19sChIJ9eoS-N7HVTcROfVbalfQ0p8?authuser=0&hl=en&g_ep=EgoyMDI2MDkwOS4wIJJjKgBIAVAD&rclk=1,4.2,65,"Rahman Tower (Ground Floor), Opposite to Jamuna Old Pocket Gate, Road , Bashundhara R/A, Dhaka",23.812407,90.424935
SALT 13,Restaurant,Uttara,https://www.google.com/maps/place/SALT+13/data=!4m7!3m6!1s0x3755c500742c56c9:0x864f7f6ea562b83f!8m2!3d23.870712!4d90.3841215!16s%2Fg%2F11z4y14swb!19sChIJyVYsdADFVTcRP7hipW5_T4Y?authuser=0&hl=en&g_ep=EgoyMDI2MDkwOS4wIJJjKgBIAVAD&rclk=1,4.2,64,"Plot#18, Shah Makhdum Ave, Uttara, Dhaka",23.870712,90.384122
CPH Cafeteria (rooftop),Restaurant,Shantinagar,https://www.google.com/maps/place/CPH+Cafeteria+%28rooftop%29/data=!4m7!3m6!1s0x3755b9a1847a229f:0xf1010581f8c26d2d!8m2!3d23.736651!4d90.417515!16s%2Fg%2F11sm1n_j0c!19sChIJnyJ6hKG5VTcRLW3C-IEFAfE?authuser=0&hl=en&g_ep=EgoyMDI2MDkwMi4wIJJjKgBIAVAD&rclk=1,4.2,58,"Shantinagar, Dhaka",23.736651,90.417515
Meena Sweets,Cafe,Uttara,https://www.google.com/maps/place/Meena+Sweets/data=!4m7!3m6!1s0x3755c5a08d6d5dc9:0x5ee315081c143bd2!8m2!3d23.8692017!4d90.3878685!16s%2Fg%2F11swzl7c7l!19sChIJyV1tjaDFVTcR0jsUHAgV414?authuser=0&hl=en&g_ep=EgoyMDI2MDkwOS4wIJJjKgBIAVAD&rclk=1,4.2,56,"Uttara, Dhaka",23.869202,90.387868
The snow cafe,Cafe,Uttara,https://www.google.com/maps/place/The+snow+cafe/data=!4m7!3m6!1s0x3755c5f0ac95b13b:0x7f21effee5ec5100!8m2!3d23.8716435!4d90.3797835!16s%2Fg%2F11rx2y4y4s!19sChIJO7GVrPDFVTcRAFHs5f7vIX8?authuser=0&hl=en&g_ep=EgoyMDI2MDkwOS4wIJJjKgBIAVAD&rclk=1,4.2,53,"28 Road No. 6C , Uttara, Dhaka",23.871644,90.379784
The Beast,Restaurant,Gulshan 2,https://www.google.com/maps/place/The+Beast/data=!4m7!3m6!1s0x3755c7f8e0388bf7:0x142ada60fd2ff453!8m2!3d23.79459!4d90.41395!16s%2Fg%2F11m7shbbfp!19sChIJ94s44PjHVTcRU_Qv_WDaKhQ?authuser=0&hl=en&g_ep=EgoyMDI2MDkwMi4wIJJjKgBIAVAD&rclk=1,4.2,49,"Four Points by Sheraton Dhaka, Gulshan 6/A North Avenue Commercial Area, Gulshan 2, Dhaka",23.79459,90.41395
Elysian cafe & eatery,Cafe,Khilgaon,https://www.google.com/maps/place/Elysian+cafe+%26+eatery/data=!4m7!3m6!1s0x3755b90011410c85:0x8a3b74cd1805a5c8!8m2!3d23.751994!4d90.4172076!16s%2Fg%2F11vzgmf5vn!19sChIJhQxBEQC5VTcRyKUFGM10O4o?authuser=0&hl=en&g_ep=EgoyMDI2MDkwMi4wIJJjKgBIAVAD&rclk=1,4.2,48,"KFC moor, 589/C Malibagh Chowdhury Para Rd, Khilgaon, Dhaka",23.751994,90.4172076
Bread & Beyond- Bashundhara R/A.,Cafe,Bashundhara R/A,https://www.google.com/maps/place/Bread+%26+Beyond-+Bashundhara+R%2FA./data=!4m7!3m6!1s0x3755c735241d5f23:0x5de791af9370448c!8m2!3d23.8120311!4d90.4219946!16s%2Fg%2F11h1m929nq!19sChIJI18dJDXHVTcRjERwk6-R510?authuser=0&hl=en&g_ep=EgoyMDI2MDkwOS4wIJJjKgBIAVAD&rclk=1,4.2,43,"24/2/A Bashundhara Rd, Shop no. 4 , Bashundhara R/A, Dhaka",23.812031,90.421995
THEA,Cafe,Mirpur 12,https://www.google.com/maps/place/THEA/data=!4m7!3m6!1s0x3755c1d87eb565bf:0xd3b876218bd3a811!8m2!3d23.8299258!4d90.3636504!16s%2Fg%2F11q947dvpc!19sChIJv2W1ftjBVTcREajTiyF2uNM?authuser=0&hl=en&g_ep=EgoyMDI2MDkwMi4wIJJjKgBIAVAD&rclk=1,4.2,42,"Mirpur 12, Dhaka",23.8299258,90.3636504
Cafe mango,Cafe,Gulshan 2,https://www.google.com/maps/place/Cafe+mango/data=!4m7!3m6!1s0x3755c7003ef04713:0x93389de11e3ef056!8m2!3d23.804093!4d90.4152376!16s%2Fg%2F11xlfjynsc!19sChIJE0fwPgDHVTcRVvA-HuGdOJM?authuser=0&hl=en&g_ep=EgoyMDI2MDkwMi4wIJJjKgBIAVAD&rclk=1,4.2,39,"Gulshan 2, Dhaka",23.804093,90.4152376
Dhaka Cafe,Restaurant,Mirpur 10,https://www.google.com/maps/place/Dhaka+Cafe/data=!4m7!3m6!1s0x3755c7f4b1ece413:0x883b0954039fa01!8m2!3d23.8092724!4d90.3752294!16s%2Fg%2F11yxhj5957!19sChIJE-TssfTHVTcRAfo5QJWwgwg?authuser=0&hl=en&g_ep=EgoyMDI2MDkwMi4wIJJjKgBIAVAD&rclk=1,4.2,32,"H: 9/1, Lane: 18, Block: C, Mirpur : 10 1216, Mirpur 10, Dhaka",23.8092724,90.3752294
Le Fleur Cafe (Dhanmondi),Cafe,Dhanmondi,https://www.google.com/maps/place/Le+Fleur+Cafe+%28Dhanmondi%29/data=!4m7!3m6!1s0x3755bf2e0e86338d:0x3a9e0476e6afed89!8m2!3d23.7576182!4d90.3743286!16s%2Fg%2F11xsf4kp12!19sChIJjTOGDi6_VTcRie2v5nYEnjo?authuser=0&hl=en&g_ep=EgoyMDI2MDkwMi4wIJJjKgBIAVAD&rclk=1,4.2,32,"2/2, Lalmatia (beside 27 Sunrise Plaza), Mirpur Road., Dhanmondi, Dhaka",23.7576182,90.3743286
Cake Storys Basundhara R/A,Cafe,Bashundhara R/A,https://www.google.com/maps/place/Cake+Storys+Basundhara+R%2FA/data=!4m7!3m6!1s0x3755c1e9763b4061:0xaccd368ca0eca785!8m2!3d23.8128732!4d90.4266768!16s%2Fg%2F11w297xzzw!19sChIJYUA7dunBVTcRhafsoIw2zaw?authuser=0&hl=en&g_ep=EgoyMDI2MDkwOS4wIJJjKgBIAVAD&rclk=1,4.2,31,"KA-1/B, Bashundhara Rd , Bashundhara R/A, Dhaka",23.812873,90.426677
HUNGRY HUB,Restaurant,Bashundhara R/A,https://www.google.com/maps/place/HUNGRY+HUB/data=!4m7!3m6!1s0x3755c7004cf628e1:0xc7cb95264e581d08!8m2!3d23.8143479!4d90.4385433!16s%2Fg%2F11yswd2s92!19sChIJ4Sj2TADHVTcRCB1YTiaVy8c?authuser=0&hl=en&g_ep=EgoyMDI2MDkwOS4wIJJjKgBIAVAD&rclk=1,4.2,28,"Bashundhara R/A, Dhaka",23.814348,90.438543
Lovely Loungee,Restaurant,Uttara,https://www.google.com/maps/place/Lovely+Loungee/data=!4m7!3m6!1s0x3755c50e8d4d6ad5:0x6de55c9889a43a17!8m2!3d23.8736879!4d90.3945038!16s%2Fg%2F11mwzgxr03!19sChIJ1WpNjQ7FVTcRFzqkiZhc5W0?authuser=0&hl=en&g_ep=EgoyMDI2MDkwOS4wIJJjKgBIAVAD&rclk=1,4.2,28,"House, 56, Road No. 18 , Uttara, Dhaka",23.873688,90.394504
Wellness Cafe Malibagh,Cafe,Khilgaon,https://www.google.com/maps/place/Wellness+Cafe+Malibagh/data=!4m7!3m6!1s0x3755b98d1c29750f:0xc4eb25b7130722bf!8m2!3d23.7540022!4d90.4153939!16s%2Fg%2F11tnl_t4tw!19sChIJD3UpHI25VTcRvyIHE7cl68Q?authuser=0&hl=en&g_ep=EgoyMDI2MDkwMi4wIJJjKgBIAVAD&rclk=1,4.2,24,"Rahaman Arcadia, House-B65, DIT Avenue, Malibagh Chowdhury Para Rd, Khilgaon, Dhaka",23.7540022,90.4153939
Gourmet Delight & Cafe,Cafe,Mirpur 1,https://www.google.com/maps/place/Gourmet+Delight+%26+Cafe/data=!4m7!3m6!1s0x3755c16c5a7edcfd:0x3803d8f883e8c658!8m2!3d23.8029231!4d90.3541415!16s%2Fg%2F11t53h8bmv!19sChIJ_dx-WmzBVTcRWMbog_jYAzg?authuser=0&hl=en&g_ep=EgoyMDI2MDkwMi4wIJJjKgBIAVAD&rclk=1,4.2,22,"Plot 2/1, Block A, Avenue 1, Mirpur 1, Dhaka",23.8029231,90.3541415
Waffle Bae Mirpur-12,Cafe,Mirpur 12,https://www.google.com/maps/place/Waffle+Bae+Mirpur-12/data=!4m7!3m6!1s0x3755c1a43ec93db1:0xdfabe950c5f22181!8m2!3d23.8271624!4d90.3644284!16s%2Fg%2F11vdn70gnm!19sChIJsT3JPqTBVTcRgSHyxVDpq98?authuser=0&hl=en&g_ep=EgoyMDI2MDkwMi4wIJJjKgBIAVAD&rclk=1,4.2,21,"Mirpur 12, Dhaka",23.8271624,90.3644284
Tea N' More,Cafe,Mirpur 11,https://www.google.com/maps/place/Tea+N%27+More/data=!4m7!3m6!1s0x3755c100378594b5:0x2009c5d392bb708e!8m2!3d23.8176875!4d90.3658422!16s%2Fg%2F11y83ll2vz!19sChIJtZSFNwDBVTcRjnC7ktPFCSA?authuser=0&hl=en&g_ep=EgoyMDI2MDkwMi4wIJJjKgBIAVAD&rclk=1,4.2,20,"Mirpur 11, Dhaka",23.8176875,90.3658422
Student's Cafe,Cafe,Bashundhara R/A,https://www.google.com/maps/place/Student%27s+Cafe/data=!4m7!3m6!1s0x3755c75a3a5bdd73:0x88b9234033d7924d!8m2!3d23.8129737!4d90.4238454!16s%2Fg%2F11h4h2x7vz!19sChIJc91bOlrHVTcRTZLXM0AjuYg?authuser=0&hl=en&g_ep=EgoyMDI2MDkwOS4wIJJjKgBIAVAD&rclk=1,4.2,19,"Shop-5C-12, Level- 5, Jamuna Future Park, Bashundhara Rd , Bashundhara R/A, Dhaka",23.812974,90.423845
ঢাকাই খানা Dhakai Khana,Restaurant,Mirpur 10,https://www.google.com/maps/place/%E0%A6%A2%E0%A6%BE%E0%A6%95%E0%A6%BE%E0%A6%87+%E0%A6%96%E0%A6%BE%E0%A6%A8%E0%A6%BE+Dhakai+Khana/data=!4m7!3m6!1s0x3755c100347ec681:0x8fe77d7666b2b912!8m2!3d23.8083993!4d90.3733176!16s%2Fg%2F11w2c9qbxp!19sChIJgcZ-NADBVTcRErmyZnZ9548?authuser=0&hl=en&g_ep=EgoyMDI2MDkwMi4wIJJjKgBIAVAD&rclk=1,4.2,16,"Mirpur 10, Dhaka",23.8083993,90.3733176
Cafe Junction,Cafe,Mirpur 11,https://www.google.com/maps/place/Cafe+Junction/data=!4m7!3m6!1s0x3755c12eeca36f47:0x99030ec329383e57!8m2!3d23.81811!4d90.3674759!16s%2Fg%2F11f57sr2_g!19sChIJR2-j7C7BVTcRVz44KcMOA5k?authuser=0&hl=en&g_ep=EgoyMDI2MDkwMi4wIJJjKgBIAVAD&rclk=1,4.2,13,"Mirpur -11, Nannu Market, Section: 11, Block: A, Road: 08, Line: 03, House: 08, Mirpur 11, Dhaka",23.81811,90.3674759
Coffee Express (Banani),Cafe,Banani,https://www.google.com/maps/place/Coffee+Express+%28Banani%29/data=!4m7!3m6!1s0x3755c7dfd0175767:0x13ec1238a1827793!8m2!3d23.7932317!4d90.4062998!16s%2Fg%2F11s55806xr!19sChIJZ1cX0N_HVTcRk3eCoTgS7BM?authuser=0&hl=en&g_ep=EgoyMDI2MDkwMi4wIJJjKgBIAVAD&rclk=1,4.2,13,"Road No. 17, Banani, Dhaka",23.7932317,90.4062998
Teabox Mirpur 11,Cafe,Mirpur 11,https://www.google.com/maps/place/Teabox+Mirpur+11/data=!4m7!3m6!1s0x3755c12f0bf32699:0xe585c05a60660ac8!8m2!3d23.8189573!4d90.366952!16s%2Fg%2F11hb7h6y3z!19sChIJmSbzCy_BVTcRyApmYFrAheU?authuser=0&hl=en&g_ep=EgoyMDI2MDkwMi4wIJJjKgBIAVAD&rclk=1,4.2,10,"14, Section-11, Line-7, House no: 88, Mirpur 11, Dhaka",23.8189573,90.366952
Assurance Farm Cafe – Khilgaon,Cafe,Khilgaon,https://www.google.com/maps/place/Assurance+Farm+Cafe+%E2%80%93+Khilgaon/data=!4m7!3m6!1s0x3755b90043ef62b3:0xd1a86f5b1cb13c60!8m2!3d23.7519293!4d90.4170005!16s%2Fg%2F11z9gmwty_!19sChIJs2LvQwC5VTcRYDyxHFtvqNE?authuser=0&hl=en&g_ep=EgoyMDI2MDkwMi4wIJJjKgBIAVAD&rclk=1,4.2,5,"Plot No. 591/C, Shahid Baki Rd, Khilgaon, Dhaka",23.7519293,90.4170005
Bliss art lounge restaurant and bar,Restaurant,Gulshan 1,https://www.google.com/maps/place/Bliss+art+lounge+restaurant+and+bar/data=!4m7!3m6!1s0x3755c74543152d79:0xbd384c0aa059844e!8m2!3d23.7810111!4d90.4163454!16s%2Fg%2F11y_qmp14k!19sChIJeS0VQ0XHVTcRToRZoApMOL0?authuser=0&hl=en&g_ep=EgoyMDI2MDkwMi4wIJJjKgBIAVAD&rclk=1,4.2,5,"Gulshan 1, Dhaka",23.7810111,90.4163454
Food Carnival- A Food Court,Restaurant,Bashundhara R/A,https://www.google.com/maps/place/Food+Carnival-+A+Food+Court/data=!4m7!3m6!1s0x3755c7003e356a99:0x88f8658cbe2d6a91!8m2!3d23.8090004!4d90.4315851!16s%2Fg%2F11ms46nxnk!19sChIJmWo1PgDHVTcRkWotvoxl-Ig?authuser=0&hl=en&g_ep=EgoyMDI2MDkwOS4wIJJjKgBIAVAD&rclk=1,4.2,5,"Bashundhara R/A, Dhaka",23.809,90.431585
Food Expert - Uttara,Restaurant,Uttara,https://www.google.com/maps/place/Food+Expert+-+Uttara/data=!4m7!3m6!1s0x3755c5007a824ab5:0x6317c9da3b901829!8m2!3d23.8741337!4d90.388943!16s%2Fg%2F11z94dnh6n!19sChIJtUqCegDFVTcRKRiQO9rJF2M?authuser=0&hl=en&g_ep=EgoyMDI2MDkwOS4wIJJjKgBIAVAD&rclk=1,4.2,5,"41 Sonargaon Janapath Rd, Uttara, Dhaka",23.874134,90.388943
"FOODFLIX, Uttara",Restaurant,Uttara,"https://www.google.com/maps/place/FOODFLIX,+Uttara/data=!4m7!3m6!1s0x3755c52805146a59:0x989f04f714fd3ae3!8m2!3d23.8674189!4d90.4055029!16s%2Fg%2F11r3f6r4rr!19sChIJWWoUBSjFVTcR4zr9FPcEn5g?authuser=0&hl=en&g_ep=EgoyMDI2MDkwOS4wIJJjKgBIAVAD&rclk=1",4.2,5,"Foodflix, House-2 Rd No. 20/C , Uttara, Dhaka",23.867419,90.405503
Smokie Patty ( Uttara ),Restaurant,Uttara,https://www.google.com/maps/place/Smokie+Patty+%28+Uttara+%29/data=!4m7!3m6!1s0x3755c5aa3a8d812f:0x412c6c7f1aef9860!8m2!3d23.8700319!4d90.3986192!16s%2Fg%2F11zkv1cywh!19sChIJL4GNOqrFVTcRYJjvGn9sLEE?authuser=0&hl=en&g_ep=EgoyMDI2MDkwOS4wIJJjKgBIAVAD&rclk=1,4.2,5,"House : 2E, road : 08, Uttara, Dhaka",23.870032,90.398619
Rabbani Hotel & Restaurant,Restaurant,Mirpur 10,https://www.google.com/maps/place/Rabbani+Hotel+%26+Restaurant/data=!4m7!3m6!1s0x3755c0d5896ba8e9:0x927e0f4b4a8da084!8m2!3d23.8101639!4d90.3718166!16s%2Fg%2F11hczgqwbl!19sChIJ6ahridXAVTcRhKCNSksPfpI?authuser=0&hl=en&g_ep=EgoyMDI2MDkwMi4wIJJjKgBIAVAD&rclk=1,4.1,10.8K,"Plot# 55, Avenue# 1, Block# B Roundabout, Mirpur 10, Dhaka",23.8101639,90.3718166
Kacchi Bhai - Uttara,Restaurant,Uttara,https://www.google.com/maps/place/Kacchi+Bhai+-+Uttara/data=!4m7!3m6!1s0x3755c5328a64c671:0x4c4f9fd390fb0fb9!8m2!3d23.8746536!4d90.3910852!16s%2Fg%2F11h5d3xbn7!19sChIJccZkijLFVTcRuQ_7kNOfT0w?authuser=0&hl=en&g_ep=EgoyMDI2MDkwOS4wIJJjKgBIAVAD&rclk=1,4.1,5.6K,"Uttara, Dhaka",23.874654,90.391085
Xinxian Restaurant,Restaurant,Dhanmondi,https://www.google.com/maps/place/Xinxian+Restaurant/data=!4m7!3m6!1s0x3755b8b169603469:0xbe64ea815aaeecf4!8m2!3d23.7456098!4d90.3843484!16s%2Fg%2F1tf5zn92!19sChIJaTRgabG4VTcR9OyuWoHqZL4?authuser=0&hl=en&g_ep=EgoyMDI2MDkwMi4wIJJjKgBIAVAD&rclk=1,4.1,4.7K,"House no. 7, Road no. 8, Dhanmondi, Dhaka",23.7456098,90.3843484
Dhali Food Court - Bashundhara R/A,Restaurant,Bashundhara R/A,https://www.google.com/maps/place/Dhali+Food+Court+-+Bashundhara+R%2FA/data=!4m7!3m6!1s0x3755c7cdc7253831:0x510125ddbd7c2807!8m2!3d23.8093589!4d90.431596!16s%2Fg%2F11j218rqxz!19sChIJMTglx83HVTcRByh8vd0lAVE?authuser=0&hl=en&g_ep=EgoyMDI2MDkwOS4wIJJjKgBIAVAD&rclk=1,4.1,4.5K,"Tenament Road , Bashundhara R/A, Dhaka",23.809359,90.431596
Four Seasons Restaurant,Restaurant,Dhanmondi,https://www.google.com/maps/place/Four+Seasons+Restaurant/data=!4m7!3m6!1s0x3755bf51d17f43f7:0xea58246ff2bee9c!8m2!3d23.7514996!4d90.3680918!16s%2Fg%2F1ths_tln!19sChIJ90N_0VG_VTcRnO4r_0aCpQ4?authuser=0&hl=en&g_ep=EgoyMDI2MDkwMi4wIJJjKgBIAVAD&rclk=1,4.1,4.4K,"new, 27, House No. 59 A, Road No. 16, Old Satmasjid Road, Dhanmondi, Dhaka",23.7514996,90.3680918
Jatra Biroti,Restaurant,Banani,https://www.google.com/maps/place/Jatra+Biroti/data=!4m7!3m6!1s0x3755c74ca9bedaf3:0x73a3b1d50765ce98!8m2!3d23.7927891!4d90.4093005!16s%2Fg%2F11g0vzbz4f!19sChIJ89q-qUzHVTcRmM5lB9Wxo3M?authuser=0&hl=en&g_ep=EgoyMDI2MDkwMi4wIJJjKgBIAVAD&rclk=1,4.1,4.4K,"House No, 63 Road No. 17/A · Bright eatery serving veggie food, Banani, Dhaka",23.7927891,90.4093005
Secret Recipe Dhanmondi Flagship,Restaurant,Dhanmondi,https://www.google.com/maps/place/Secret+Recipe+Dhanmondi+Flagship/data=!4m7!3m6!1s0x3755bf4c6e9c6c5f:0xc9cce84fbb10fddf!8m2!3d23.746107!4d90.3716482!16s%2Fg%2F11f1n6h0jf!19sChIJX2ycbky_VTcR3_0Qu0_ozMk?authuser=0&hl=en&g_ep=EgoyMDI2MDkwMi4wIJJjKgBIAVAD&rclk=1,4.1,4.0K,"181/1 (old), 54 (new), Road no. 20 (old 10/A (new), Ground Floor, Dhanmondi, Dhaka",23.746107,90.3716482
Rajbari Food Court,Restaurant,Bashundhara R/A,https://www.google.com/maps/place/Rajbari+Food+Court/data=!4m7!3m6!1s0x3755c75388a239f5:0xb906fd808165355c!8m2!3d23.8115584!4d90.4261151!16s%2Fg%2F11gvrp6f2y!19sChIJ9TmiiFPHVTcRXDVlgYD9Brk?authuser=0&hl=en&g_ep=EgoyMDI2MDkwOS4wIJJjKgBIAVAD&rclk=1,4.1,3.6K,"Bashundhara R/A, Dhaka",23.811558,90.426115
Boomers Café,Restaurant,Dhanmondi,https://www.google.com/maps/place/Boomers+Caf%C3%A9/data=!4m7!3m6!1s0x3755bf4b25dbb43f:0x822770a41bb3841e!8m2!3d23.7425087!4d90.3742292!16s%2Fg%2F1hjhdsxpx!19sChIJP7TbJUu_VTcRHoSzG6RwJ4I?authuser=0&hl=en&g_ep=EgoyMDI2MDkwMi4wIJJjKgBIAVAD&rclk=1,4.1,3.5K,"Anam Rangs Plaza, (3rd Floor House No:61, Rd No:6/A, Dhanmondi, Dhaka",23.7425087,90.3742292
Sultan's Dine Bashundhara,Restaurant,Bashundhara R/A,https://www.google.com/maps/place/Sultan%27s+Dine+Bashundhara/data=!4m7!3m6!1s0x3755c757e7482435:0xaa56e0c8229573dc!8m2!3d23.8117968!4d90.4226414!16s%2Fg%2F11h9bfk1q3!19sChIJNSRI51fHVTcR3HOVIsjgVqo?authuser=0&hl=en&g_ep=EgoyMDI2MDkwOS4wIJJjKgBIAVAD&rclk=1,4.1,3.5K,"Ka- 11/2, Below Apex Showroom, Bashundhara Rd , Bashundhara R/A, Dhaka",23.811797,90.422641
Burger King Banani 11,Restaurant,Banani,https://www.google.com/maps/search/?api=1&query=Burger+King+Banani+Dhaka,4.1,3.4K,"Road 11, Banani, Dhaka",23.7936,90.4046
Zafran Restaurant,Restaurant,Uttara,https://www.google.com/maps/place/Zafran+Restaurant/data=!4m7!3m6!1s0x3755c596b65e6e01:0x8ca69e80677ae6a6!8m2!3d23.8790049!4d90.3904884!16s%2Fg%2F11gnprm3wh!19sChIJAW5etpbFVTcRpuZ6Z4Cepow?authuser=0&hl=en&g_ep=EgoyMDI2MDkwOS4wIJJjKgBIAVAD&rclk=1,4.1,3.2K,"11 Rd No 10 , Uttara, Dhaka",23.879005,90.390488
Alfresco Dhanmondi,Restaurant,Dhanmondi,https://www.google.com/maps/place/Alfresco+Dhanmondi/data=!4m7!3m6!1s0x3755bf518e268fb7:0xa6d634da9843279b!8m2!3d23.7530041!4d90.3694449!16s%2Fg%2F11cr_wz6zj!19sChIJt48mjlG_VTcRmydDmNo01qY?authuser=0&hl=en&g_ep=EgoyMDI2MDkwMi4wIJJjKgBIAVAD&rclk=1,4.1,3.0K,"Rangs Nasim Square, H.No 275/D (Old), 46 kha (new), 2nd Floor, Road No. 16, Dhanmondi, Dhaka",23.7530041,90.3694449
Chillox Mirpur 1,Restaurant,Mirpur 1,https://www.google.com/maps/search/?api=1&query=Chillox+Mirpur+1+Dhaka,4.1,2.9K,"Sony Cinema Hall area, Mirpur 1, Dhaka",23.8055,90.3555
Chillox Mirpur 10,Restaurant,Mirpur 10,https://www.google.com/maps/search/?api=1&query=Chillox+Mirpur+10+Dhaka,4.1,2.9K,"Opposite Stadium, Mirpur 10, Dhaka",23.8068,90.3672
Sky View Lounge ~ Shantinagar,Restaurant,Shantinagar,https://www.google.com/maps/place/Sky+View+Lounge+~+Shantinagar/data=!4m7!3m6!1s0x3755b860827aa5ad:0xde06b37feca2a8d4!8m2!3d23.7390365!4d90.4154963!16s%2Fg%2F11ckz861nk!19sChIJraV6gmC4VTcR1Kii7H-zBt4?authuser=0&hl=en&g_ep=EgoyMDI2MDkwMi4wIJJjKgBIAVAD&rclk=1,4.1,2.8K,"118, Sky View Trade Center, 21 Floor, 27, Shilpachariya Joynul Abedin Road Old, 2 Bazar Rd, Shantinagar, Dhaka",23.7390365,90.4154963
The Forest Lounge,Restaurant,Dhanmondi,https://www.google.com/maps/place/The+Forest+Lounge/data=!4m7!3m6!1s0x3755bfac2d1600cf:0x6482df743b58215d!8m2!3d23.7461225!4d90.3717017!16s%2Fg%2F11n_s3fmcp!19sChIJzwAWLay_VTcRXSFYO3TfgmQ?authuser=0&hl=en&g_ep=EgoyMDI2MDkwMi4wIJJjKgBIAVAD&rclk=1,4.1,2.8K,"House 54, Road 10/A, Satmasjid Road, Dhanmondi, Dhaka",23.7461225,90.3717017
Coffeelicious Coffee Uttara,Cafe,Uttara,https://www.google.com/maps/place/Coffeelicious+Coffee+Uttara/data=!4m7!3m6!1s0x3755c424181f9ac5:0x61aa036557f2e296!8m2!3d23.8675028!4d90.3941162!16s%2Fg%2F11clzrhq62!19sChIJxZofGCTEVTcRluLyV2UDqmE?authuser=0&hl=en&g_ep=EgoyMDI2MDkwOS4wIJJjKgBIAVAD&rclk=1,4.1,2.7K,"3rd floor, top to Miniso, Vivek Hight’s, House-01 Road-18 , Uttara, Dhaka",23.867503,90.394116
Bar B Q Tonite Dhanmondi,Restaurant,Dhanmondi,https://www.google.com/maps/search/?api=1&query=Bar+B+Q+Tonite+Dhanmondi+Dhaka,4.1,2.5K,"Satmasjid Road, Dhanmondi, Dhaka",23.7435,90.376
Shawarma House Dhanmondi,Restaurant,Dhanmondi,https://www.google.com/maps/search/?api=1&query=Shawarma+House+Dhanmondi+Dhaka,4.1,2.3K,"Road 4, Dhanmondi, Dhaka",23.7425,90.377
Boomers Cafe,Cafe,Banani,https://www.google.com/maps/place/Boomers+Cafe/data=!4m7!3m6!1s0x3755c70e66eeb1a5:0x465ded5d37842779!8m2!3d23.79378!4d90.4043527!16s%2Fg%2F1ttp8nvr!19sChIJpbHuZg7HVTcReSeEN13tXUY?authuser=0&hl=en&g_ep=EgoyMDI2MDkwMi4wIJJjKgBIAVAD&rclk=1,4.1,2.2K,"Banani, Dhaka",23.79378,90.4043527
Pizza Town Khilgaon,Restaurant,Khilgaon,https://www.google.com/maps/search/?api=1&query=Pizza+Town+Khilgaon+Dhaka,4.1,2.2K,"Shahid Baki Road, Khilgaon, Dhaka",23.752,90.4216
Chillox Khilgaon,Restaurant,Khilgaon,https://www.google.com/maps/place/Chillox+Khilgaon/data=!4m7!3m6!1s0x3755b96ac8fea239:0xbb3a2f813eb935ee!8m2!3d23.7524788!4d90.4176482!16s%2Fg%2F11p545d027!19sChIJOaL-yGq5VTcR7jW5PoEvOrs?authuser=0&hl=en&g_ep=EgoyMDI2MDkwMi4wIJJjKgBIAVAD&rclk=1,4.1,2.1K,"1st Floor, 397/B Chowdhury Para, Shahid Baki Rd, Khilgaon, Dhaka",23.7524788,90.4176482
Handi Restaurant Gulshan 1,Restaurant,Gulshan 1,https://www.google.com/maps/search/?api=1&query=Handi+Restaurant+Gulshan+1+Dhaka,4.1,2.1K,"Gulshan South Avenue, Gulshan 1, Dhaka",23.7798,90.4168
Alfresco,Restaurant,Khilgaon,https://www.google.com/maps/place/Alfresco/data=!4m7!3m6!1s0x3755b99c2779ebab:0xc0ae87e18cf0f194!8m2!3d23.7518199!4d90.4220235!16s%2Fg%2F11btlmnhwl!19sChIJq-t5J5y5VTcRlPHwjOGHrsA?authuser=0&hl=en&g_ep=EgoyMDI2MDkwMi4wIJJjKgBIAVAD&rclk=1,4.1,2.0K,"Khilgaon, Dhaka",23.7518199,90.4220235
BFC (Best Fried Chicken),Restaurant,Uttara,https://www.google.com/maps/place/BFC+%28Best+Fried+Chicken%29/data=!4m7!3m6!1s0x3755c4271fdb0435:0xb128633002b99b92!8m2!3d23.8609952!4d90.3997316!16s%2Fg%2F1wnd_f69!19sChIJNQTbHyfEVTcRkpu5AjBjKLE?authuser=0&hl=en&g_ep=EgoyMDI2MDkwOS4wIJJjKgBIAVAD&rclk=1,4.1,2.0K,"Plot No.:1, Sector 1, Uttara Tower, Jashimuddin Ave , Uttara, Dhaka",23.860995,90.399732
Mejbani Khana,Restaurant,Uttara,https://www.google.com/maps/place/Mejbani+Khana/data=!4m7!3m6!1s0x3755c422784898d5:0xd14867d69a32d5b4!8m2!3d23.8677147!4d90.3939629!16s%2Fg%2F11cnbn8w40!19sChIJ1ZhIeCLEVTcRtNUymtZnSNE?authuser=0&hl=en&g_ep=EgoyMDI2MDkwOS4wIJJjKgBIAVAD&rclk=1,4.1,2.0K,"House 6 Lake Drive Rd , Uttara, Dhaka",23.867715,90.393963
The Chocolate Room Flagship Store Gulshan 1,Cafe,Gulshan 1,https://www.google.com/maps/place/The+Chocolate+Room+Flagship+Store+Gulshan+1/data=!4m7!3m6!1s0x3755c7b861e33723:0x84dbbe37fed3200a!8m2!3d23.7783098!4d90.4167939!16s%2Fg%2F11h_fq34nm!19sChIJIzfjYbjHVTcRCiDT_je-24Q?authuser=0&hl=en&g_ep=EgoyMDI2MDkwMi4wIJJjKgBIAVAD&rclk=1,4.1,2.0K,"Ground Floor, Star Center Plot-2A Block SE (C) Road, 138 Gulshan Ave, Gulshan 1, Dhaka",23.7783098,90.4167939
Cafe Mango,Cafe,Gulshan 1,https://www.google.com/maps/place/Cafe+Mango/data=!4m7!3m6!1s0x3755bf51f6a28be7:0xb122cd343571d5bb!8m2!3d23.7818886!4d90.4177249!16s%2Fg%2F11clt979w_!19sChIJ54ui9lG_VTcRu9VxNTTNIrE?authuser=0&hl=en&g_ep=EgoyMDI2MDkwMi4wIJJjKgBIAVAD&rclk=1,4.1,1.9K,"Rd 131, Gulshan 1, Dhaka",23.7818886,90.4177249
Grand Prince Chinese & Convention Hall,Restaurant,Mirpur 12,https://www.google.com/maps/place/Grand+Prince+Chinese+%26+Convention+Hall/data=!4m7!3m6!1s0x3755c1df7a24b943:0x1f5aa537b4c62f3!8m2!3d23.8287686!4d90.3637173!16s%2Fg%2F11gjxtj795!19sChIJQ7kket_BVTcR82JMe1Oq9QE?authuser=0&hl=en&g_ep=EgoyMDI2MDkwMi4wIJJjKgBIAVAD&rclk=1,4.1,1.9K,"Mirpur 12, Dhaka",23.8287686,90.3637173
Istanbul Restaurant Dhaka,Restaurant,Gulshan 2,https://www.google.com/maps/place/Istanbul+Restaurant+Dhaka/data=!4m7!3m6!1s0x3755c7a2383edaf9:0x98a598c8a0cda9de!8m2!3d23.7957609!4d90.4133504!16s%2Fg%2F1hjh9ks4h!19sChIJ-do-OKLHVTcR3qnNoMiYpZg?authuser=0&hl=en&g_ep=EgoyMDI2MDkwMi4wIJJjKgBIAVAD&rclk=1,4.1,1.9K,"QCW7+79W, House-10, Road-53, Gulshan Circle-2, Top of Weavers Level-6 Dhaka, Gulshan 2, Dhaka",23.7957609,90.4133504
Madchef Uttara,Restaurant,Uttara,https://www.google.com/maps/place/Madchef+Uttara/data=!4m7!3m6!1s0x3755c414284c47db:0xfe302a391d2e1a1a!8m2!3d23.8770734!4d90.3909816!16s%2Fg%2F11cn64hqnx!19sChIJ20dMKBTEVTcRGhouHTkqMP4?authuser=0&hl=en&g_ep=EgoyMDI2MDkwOS4wIJJjKgBIAVAD&rclk=1,4.1,1.9K,"House No, 4th Floor, Jewel Tower, 34 Gareeb-e-Nawaz Ave Low-key spot for burgers & sandwiches , Uttara, Dhaka",23.877073,90.390982
Jafran Resto,Restaurant,Bashundhara R/A,https://www.google.com/maps/place/Jafran+Resto/data=!4m7!3m6!1s0x3755c64b670a8717:0xda05fe61c8fedb5f!8m2!3d23.8122253!4d90.4241582!16s%2Fg%2F11cjj5j32f!19sChIJF4cKZ0vGVTcRX9v-yGH-Bdo?authuser=0&hl=en&g_ep=EgoyMDI2MDkwOS4wIJJjKgBIAVAD&rclk=1,4.1,1.8K,"Lift 5, fifth floor, Adept NR Complex( beside Pitha Ghar) ,Opposite to, Jamuna Future Park Pocket Gate Road , Bashundhara R/A, Dhaka",23.812225,90.424158
KFC Restaurant,Restaurant,Uttara,https://www.google.com/maps/place/KFC+Restaurant/data=!4m7!3m6!1s0x3755c426db1b61a7:0x9559733f73b73058!8m2!3d23.8615537!4d90.3990483!16s%2Fg%2F11c38fd6b6!19sChIJp2Eb2ybEVTcRWDC3cz9zWZU?authuser=0&hl=en&g_ep=EgoyMDI2MDkwOS4wIJJjKgBIAVAD&rclk=1,4.1,1.8K,"Ground Floor, Ahmed Plaza, House-06 Road-2 Fried chicken restaurant chain , Uttara, Dhaka",23.861554,90.399048
Sung Garden,Restaurant,Shantinagar,https://www.google.com/maps/place/Sung+Garden/data=!4m7!3m6!1s0x3755b8f4fee75d47:0xeece549f2b6c7849!8m2!3d23.734011!4d90.409876!16s%2Fg%2F1tf22fwx!19sChIJR13n_vS4VTcRSXhsK59Uzu4?authuser=0&hl=en&g_ep=EgoyMDI2MDkwMi4wIJJjKgBIAVAD&rclk=1,4.1,1.8K,"Akram Tower,14th floor 15/5, Shahid Syed Nazrul Islam Sharani, 5 Bijoy Nagar Road, Shantinagar, Dhaka",23.734011,90.409876
Alfresco Uttara,Restaurant,Uttara,https://www.google.com/maps/place/Alfresco+Uttara/data=!4m7!3m6!1s0x3755c419d612818f:0x65ab6f81ad51e49f!8m2!3d23.8751337!4d90.3905799!16s%2Fg%2F11byflj9bq!19sChIJj4ES1hnEVTcRn-RRrYFvq2U?authuser=0&hl=en&g_ep=EgoyMDI2MDkwOS4wIJJjKgBIAVAD&rclk=1,4.1,1.7K,"Uttara, Dhaka",23.875134,90.39058
"Coffee World - RAK Tower, Uttara",Cafe,Uttara,"https://www.google.com/maps/place/Coffee+World+-+RAK+Tower,+Uttara/data=!4m7!3m6!1s0x3755c426d7bf70e5:0xdab6489daa5eb43!8m2!3d23.8609462!4d90.3992425!16s%2Fg%2F1tk1lbvm!19sChIJ5XC_1ybEVTcRQ-ul2olkqw0?authuser=0&hl=en&g_ep=EgoyMDI2MDkwOS4wIJJjKgBIAVAD&rclk=1",4.1,1.7K,"Ground Floor, Rak Tower, Jashimuddin Ave Trendy contemporary coffee shop chain , Uttara, Dhaka",23.860946,90.399242
Royal Restaurant Mirpur 12,Restaurant,Mirpur 12,https://www.google.com/maps/search/?api=1&query=Royal+Restaurant+Mirpur+12+Dhaka,4.1,1.7K,"Kazipara /, Mirpur 12, Dhaka",23.8268,90.3618
Rustic Eatery,Cafe,Dhanmondi,https://www.google.com/maps/place/Rustic+Eatery/data=!4m7!3m6!1s0x3755bf33e056cd0b:0x633591eb933dec0b!8m2!3d23.7461589!4d90.3736337!16s%2Fg%2F11j8zxk7zj!19sChIJC81W4DO_VTcRC-w9k-uRNWM?authuser=0&hl=en&g_ep=EgoyMDI2MDkwMi4wIJJjKgBIAVAD&rclk=1,4.1,1.7K,"House no, 36 Road No. 9A, Dhanmondi, Dhaka",23.7461589,90.3736337
Hungry Eyes Restaurant Mirpur 11,Restaurant,Mirpur 11,https://www.google.com/maps/search/?api=1&query=Hungry+Eyes+Mirpur+11+Dhaka,4.1,1.6K,"Block D, Mirpur 11, Dhaka",23.8178,90.3655
Pagla Baburchi,Restaurant,Banani,https://www.google.com/maps/place/Pagla+Baburchi/data=!4m7!3m6!1s0x3755c74f637dcac9:0x9959986363244214!8m2!3d23.7904054!4d90.4081286!16s%2Fg%2F11mq2jv9hc!19sChIJycp9Y0_HVTcRFEIkY2OYWZk?authuser=0&hl=en&g_ep=EgoyMDI2MDkwMi4wIJJjKgBIAVAD&rclk=1,4.1,1.6K,"116 Road No. 11, Banani, Dhaka",23.7904054,90.4081286
BFC Best Fried Chicken Mirpur 12,Restaurant,Mirpur 12,https://www.google.com/maps/search/?api=1&query=BFC+Block+A+Mirpur+12+Dhaka,4.1,1.5K,"Block A, Mirpur 12, Dhaka",23.827,90.361
Bismillah Biryani Mirpur 1,Restaurant,Mirpur 1,https://www.google.com/maps/search/?api=1&query=Bismillah+Biryani+Mirpur+1+Dhaka,4.1,1.5K,"Mukto Bangla, Mirpur 1, Dhaka",23.8032,90.3535
Checkers,Restaurant,Uttara,https://www.google.com/maps/place/Checkers/data=!4m7!3m6!1s0x3755c4253b09f137:0x9ac124c6817b8013!8m2!3d23.8688218!4d90.4015435!16s%2Fg%2F11c5s_s84p!19sChIJN_EJOyXEVTcRE4B7gcYkwZo?authuser=0&hl=en&g_ep=EgoyMDI2MDkwOS4wIJJjKgBIAVAD&rclk=1,4.1,1.5K,"House-2, Road 13 Rajuk College Rd , Uttara, Dhaka",23.868822,90.401544
Cielo Rooftop Banani,Restaurant,Banani,https://www.google.com/maps/place/Cielo+Rooftop+Banani/data=!4m7!3m6!1s0x3755c70bc87301cf:0x14a8ce349ca99087!8m2!3d23.7911101!4d90.4029509!16s%2Fg%2F11ljs1pk21!19sChIJzwFzyAvHVTcRh5CpnDTOqBQ?authuser=0&hl=en&g_ep=EgoyMDI2MDkwMi4wIJJjKgBIAVAD&rclk=1,4.1,1.5K,"99 Road No. 11, Banani, Dhaka",23.7911101,90.4029509
Khana's Uttara Classic,Restaurant,Uttara,https://www.google.com/maps/place/Khana%27s+Uttara+Classic/data=!4m7!3m6!1s0x3755c509e0ac30d3:0xecc6f998db0a14f7!8m2!3d23.8787449!4d90.3908929!16s%2Fg%2F11h2fgq8fn!19sChIJ0zCs4AnFVTcR9xQK25j5xuw?authuser=0&hl=en&g_ep=EgoyMDI2MDkwOS4wIJJjKgBIAVAD&rclk=1,4.1,1.5K,"24 Rd No 10B , Uttara, Dhaka",23.878745,90.390893
New Star Kabab Shantinagar,Restaurant,Shantinagar,https://www.google.com/maps/search/?api=1&query=New+Star+Kabab+Shantinagar+Dhaka,4.1,1.5K,"Kakrail Border, Shantinagar, Dhaka",23.7368,90.412
Ambala Restaurant Mirpur 1,Restaurant,Mirpur 1,https://www.google.com/maps/search/?api=1&query=Ambala+Restaurant+Mirpur+1+Dhaka,4.1,1.4K,"Road 4, Mirpur 1, Dhaka",23.804,90.355
Khushboo Restaurant,Restaurant,Gulshan 1,https://www.google.com/maps/place/Khushboo+Restaurant/data=!4m7!3m6!1s0x3755c7994ba5a7d1:0xc3b11df53c43a7f8!8m2!3d23.7818601!4d90.4174499!16s%2Fg%2F11bxfqxdbw!19sChIJ0aelS5nHVTcR-KdDPPUdscM?authuser=0&hl=en&g_ep=EgoyMDI2MDkwMi4wIJJjKgBIAVAD&rclk=1,4.1,1.4K,"House no 60/B, Road No 131, 2nd Floor 60/B, Rd 131, Gulshan 1, Dhaka",23.7818601,90.4174499
Well Food Cafe Shantinagar,Cafe,Shantinagar,https://www.google.com/maps/search/?api=1&query=Well+Food+Shantinagar+Dhaka,4.1,1.3K,"Twin Towers Concord, Shantinagar, Dhaka",23.7388,90.4142
Buraq Restaurant Gulshan 1,Restaurant,Gulshan 1,https://www.google.com/maps/search/?api=1&query=Buraq+Restaurant+Gulshan+1+Dhaka,4.1,1.2K,"DIT Market, Gulshan 1, Dhaka",23.777,90.416
Cafe Darbar,Cafe,Dhanmondi,https://www.google.com/maps/place/Cafe+Darbar/data=!4m7!3m6!1s0x3755bfc5111384e1:0xa4e28c2695279964!8m2!3d23.7415864!4d90.3740939!16s%2Fg%2F11rxnmdkhm!19sChIJ4YQTEcW_VTcRZJknlSaM4qQ?authuser=0&hl=en&g_ep=EgoyMDI2MDkwMi4wIJJjKgBIAVAD&rclk=1,4.1,1.2K,"Bikalpa Tower, 74,Satmosjid Road, Rd No 5/A, Dhanmondi, Dhaka",23.7415864,90.3740939
Cheese Factory Mirpur,Restaurant,Mirpur 1,https://www.google.com/maps/place/Cheese+Factory+Mirpur/data=!4m7!3m6!1s0x3755c1e0b950bc0b:0xf81af1e001d19529!8m2!3d23.8022352!4d90.3539842!16s%2Fg%2F11h5r_0w68!19sChIJC7xQueDBVTcRKZXRAeDxGvg?authuser=0&hl=en&g_ep=EgoyMDI2MDkwMi4wIJJjKgBIAVAD&rclk=1,4.1,1.2K,"Block- D, 75, Bir Bikram Hemaet Uddin Road (Chiriakhana Road, 15, no Rd No. 5, Mirpur 1, Dhaka",23.8022352,90.3539842
El Toro Mexican Restaurant,Restaurant,Gulshan 2,https://www.google.com/maps/place/El+Toro+Mexican+Restaurant/data=!4m7!3m6!1s0x3755c7a731c83cb9:0xe9171ec112300c84!8m2!3d23.7929525!4d90.4141695!16s%2Fg%2F1tdflmn6!19sChIJuTzIMafHVTcRhAwwEsEeF-k?authuser=0&hl=en&g_ep=EgoyMDI2MDkwMi4wIJJjKgBIAVAD&rclk=1,4.1,1.2K,"Gulshan 2, Dhaka",23.7929525,90.4141695
"Hotplate lake drive uttara, Dhaka",Restaurant,Uttara,"https://www.google.com/maps/place/Hotplate+lake+drive+uttara,+Dhaka/data=!4m7!3m6!1s0x3755c554f7910855:0x906108694aeebc7b!8m2!3d23.8675706!4d90.3939277!16s%2Fg%2F11h1cty0bt!19sChIJVQiR91TFVTcRe7zuSmkIYZA?authuser=0&hl=en&g_ep=EgoyMDI2MDkwOS4wIJJjKgBIAVAD&rclk=1",4.1,1.2K,"3rd floor, House 6, 4 Lake Drive Rd , Uttara, Dhaka",23.867571,90.393928
"Mirpur-1,food court",Restaurant,Mirpur 1,"https://www.google.com/maps/place/Mirpur-1,food+court/data=!4m7!3m6!1s0x3755c1679300573d:0x8e157092b2c9c66!8m2!3d23.8009518!4d90.3539735!16s%2Fg%2F11mqmljg4k!19sChIJPVcAk2fBVTcRZpwsKwlX4Qg?authuser=0&hl=en&g_ep=EgoyMDI2MDkwMi4wIJJjKgBIAVAD&rclk=1",4.1,1.2K,"32 Rd No. 5, Mirpur 1, Dhaka",23.8009518,90.3539735
Rustic Eatery Uttara,Cafe,Uttara,https://www.google.com/maps/place/Rustic+Eatery+Uttara/data=!4m7!3m6!1s0x3755c510a0787f77:0xfd1e8ef6918821a7!8m2!3d23.8732981!4d90.3906849!16s%2Fg%2F11s8tx9q9z!19sChIJd394oBDFVTcRpyGIkfaOHv0?authuser=0&hl=en&g_ep=EgoyMDI2MDkwOS4wIJJjKgBIAVAD&rclk=1,4.1,1.2K,"2nd floor, House, 1 Road No. 13 , Uttara, Dhaka",23.873298,90.390685
Secret Recipe,Restaurant,Khilgaon,https://www.google.com/maps/place/Secret+Recipe/data=!4m7!3m6!1s0x3755b87065e821ef:0x3579034ba981468f!8m2!3d23.7521968!4d90.4167938!16s%2Fg%2F11fy_gbd7d!19sChIJ7yHoZXC4VTcRj0aBqUsDeTU?authuser=0&hl=en&g_ep=EgoyMDI2MDkwMi4wIJJjKgBIAVAD&rclk=1,4.1,1.2K,"Khilgaon, Dhaka",23.7521968,90.4167938
Segreto,Restaurant,Mirpur 1,https://www.google.com/maps/place/Segreto/data=!4m7!3m6!1s0x3755c1a3d1cdb4f1:0x933da0b5667727e2!8m2!3d23.8009313!4d90.3540249!16s%2Fg%2F11pyssn6bq!19sChIJ8bTN0aPBVTcR4id3ZrWgPZM?authuser=0&hl=en&g_ep=EgoyMDI2MDkwMi4wIJJjKgBIAVAD&rclk=1,4.1,1.2K,"Plot No, 32 Rd No. 2, Mirpur 1, Dhaka",23.8009313,90.3540249
Sky Lounge,Restaurant,Mirpur 1,https://www.google.com/maps/place/Sky+Lounge/data=!4m7!3m6!1s0x3755c14ee7ee4c7d:0x951008546ab611ab!8m2!3d23.8005449!4d90.355272!16s%2Fg%2F11spdtbjwn!19sChIJfUzu507BVTcRqxG2alQIEJU?authuser=0&hl=en&g_ep=EgoyMDI2MDkwMi4wIJJjKgBIAVAD&rclk=1,4.1,1.2K,"105 Mirpur Rd 1216, Mirpur 1, Dhaka",23.8005449,90.355272
WOODNEST Restaurant,Restaurant,Uttara,https://www.google.com/maps/place/WOODNEST+Restaurant/data=!4m7!3m6!1s0x3755c75827ef3e07:0xa327c8edb29224c8!8m2!3d23.8652021!4d90.3626285!16s%2Fg%2F11k43dq14w!19sChIJBz7vJ1jHVTcRyCSSsu3IJ6M?authuser=0&hl=en&g_ep=EgoyMDI2MDkwOS4wIJJjKgBIAVAD&rclk=1,4.1,1.2K,"PLOT-1/A, BLOCK-C Rd 4 , Uttara, Dhaka",23.865202,90.362628
Banolata Coffee Shop and Restaurant,Restaurant,Mirpur 12,https://www.google.com/maps/place/Banolata+Coffee+Shop+and+Restaurant/data=!4m7!3m6!1s0x3755c13aec680941:0x3a99c12f4c444057!8m2!3d23.8242999!4d90.3640589!16s%2Fg%2F11clwfxhjz!19sChIJQQlo7DrBVTcRV0BETC_BmTo?authuser=0&hl=en&g_ep=EgoyMDI2MDkwMi4wIJJjKgBIAVAD&rclk=1,4.1,1.1K,"Mirpur 12, Dhaka",23.8242999,90.3640589
Hot Plate Restaurant Mirpur 12,Restaurant,Mirpur 12,https://www.google.com/maps/search/?api=1&query=Hot+Plate+Restaurant+Mirpur+12+Dhaka,4.1,1.1K,"Terminal Road, Mirpur 12, Dhaka",23.8285,90.3603
Pan De Asia Restaurant & Convention Hall,Restaurant,Uttara,https://www.google.com/maps/place/Pan+De+Asia+Restaurant+%26+Convention+Hall/data=!4m7!3m6!1s0x3755c5afe570a74f:0xb9ef70532f7920b0!8m2!3d23.8690581!4d90.4000157!16s%2Fg%2F11gr7368yy!19sChIJT6dw5a_FVTcRsCB5L1Nw77k?authuser=0&hl=en&g_ep=EgoyMDI2MDkwOS4wIJJjKgBIAVAD&rclk=1,4.1,1.1K,"Rajuk Razib, Plot 71 Service Rd , Uttara, Dhaka",23.869058,90.400016
Pizza Hut Bhatara,Restaurant,Bashundhara R/A,https://www.google.com/maps/place/Pizza+Hut+Bhatara/data=!4m7!3m6!1s0x3755c64d15ae82b5:0xc65a6a22a6f8755!8m2!3d23.8122605!4d90.4241702!16s%2Fg%2F11h0lbzk_!19sChIJtYKuFU3GVTcRVYdvKqKmZQw?authuser=0&hl=en&g_ep=EgoyMDI2MDkwOS4wIJJjKgBIAVAD&rclk=1,4.1,1.1K,"Bashundhara Rd Casual pizza chain with wide selection , Bashundhara R/A, Dhaka",23.812261,90.42417
Pizza Weist Mirpur 11,Restaurant,Mirpur 11,https://www.google.com/maps/search/?api=1&query=Pizza+Weist+Mirpur+11+Dhaka,4.1,1.1K,"Pallabi Main Road, Mirpur 11, Dhaka",23.8188,90.365
Secret Recipe Shantinagar,Restaurant,Shantinagar,https://www.google.com/maps/place/Secret+Recipe+Shantinagar/data=!4m7!3m6!1s0x3755b860260fe789:0x7a90f3172ba1f655!8m2!3d23.741223!4d90.4126059!16s%2Fg%2F11g01w_71g!19sChIJiecPJmC4VTcRVfahKxfzkHo?authuser=0&hl=en&g_ep=EgoyMDI2MDkwMi4wIJJjKgBIAVAD&rclk=1,4.1,1.1K,"Shantinagar, Dhaka",23.741223,90.4126059
Tray Story,Restaurant,Khilgaon,https://www.google.com/maps/place/Tray+Story/data=!4m7!3m6!1s0x3755b9ee2cdbcde5:0x282c80fac5b07f27!8m2!3d23.7518819!4d90.4217781!16s%2Fg%2F11f9y8k9sz!19sChIJ5c3bLO65VTcRJ3-wxfqALCg?authuser=0&hl=en&g_ep=EgoyMDI2MDkwMi4wIJJjKgBIAVAD&rclk=1,4.1,1.1K,"QC2C+PMW, 920/C Shahid Baki Rd, Khilgaon, Dhaka",23.7518819,90.4217781
Urban Void Food Court,Restaurant,Bashundhara R/A,https://www.google.com/maps/place/Urban+Void+Food+Court/data=!4m7!3m6!1s0x3755c75cc161451d:0x9841f8fc4b743278!8m2!3d23.812416!4d90.4228591!16s%2Fg%2F11ll7ghgdz!19sChIJHUVhwVzHVTcReDJ0S_z4QZg?authuser=0&hl=en&g_ep=EgoyMDI2MDkwOS4wIJJjKgBIAVAD&rclk=1,4.1,1.1K,"Ka-9 Bashundhara Rd , Bashundhara R/A, Dhaka",23.812416,90.422859
Kudos Mirpur,Restaurant,Mirpur 10,https://www.google.com/maps/place/Kudos+Mirpur/data=!4m7!3m6!1s0x3755c100b9068f65:0x1c3c82a01d30bbf1!8m2!3d23.8103867!4d90.3612617!16s%2Fg%2F11jlw_y1q2!19sChIJZY8GuQDBVTcR8bswHaCCPBw?authuser=0&hl=en&g_ep=EgoyMDI2MDkwMi4wIJJjKgBIAVAD&rclk=1,4.1,1.0K,"Block F, Shop No, 2 Road No. 5, Mirpur 10, Dhaka",23.8103867,90.3612617
Little Arabia Restaurant,Restaurant,Shantinagar,https://www.google.com/maps/place/Little+Arabia+Restaurant/data=!4m7!3m6!1s0x3755c7a199e5306d:0x2c543a959e99c941!8m2!3d23.7395897!4d90.4144586!16s%2Fg%2F11cjhl0mg6!19sChIJbTDlmaHHVTcRQcmZnpU6VCw?authuser=0&hl=en&g_ep=EgoyMDI2MDkwMi4wIJJjKgBIAVAD&rclk=1,4.1,991,"140, Al Amin Tower, 141 Rd, Shantinagar, Dhaka",23.7395897,90.4144586
Sweet Tooth Khilgaon,Cafe,Khilgaon,https://www.google.com/maps/search/?api=1&query=Sweet+Tooth+Khilgaon+Dhaka,4.1,980,"Tilpapara, Khilgaon, Dhaka",23.75,90.4232
Roadside Kitchen Khilgaon & Countryside Khilgaon,Restaurant,Khilgaon,https://www.google.com/maps/place/Roadside+Kitchen+Khilgaon+%26+Countryside+Khilgaon/data=!4m7!3m6!1s0x3755b9007b97c1df:0x207b7a06e4787f8f!8m2!3d23.7520794!4d90.4172862!16s%2Fg%2F11whs5y3cc!19sChIJ38GXewC5VTcRj3945AZ6eyA?authuser=0&hl=en&g_ep=EgoyMDI2MDkwMi4wIJJjKgBIAVAD&rclk=1,4.1,936,"588/C Malibagh Chowdhury Para Rd, Khilgaon, Dhaka",23.7520794,90.4172862
Secret Recipe - Bailey Road Standard,Restaurant,Shantinagar,https://www.google.com/maps/place/Secret+Recipe+-+Bailey+Road+Standard/data=!4m7!3m6!1s0x3755b88baa3bd5cb:0xa98a32062b6cf82a!8m2!3d23.7419681!4d90.4099807!16s%2Fg%2F11gg___z3t!19sChIJy9U7qou4VTcRKvhsKwYyiqk?authuser=0&hl=en&g_ep=EgoyMDI2MDkwMi4wIJJjKgBIAVAD&rclk=1,4.1,878,"3rd floor, 3 Bailey Rd, Shantinagar, Dhaka",23.7419681,90.4099807
Coffee Mania,Cafe,Mirpur 10,https://www.google.com/maps/place/Coffee+Mania/data=!4m7!3m6!1s0x3755c0d5edb6e297:0xfdc601a344143320!8m2!3d23.8094973!4d90.3710444!16s%2Fg%2F11c2pf4c9r!19sChIJl-K27dXAVTcRIDMURKMBxv0?authuser=0&hl=en&g_ep=EgoyMDI2MDkwMi4wIJJjKgBIAVAD&rclk=1,4.1,854,"Line-6, House # 16, Mirpur 10, Dhaka",23.8094973,90.3710444
Cream & Fudge Mirpur 1,Cafe,Mirpur 1,https://www.google.com/maps/search/?api=1&query=Cream+and+Fudge+Mirpur+1+Dhaka,4.1,850,"Main Road, Mirpur 1, Dhaka",23.8052,90.3542
RED BEANS,Cafe,Uttara,https://www.google.com/maps/place/RED+BEANS/data=!4m7!3m6!1s0x3755c57119e4ecfd:0xf4e1e4c500934cb6!8m2!3d23.8719976!4d90.3837517!16s%2Fg%2F11qpl8l_k7!19sChIJ_ezkGXHFVTcRtkyTAMXk4fQ?authuser=0&hl=en&g_ep=EgoyMDI2MDkwOS4wIJJjKgBIAVAD&rclk=1,4.1,847,"Uttara, Dhaka",23.871998,90.383752
Galleria Restaurant and Cafe,Restaurant,Mirpur 11,https://www.google.com/maps/place/Galleria+Restaurant+and+Cafe/data=!4m7!3m6!1s0x3755c13ab1543e45:0x98ec151ff686567a!8m2!3d23.8229845!4d90.3645129!16s%2Fg%2F11f5030khh!19sChIJRT5UsTrBVTcRelaG9h8V7Jg?authuser=0&hl=en&g_ep=EgoyMDI2MDkwMi4wIJJjKgBIAVAD&rclk=1,4.1,845,"2nd Floor, City Club Market, Road No #01, Mirpur 11, Dhaka",23.8229845,90.3645129
Nest Restaurant & Bar,Restaurant,Uttara,https://www.google.com/maps/place/Nest+Restaurant+%26+Bar/data=!4m7!3m6!1s0x3755c51b4e46e6a5:0x92027be08c5631!8m2!3d23.8745341!4d90.3891907!16s%2Fg%2F11klc3vlh2!19sChIJpeZGThvFVTcRMVaM4HsCkgA?authuser=0&hl=en&g_ep=EgoyMDI2MDkwOS4wIJJjKgBIAVAD&rclk=1,4.1,840,"40 Sonargaon Janapath Rd , Uttara, Dhaka",23.874534,90.389191
Tea Valley Mirpur 12,Cafe,Mirpur 12,https://www.google.com/maps/search/?api=1&query=Tea+Valley+Mirpur+12+Dhaka,4.1,820,"Bus Stand area, Mirpur 12, Dhaka",23.8265,90.3615
Coffee World Banani,Cafe,Banani,https://www.google.com/maps/place/Coffee+World+Banani/data=!4m7!3m6!1s0x3755c7121440a0cb:0x765cebd9defd3bff!8m2!3d23.7906659!4d90.4041404!16s%2Fg%2F1tkjjk90!19sChIJy6BAFBLHVTcR_zv93tnrXHY?authuser=0&hl=en&g_ep=EgoyMDI2MDkwMi4wIJJjKgBIAVAD&rclk=1,4.1,782,"Ground Floor, House 32 Road No. 11 · Trendy contemporary coffee shop chain, Banani, Dhaka",23.7906659,90.4041404
The Coffee Club Mirpur 10,Cafe,Mirpur 10,https://www.google.com/maps/search/?api=1&query=The+Coffee+Club+Mirpur+10+Dhaka,4.1,760,"Block B, Mirpur 10, Dhaka",23.8085,90.3688
Tasty Treat - Baridhara,Cafe,Bashundhara R/A,https://www.google.com/maps/place/Tasty+Treat+-+Baridhara/data=!4m7!3m6!1s0x3755c71042651d63:0xfc1441c7753def99!8m2!3d23.8076706!4d90.418227!16s%2Fg%2F11h4kskl_j!19sChIJYx1lQhDHVTcRme89dcdBFPw?authuser=0&hl=en&g_ep=EgoyMDI2MDkwOS4wIJJjKgBIAVAD&rclk=1,4.1,757,"Bashundhara R/A, Dhaka",23.807671,90.418227
Cha Shongjog Mirpur 12,Cafe,Mirpur 12,https://www.google.com/maps/search/?api=1&query=Cha+Shongjog+Mirpur+12+Dhaka,4.1,750,"Kazipara Link Road, Mirpur 12, Dhaka",23.826,90.3614
Lake Town Restaurant,Restaurant,Dhanmondi,https://www.google.com/maps/place/Lake+Town+Restaurant/data=!4m7!3m6!1s0x3755b9dd3688f671:0xb4aff009d8ac4565!8m2!3d23.7465466!4d90.3776362!16s%2Fg%2F11rn4lcwb4!19sChIJcfaINt25VTcRZUWs2Anwr7Q?authuser=0&hl=en&g_ep=EgoyMDI2MDkwMi4wIJJjKgBIAVAD&rclk=1,4.1,719,"dingi, ধানমণ্ডি ৮নং ব্রিজ, Road: 12/A, just after, Dhanmondi, Dhaka",23.7465466,90.3776362
Sparrows,Cafe,Gulshan 2,https://www.google.com/maps/place/Sparrows/data=!4m7!3m6!1s0x3755c7ae3d08e3c5:0xc6dfe709c53f7e3e!8m2!3d23.8038407!4d90.4134179!16s%2Fg%2F11qp457cvn!19sChIJxeMIPa7HVTcRPn4_xQnn38Y?authuser=0&hl=en&g_ep=EgoyMDI2MDkwMi4wIJJjKgBIAVAD&rclk=1,4.1,700,"House 7, 2 Rd No 71, Gulshan 2, Dhaka",23.8038407,90.4134179
Cafe 11 Pallabi,Cafe,Mirpur 11,https://www.google.com/maps/search/?api=1&query=Cafe+11+Pallabi+Dhaka,4.1,680,"Avenue 5, Mirpur 11, Dhaka",23.8188,90.3638
Rooftop Soi3,Restaurant,Dhanmondi,https://www.google.com/maps/place/Rooftop+Soi3/data=!4m7!3m6!1s0x3755bfb031edbf11:0x4b284347cdec5cfe!8m2!3d23.7466875!4d90.3706241!16s%2Fg%2F11spwbmvxd!19sChIJEb_tMbC_VTcR_lzszUdDKEs?authuser=0&hl=en&g_ep=EgoyMDI2MDkwMi4wIJJjKgBIAVAD&rclk=1,4.1,654,"Green City Square, 750 Satmasjid Road, Dhanmondi, Dhaka",23.7466875,90.3706241
Cafe Shantinagar,Cafe,Shantinagar,https://www.google.com/maps/search/?api=1&query=Cafe+Shantinagar+Dhaka,4.1,650,"Plaza, Shantinagar, Dhaka",23.7386,90.4132
Ajwah Bake & Pastry,Cafe,Uttara,https://www.google.com/maps/place/Ajwah+Bake+%26+Pastry/data=!4m7!3m6!1s0x3755c42418d41601:0x3f9ca64e1d272476!8m2!3d23.8643746!4d90.399609!16s%2Fg%2F11cs47nq60!19sChIJARbUGCTEVTcRdiQnHU6mnD8?authuser=0&hl=en&g_ep=EgoyMDI2MDkwOS4wIJJjKgBIAVAD&rclk=1,4.1,627,"Uttara, Dhaka",23.864375,90.399609
Kudos | Bashundhara,Restaurant,Bashundhara R/A,https://www.google.com/maps/place/Kudos+%7C+Bashundhara/data=!4m7!3m6!1s0x3755c748ac246021:0xff4b29652e84e31c!8m2!3d23.8076542!4d90.4279361!16s%2Fg%2F11s33lrl3y!19sChIJIWAkrEjHVTcRHOOELmUpS_8?authuser=0&hl=en&g_ep=EgoyMDI2MDkwOS4wIJJjKgBIAVAD&rclk=1,4.1,621,"442 New Apollo Rd , Bashundhara R/A, Dhaka",23.807654,90.427936
Sumi's Hot Cake,Cafe,Uttara,https://www.google.com/maps/place/Sumi%27s+Hot+Cake/data=!4m7!3m6!1s0x3755c427f27fc2ed:0xadd6d0759aa363ec!8m2!3d23.8614782!4d90.3987684!16s%2Fg%2F1ptykcmrc!19sChIJ7cJ_8ifEVTcR7GOjmnXQ1q0?authuser=0&hl=en&g_ep=EgoyMDI2MDkwOS4wIJJjKgBIAVAD&rclk=1,4.1,584,"Uttara, Dhaka",23.861478,90.398768
Coffee Corner 12,Cafe,Mirpur 12,https://www.google.com/maps/search/?api=1&query=Coffee+Corner+Mirpur+12+Dhaka,4.1,580,"Terminal Area, Mirpur 12, Dhaka",23.8268,90.3606
Uttara Wellness Spa,Cafe,Uttara,https://www.google.com/maps/place/Uttara+Wellness+Spa/data=!4m7!3m6!1s0x3755c416f394ffbb:0xe54f505b36ec6679!8m2!3d23.8643746!4d90.399609!16s%2Fg%2F11cjnmjy3z!19sChIJu_-U8xbEVTcReWbsNltQT-U?authuser=0&hl=en&g_ep=EgoyMDI2MDkwOS4wIJJjKgBIAVAD&rclk=1,4.1,578,"81 Service Rd , Uttara, Dhaka",23.864375,90.399609
Kanary Restaurant,Restaurant,Bashundhara R/A,https://www.google.com/maps/place/Kanary+Restaurant/data=!4m7!3m6!1s0x3755c64ce210710b:0x80e40db2327e41f3!8m2!3d23.812208!4d90.4245041!16s%2Fg%2F11cn170jyn!19sChIJC3EQ4kzGVTcR80F-MrIN5IA?authuser=0&hl=en&g_ep=EgoyMDI2MDkwOS4wIJJjKgBIAVAD&rclk=1,4.1,567,"KA/4 Bashundhara Rd , Bashundhara R/A, Dhaka",23.812208,90.424504
Tasty Treat - Mirpur 10,Cafe,Mirpur 10,https://www.google.com/maps/place/Tasty+Treat+-+Mirpur+10/data=!4m7!3m6!1s0x3755c1ed97c94c9d:0xa49e2eefc9b4acef!8m2!3d23.8063047!4d90.3687172!16s%2Fg%2F11gyyxdpxt!19sChIJnUzJl-3BVTcR76y0ye8unqQ?authuser=0&hl=en&g_ep=EgoyMDI2MDkwMi4wIJJjKgBIAVAD&rclk=1,4.1,552,"39/1/B, Block-kha Boundary Rd, Mirpur 10, Dhaka",23.8063047,90.3687172
Gotcha - Art Of Tea Dhanmondi,Cafe,Dhanmondi,https://www.google.com/maps/place/Gotcha+-+Art+Of+Tea+Dhanmondi/data=!4m7!3m6!1s0x3755b92bbc819043:0x7390b626ac635dff!8m2!3d23.7455623!4d90.3792964!16s%2Fg%2F11pf86fwxp!19sChIJQ5CBvCu5VTcR_11jrCa2kHM?authuser=0&hl=en&g_ep=EgoyMDI2MDkwMi4wIJJjKgBIAVAD&rclk=1,4.1,529,"39/A Rd No. 8, Dhanmondi, Dhaka",23.7455623,90.3792964
EDIBOWL Mirpur-12,Cafe,Mirpur 12,https://www.google.com/maps/place/EDIBOWL+Mirpur-12/data=!4m7!3m6!1s0x3755c1a49c5ecd07:0x818c764751854bab!8m2!3d23.8272723!4d90.3643136!16s%2Fg%2F11try3fp5r!19sChIJB81enKTBVTcRq0uFUUd2jIE?authuser=0&hl=en&g_ep=EgoyMDI2MDkwMi4wIJJjKgBIAVAD&rclk=1,4.1,484,"House#45, Road#7, Block#A, 45 Rd No. 7, Mirpur 12, Dhaka",23.8272723,90.3643136
Travel East Dhanmondi,Restaurant,Dhanmondi,https://www.google.com/maps/place/Travel+East+Dhanmondi/data=!4m7!3m6!1s0x3755bf2bae6def4f:0x88962fd9e61d102d!8m2!3d23.7512527!4d90.3676549!16s%2Fg%2F11l30q39h4!19sChIJT-9triu_VTcRLRAd5tkvlog?authuser=0&hl=en&g_ep=EgoyMDI2MDkwMi4wIJJjKgBIAVAD&rclk=1,4.1,467,"Concord MK Heritage, 776 Satmasjid Road, Dhanmondi, Dhaka",23.7512527,90.3676549
VIRGO LOUNGE,Restaurant,Uttara,https://www.google.com/maps/place/VIRGO+LOUNGE/data=!4m7!3m6!1s0x3755c5c488b90441:0x238475d239921b97!8m2!3d23.8748194!4d90.3990182!16s%2Fg%2F11jzvd340x!19sChIJQQS5iMTFVTcRlxuSOdJ1hCM?authuser=0&hl=en&g_ep=EgoyMDI2MDkwOS4wIJJjKgBIAVAD&rclk=1,4.1,465,"Level 2-3, Plot 8 Sonargaon Janapath Rd , Uttara, Dhaka",23.874819,90.399018
Secret Recipe Bashundhara R/A Flagship,Restaurant,Bashundhara R/A,https://www.google.com/maps/place/Secret+Recipe+Bashundhara+R%2FA+Flagship/data=!4m7!3m6!1s0x3755c72f6f09574b:0xe1e2e52fc4d55ba1!8m2!3d23.8111627!4d90.4304225!16s%2Fg%2F11js_9dywt!19sChIJS1cJby_HVTcRoVvVxC_l4uE?authuser=0&hl=en&g_ep=EgoyMDI2MDkwOS4wIJJjKgBIAVAD&rclk=1,4.1,463,"Plot No-440,441 & 442, Union Tower , Bashundhara R/A, Dhaka",23.811163,90.430423
Chaap Ghor Uttara,Restaurant,Uttara,https://www.google.com/maps/place/Chaap+Ghor+Uttara/data=!4m7!3m6!1s0x3755c5ad2353f6c5:0x9e97301bd780bad2!8m2!3d23.8648656!4d90.3957165!16s%2Fg%2F11pf88gpc9!19sChIJxfZTI63FVTcR0rqA1xswl54?authuser=0&hl=en&g_ep=EgoyMDI2MDkwOS4wIJJjKgBIAVAD&rclk=1,4.1,460,"Uttara, Dhaka",23.864866,90.395717
T&C,Restaurant,Mirpur 10,https://www.google.com/maps/place/T%26C/data=!4m7!3m6!1s0x3755c1000afa702f:0x49e373052e0fe7e0!8m2!3d23.8058162!4d90.3650618!16s%2Fg%2F11vrfz189g!19sChIJL3D6CgDBVTcR4OcPLgVz40k?authuser=0&hl=en&g_ep=EgoyMDI2MDkwMi4wIJJjKgBIAVAD&rclk=1,4.1,378,"R948+82F, Mirpur Rd, Mirpur 10, Dhaka",23.8058162,90.3650618
Espresso Lounge,Cafe,Banani,https://www.google.com/maps/place/Espresso+Lounge/data=!4m7!3m6!1s0x3755c7002f1de9f5:0x4c05a8513a18e6d6!8m2!3d23.7946611!4d90.4085552!16s%2Fg%2F11y8ccs3tp!19sChIJ9ekdLwDHVTcR1uYYOlGoBUw?authuser=0&hl=en&g_ep=EgoyMDI2MDkwMi4wIJJjKgBIAVAD&rclk=1,4.1,374,"57 Road No.27, Banani, Dhaka",23.7946611,90.4085552
Crimson Cup Mirpur 12,Cafe,Mirpur 12,https://www.google.com/maps/place/Crimson+Cup+Mirpur+12/data=!4m7!3m6!1s0x3755c15a9540e10f:0x3c24a9af32efc42c!8m2!3d23.8270336!4d90.3645377!16s%2Fg%2F11tg2m316q!19sChIJD-FAlVrBVTcRLMTvMq-pJDw?authuser=0&hl=en&g_ep=EgoyMDI2MDkwMi4wIJJjKgBIAVAD&rclk=1,4.1,358,"Mirpur 12, Dhaka",23.8270336,90.3645377
Ajwah Bake & Pastry,Cafe,Uttara,https://www.google.com/maps/place/Ajwah+Bake+%26+Pastry/data=!4m7!3m6!1s0x3755c4235d3a7505:0x785cef049119e258!8m2!3d23.8644306!4d90.3912614!16s%2Fg%2F11c1vggngm!19sChIJBXU6XSPEVTcRWOIZkQTvXHg?authuser=0&hl=en&g_ep=EgoyMDI2MDkwOS4wIJJjKgBIAVAD&rclk=1,4.1,317,"House 17, Road-1 , Uttara, Dhaka",23.864431,90.391261
Magpie restaurant,Restaurant,Bashundhara R/A,https://www.google.com/maps/place/Magpie+restaurant/data=!4m7!3m6!1s0x3755c78730f60b25:0x3739108710a7af30!8m2!3d23.8097391!4d90.4215034!16s%2Fg%2F11pvwgy4hy!19sChIJJQv2MIfHVTcRMK-nEIcQOTc?authuser=0&hl=en&g_ep=EgoyMDI2MDkwOS4wIJJjKgBIAVAD&rclk=1,4.1,315,"Ka 42/6, Nadda,1st Floor,Progati Sarani Bus Stand Dhaka, Bashundhara R/A, Dhaka",23.809739,90.421503
Sushi yAki Uttara,Restaurant,Uttara,https://www.google.com/maps/place/Sushi+yAki+Uttara/data=!4m7!3m6!1s0x3755c50af09e5c27:0xe43addbfd4839e7a!8m2!3d23.8697586!4d90.3921911!16s%2Fg%2F11jyytjw82!19sChIJJ1ye8ArFVTcRep6D1L_dOuQ?authuser=0&hl=en&g_ep=EgoyMDI2MDkwOS4wIJJjKgBIAVAD&rclk=1,4.1,303,"House 4 Road-2 , Uttara, Dhaka",23.869759,90.392191
Well Food (Bashundhara) - ওয়েল ফুড (বসুন্ধরা),Cafe,Bashundhara R/A,https://www.google.com/maps/place/Well+Food+%28Bashundhara%29+-+%E0%A6%93%E0%A6%AF%E0%A6%BC%E0%A7%87%E0%A6%B2+%E0%A6%AB%E0%A7%81%E0%A6%A1+%28%E0%A6%AC%E0%A6%B8%E0%A7%81%E0%A6%A8%E0%A7%8D%E0%A6%A7%E0%A6%B0%E0%A6%BE%29/data=!4m7!3m6!1s0x3755c64d6bf6b1ff:0xe4c44333866a6727!8m2!3d23.8120531!4d90.4223751!16s%2Fg%2F11b6gpdvqg!19sChIJ_7H2a03GVTcRJ2dqhjNDxOQ?authuser=0&hl=en&g_ep=EgoyMDI2MDkwOS4wIJJjKgBIAVAD&rclk=1,4.1,302,"KA 24, 4 Bashundhara Rd , Bashundhara R/A, Dhaka",23.812053,90.422375
Crush Momo Uttara,Restaurant,Uttara,https://www.google.com/maps/place/Crush+Momo+Uttara/data=!4m7!3m6!1s0x3755c51188efab59:0xcd696a3f6f6a4a68!8m2!3d23.8696781!4d90.3916112!16s%2Fg%2F11pgcf94x8!19sChIJWavviBHFVTcRaEpqbz9qac0?authuser=0&hl=en&g_ep=EgoyMDI2MDkwOS4wIJJjKgBIAVAD&rclk=1,4.1,300,"House 4 Road-3 , Uttara, Dhaka",23.869678,90.391611
Seafood Restaurant,Restaurant,Uttara,https://www.google.com/maps/place/Seafood+Restaurant/data=!4m7!3m6!1s0x3755c5cb02808995:0x76a5e7fcfe9675e6!8m2!3d23.8677708!4d90.3964204!16s%2Fg%2F11p_0_m52r!19sChIJlYmAAsvFVTcR5nWW_vznpXY?authuser=0&hl=en&g_ep=EgoyMDI2MDkwOS4wIJJjKgBIAVAD&rclk=1,4.1,287,"House #28 Rabindra Sarani , Uttara, Dhaka",23.867771,90.39642
Grassroot Cafe Uttara,Cafe,Uttara,https://www.google.com/maps/place/Grassroot+Cafe+Uttara/data=!4m7!3m6!1s0x3755c5e66bae4c63:0x90d56fd3b7c3ceea!8m2!3d23.8617189!4d90.399564!16s%2Fg%2F11rp_wjpl9!19sChIJY0yua-bFVTcR6s7Dt9Nv1ZA?authuser=0&hl=en&g_ep=EgoyMDI2MDkwOS4wIJJjKgBIAVAD&rclk=1,4.1,276,"V96X+MRP, Service Rd , Uttara, Dhaka",23.861719,90.399564
Shumi's Hot Cake Limited,Cafe,Bashundhara R/A,https://www.google.com/maps/place/Shumi%27s+Hot+Cake+Limited/data=!4m7!3m6!1s0x3755c64d1ead47ff:0xc6e151aa6f638960!8m2!3d23.8120458!4d90.4236495!16s%2Fg%2F11gsmk8tqb!19sChIJ_0etHk3GVTcRYIljb6pR4cY?authuser=0&hl=en&g_ep=EgoyMDI2MDkwOS4wIJJjKgBIAVAD&rclk=1,4.1,250,"RC6F+VJ2, Bashundhara Rd , Bashundhara R/A, Dhaka",23.812046,90.423649
TeaFirin,Restaurant,Uttara,https://www.google.com/maps/place/TeaFirin/data=!4m7!3m6!1s0x3755c422121353e5:0x5f947b774b459750!8m2!3d23.8652732!4d90.3940856!16s%2Fg%2F11vlp3tqb2!19sChIJ5VMTEiLEVTcRUJdFS3d7lF8?authuser=0&hl=en&g_ep=EgoyMDI2MDkwOS4wIJJjKgBIAVAD&rclk=1,4.1,243,"House-14, Ground Floor, Naima’s Paradise, Road-7/A , Uttara, Dhaka",23.865273,90.394086
YENZO,Restaurant,Dhanmondi,https://www.google.com/maps/place/YENZO/data=!4m7!3m6!1s0x3755bf0042bd2bc7:0x77981cb20d8f2005!8m2!3d23.75125!4d90.3676667!16s%2Fg%2F11y99mk_by!19sChIJxyu9QgC_VTcRBSCPDbIcmHc?authuser=0&hl=en&g_ep=EgoyMDI2MDkwMi4wIJJjKgBIAVAD&rclk=1,4.1,230,"5th Floor, 776 (New Satmasjid Road, Dhanmondi, Dhaka",23.75125,90.3676667
Carnish,Restaurant,Uttara,https://www.google.com/maps/place/Carnish/data=!4m7!3m6!1s0x3755c521c12069a5:0xc4561f3cccf15ba2!8m2!3d23.8787358!4d90.3906158!16s%2Fg%2F11krdvvt93!19sChIJpWkgwSHFVTcRolvxzDwfVsQ?authuser=0&hl=en&g_ep=EgoyMDI2MDkwOS4wIJJjKgBIAVAD&rclk=1,4.1,222,"Uttara, Dhaka",23.878736,90.390616
Street Oven Bashundhara Outlet,Restaurant,Bashundhara R/A,https://www.google.com/maps/place/Street+Oven+Bashundhara+Outlet/data=!4m7!3m6!1s0x3755c7dc5fa117bd:0xea66439ef0409727!8m2!3d23.8122285!4d90.4244799!16s%2Fg%2F11hz2f0924!19sChIJvRehX9zHVTcRJ5dA8J5DZuo?authuser=0&hl=en&g_ep=EgoyMDI2MDkwOS4wIJJjKgBIAVAD&rclk=1,4.1,221,"Ka-4/A, 1st Floor, Bashundhara Rd , Bashundhara R/A, Dhaka",23.812228,90.42448
King's Confectionery Uttara Sect. 11,Cafe,Uttara,https://www.google.com/maps/place/King%27s+Confectionery+Uttara+Sect.+11/data=!4m7!3m6!1s0x3755c4144744b2ed:0x98c9fdd22d9ff4cb!8m2!3d23.8677908!4d90.3964573!16s%2Fg%2F11clsxqcf6!19sChIJ7bJERxTEVTcRy_SfLdL9yZg?authuser=0&hl=en&g_ep=EgoyMDI2MDkwOS4wIJJjKgBIAVAD&rclk=1,4.1,211,"Avenue, House No 33, road 15, Garib-E-Newaz Ave , Uttara, Dhaka",23.867791,90.396457
Iceland Coffee Gulshan Branch,Cafe,Gulshan 1,https://www.google.com/maps/place/Iceland+Coffee+Gulshan+Branch/data=!4m7!3m6!1s0x3755c7004297495f:0x62526f5637b4569c!8m2!3d23.793685!4d90.4145368!16s%2Fg%2F11yct9c_lm!19sChIJX0mXQgDHVTcRnFa0N1ZvUmI?authuser=0&hl=en&g_ep=EgoyMDI2MDkwMi4wIJJjKgBIAVAD&rclk=1,4.1,210,"14th floor Plot 32/A, Navana Trillium, Rd 45, Gulshan 1, Dhaka",23.793685,90.4145368
Pizza Hut Jamuna Future Park,Restaurant,Bashundhara R/A,https://www.google.com/maps/place/Pizza+Hut+Jamuna+Future+Park/data=!4m7!3m6!1s0x3755c7c3cb722905:0xded3b656ec3001ac!8m2!3d23.8131747!4d90.4238252!16s%2Fg%2F11fn6y9r21!19sChIJBSlyy8PHVTcRrAEw7Fa2094?authuser=0&hl=en&g_ep=EgoyMDI2MDkwOS4wIJJjKgBIAVAD&rclk=1,4.1,207,"Bashundhara R/A, Dhaka",23.813175,90.423825
Takeout,Restaurant,Bashundhara R/A,https://www.google.com/maps/place/Takeout/data=!4m7!3m6!1s0x3755c73044d9446b:0x632b15f550fac95!8m2!3d23.8135697!4d90.4243033!16s%2Fg%2F11j0rh5x64!19sChIJa0TZRDDHVTcRlawPVV-xMgY?authuser=0&hl=en&g_ep=EgoyMDI2MDkwOS4wIJJjKgBIAVAD&rclk=1,4.1,193,"Level 5, Jamuna Future Park, 9 Progati Sarani Rd , Bashundhara R/A, Dhaka",23.81357,90.424303
Baan Busaba,Restaurant,Gulshan 2,https://www.google.com/maps/place/Baan+Busaba/data=!4m7!3m6!1s0x3755c7003c961f4f:0xd7944c828f8c4dea!8m2!3d23.7952758!4d90.4147493!16s%2Fg%2F11yhd07llm!19sChIJTx-WPADHVTcR6k2Mj4JMlNc?authuser=0&hl=en&g_ep=EgoyMDI2MDkwMi4wIJJjKgBIAVAD&rclk=1,4.1,188,"Gulshan 2, Dhaka",23.7952758,90.4147493
Café Leo (Main Branch),Cafe,Bashundhara R/A,https://www.google.com/maps/place/Caf%C3%A9+Leo+%28Main+Branch%29/data=!4m7!3m6!1s0x3755c70066a0886f:0x5cafc9f5117c2e1b!8m2!3d23.8164072!4d90.4367847!16s%2Fg%2F11xg8bxfq1!19sChIJb4igZgDHVTcRGy58EfXJr1w?authuser=0&hl=en&g_ep=EgoyMDI2MDkwOS4wIJJjKgBIAVAD&rclk=1,4.1,180,"Road No. 14 , Bashundhara R/A, Dhaka",23.816407,90.436785
Burger Xpress Bashundhara,Restaurant,Bashundhara R/A,https://www.google.com/maps/place/Burger+Xpress+Bashundhara/data=!4m7!3m6!1s0x3755c79c9ab5da65:0xe7d1949874e08aa6!8m2!3d23.8083115!4d90.4293004!16s%2Fg%2F11kj41z1ff!19sChIJZdq1mpzHVTcRporgdJiU0ec?authuser=0&hl=en&g_ep=EgoyMDI2MDkwOS4wIJJjKgBIAVAD&rclk=1,4.1,168,"RC5H+9VP, Kuwaiti Mosque Rd , Bashundhara R/A, Dhaka",23.808311,90.4293
Meghboroni (মেঘবরণী),Restaurant,Mirpur 10,https://www.google.com/maps/place/Meghboroni+%28%E0%A6%AE%E0%A7%87%E0%A6%98%E0%A6%AC%E0%A6%B0%E0%A6%A3%E0%A7%80%29/data=!4m7!3m6!1s0x3755c70017d60c87:0xacbd2288113679bc!8m2!3d23.8130301!4d90.3750825!16s%2Fg%2F11xg_32j18!19sChIJhwzWFwDHVTcRvHk2EYgivaw?authuser=0&hl=en&g_ep=EgoyMDI2MDkwMi4wIJJjKgBIAVAD&rclk=1,4.1,165,"Plot 1/1, Lane, 14 Avenue 5, Mirpur 10, Dhaka",23.8130301,90.3750825
M1 Food Zone,Restaurant,Mirpur 1,https://www.google.com/maps/place/M1+Food+Zone/data=!4m7!3m6!1s0x3755c10f75346421:0xaed0e753ce1326c7!8m2!3d23.800876!4d90.3540206!16s%2Fg%2F11lgyn2_19!19sChIJIWQ0dQ_BVTcRxyYTzlPn0K4?authuser=0&hl=en&g_ep=EgoyMDI2MDkwMi4wIJJjKgBIAVAD&rclk=1,4.1,161,"1, 1/2 House 1 ঢাকা, Mirpur 1, Dhaka",23.800876,90.3540206
Lake View Restaurant,Restaurant,Uttara,https://www.google.com/maps/place/Lake+View+Restaurant/data=!4m7!3m6!1s0x3755c43e1940cb9b:0xa333db39b11eaf38!8m2!3d23.8770198!4d90.3940225!16s%2Fg%2F11ggls6rmz!19sChIJm8tAGT7EVTcROK8esTnbM6M?authuser=0&hl=en&g_ep=EgoyMDI2MDkwOS4wIJJjKgBIAVAD&rclk=1,4.1,156,"House No. 14 Road No. 5/A , Uttara, Dhaka",23.87702,90.394023
Orabi restaurant Dhanmondi,Restaurant,Dhanmondi,https://www.google.com/maps/place/Orabi+restaurant+Dhanmondi/data=!4m7!3m6!1s0x3755bff0da3944e3:0xc22f87d1e819152f!8m2!3d23.744652!4d90.3720318!16s%2Fg%2F11hdqy3jys!19sChIJ40Q52vC_VTcRLxUZ6NGHL8I?authuser=0&hl=en&g_ep=EgoyMDI2MDkwMi4wIJJjKgBIAVAD&rclk=1,4.1,152,"8th Floor, 736 Satmasjid Road, Dhanmondi, Dhaka",23.744652,90.3720318
Fiori Coffee and Bakery,Cafe,Uttara,https://www.google.com/maps/place/Fiori+Coffee+and+Bakery/data=!4m7!3m6!1s0x3755c510c77911d1:0x16266893a14bbfa8!8m2!3d23.8661271!4d90.3922128!16s%2Fg%2F11w1d_yl_t!19sChIJ0RF5xxDFVTcRqL9LoZNoJhY?authuser=0&hl=en&g_ep=EgoyMDI2MDkwOS4wIJJjKgBIAVAD&rclk=1,4.1,139,"House 11 Road-2 , Uttara, Dhaka",23.866127,90.392213
Mövenpick & Café Suisse,Cafe,Uttara,https://www.google.com/maps/place/M%C3%B6venpick+%26+Caf%C3%A9+Suisse/data=!4m7!3m6!1s0x3755c5c089adfb87:0xe84e3616176e3b80!8m2!3d23.868179!4d90.3939775!16s%2Fg%2F11nmj175m2!19sChIJh_uticDFVTcRgDtuFxY2Tug?authuser=0&hl=en&g_ep=EgoyMDI2MDkwOS4wIJJjKgBIAVAD&rclk=1,4.1,121,"House# 14 Lake Drive Rd , Uttara, Dhaka",23.868179,90.393978
Charlie 14,Restaurant,Uttara,https://www.google.com/maps/place/Charlie+14/data=!4m7!3m6!1s0x3755c512a99a6ff3:0x8a38088fdc649588!8m2!3d23.8656092!4d90.393469!16s%2Fg%2F11v03nlzcn!19sChIJ82-aqRLFVTcRiJVk3I8IOIo?authuser=0&hl=en&g_ep=EgoyMDI2MDkwOS4wIJJjKgBIAVAD&rclk=1,4.1,101,"34 Road No. 20 , Uttara, Dhaka",23.865609,90.393469
Upstairs Food Court,Restaurant,Bashundhara R/A,https://www.google.com/maps/place/Upstairs+Food+Court/data=!4m7!3m6!1s0x3755c700523b7bd9:0x1dba3a2571001ee2!8m2!3d23.8126748!4d90.4281504!16s%2Fg%2F11wvrw02kd!19sChIJ2Xs7UgDHVTcR4h4AcSU6uh0?authuser=0&hl=en&g_ep=EgoyMDI2MDkwOS4wIJJjKgBIAVAD&rclk=1,4.1,79,"Top Ten Mor, Bashundhara Rd , Bashundhara R/A, Dhaka",23.812675,90.42815
Coffee parlour,Cafe,Shantinagar,https://www.google.com/maps/place/Coffee+parlour/data=!4m7!3m6!1s0x3755b861830a27cf:0x7631b215b6b63d62!8m2!3d23.7443132!4d90.4146715!16s%2Fg%2F11c2y9mdmw!19sChIJzycKg2G4VTcRYj22thWyMXY?authuser=0&hl=en&g_ep=EgoyMDI2MDkwMi4wIJJjKgBIAVAD&rclk=1,4.1,77,"161, Malibagh Bazar Road, Shantinagar, Dhaka",23.7443132,90.4146715
Fresh Bake,Cafe,Uttara,https://www.google.com/maps/place/Fresh+Bake/data=!4m7!3m6!1s0x3755c539f95417f5:0x7a991394a01a6aad!8m2!3d23.8761052!4d90.3909806!16s%2Fg%2F11hyz6n_td!19sChIJ9RdU-TnFVTcRrWoaoJQTmXo?authuser=0&hl=en&g_ep=EgoyMDI2MDkwOS4wIJJjKgBIAVAD&rclk=1,4.1,59,"Uttara, Dhaka",23.876105,90.390981
Tehari Ghar,Restaurant,Uttara,https://www.google.com/maps/place/Tehari+Ghar/data=!4m7!3m6!1s0x3755c5ada0730ea1:0xdcd8cb602cca8494!8m2!3d23.8747569!4d90.4002128!16s%2Fg%2F11scslm3w7!19sChIJoQ5zoK3FVTcRlITKLGDL2Nw?authuser=0&hl=en&g_ep=EgoyMDI2MDkwOS4wIJJjKgBIAVAD&rclk=1,4.1,57,"Plot # 1/3, Road # 7D, Sector # 9, Uttara, Dhaka",23.874757,90.400213
Coffeelime - Mirpur,Cafe,Mirpur 1,https://www.google.com/maps/place/Coffeelime+-+Mirpur/data=!4m7!3m6!1s0x3755c1ee1f8553eb:0xf4f7e342c7f35910!8m2!3d23.7998111!4d90.3557203!16s%2Fg%2F11v4j7qn8p!19sChIJ61OFH-7BVTcREFnzx0Lj9_Q?authuser=0&hl=en&g_ep=EgoyMDI2MDkwMi4wIJJjKgBIAVAD&rclk=1,4.1,51,"1216 Rd No. 2, Mirpur 1, Dhaka",23.7998111,90.3557203
GRIND HOUSE MUSIC CAFE,Cafe,Khilgaon,https://www.google.com/maps/place/GRIND+HOUSE+MUSIC+CAFE/data=!4m7!3m6!1s0x3755b9d6da26c585:0x4c33a0a2c7e76898!8m2!3d23.7514072!4d90.4234351!16s%2Fg%2F11k4wkf7zr!19sChIJhcUm2ta5VTcRmGjnx6KgM0w?authuser=0&hl=en&g_ep=EgoyMDI2MDkwMi4wIJJjKgBIAVAD&rclk=1,4.1,51,"level-8, skyview tower, 368/b Taltola Rd, Khilgaon, Dhaka",23.7514072,90.4234351
Amber Bake & Pastry,Cafe,Uttara,https://www.google.com/maps/place/Amber+Bake+%26+Pastry/data=!4m7!3m6!1s0x3755c51aaf9c9ae1:0x1067be9bf2c788ca!8m2!3d23.8728415!4d90.3905754!16s%2Fg%2F11l7y4d1n3!19sChIJ4ZqcrxrFVTcRyojH8pu-ZxA?authuser=0&hl=en&g_ep=EgoyMDI2MDkwOS4wIJJjKgBIAVAD&rclk=1,4.1,44,"Uttara, Dhaka",23.872841,90.390575
Adil’s Sugar Valley,Cafe,Bashundhara R/A,https://www.google.com/maps/place/Adil%E2%80%99s+Sugar+Valley/data=!4m7!3m6!1s0x3755c7000bed4399:0x46d3c320712f292a!8m2!3d23.812664!4d90.4280292!16s%2Fg%2F11ycs19lhm!19sChIJmUPtCwDHVTcRKikvcSDD00Y?authuser=0&hl=en&g_ep=EgoyMDI2MDkwOS4wIJJjKgBIAVAD&rclk=1,4.1,37,"Bashundhara R/A, Dhaka",23.812664,90.428029
COFFEE FEAST,Cafe,Khilgaon,https://www.google.com/maps/place/COFFEE+FEAST/data=!4m7!3m6!1s0x3755b9ce183319c9:0xac733a8ec169c79b!8m2!3d23.7483476!4d90.4302058!16s%2Fg%2F11l36g4zb9!19sChIJyRkzGM65VTcRm8dpwY46c6w?authuser=0&hl=en&g_ep=EgoyMDI2MDkwMi4wIJJjKgBIAVAD&rclk=1,4.1,37,"A-Block, Bank Asia Building, 26/8, Khilgaon, Dhaka",23.7483476,90.4302058
Delicious Restaurant Cake & Cafe,Cafe,Mirpur 11,https://www.google.com/maps/place/Delicious+Restaurant+Cake+%26+Cafe/data=!4m7!3m6!1s0x3755c181176dbc45:0xaaaaaaccbb78f222!8m2!3d23.8175218!4d90.3663281!16s%2Fg%2F11t7bb_cv6!19sChIJRbxtF4HBVTcRIvJ4u8yqqqo?authuser=0&hl=en&g_ep=EgoyMDI2MDkwMi4wIJJjKgBIAVAD&rclk=1,4.1,35,"House 18, block a main road, Mirpur 11, Dhaka",23.8175218,90.3663281
Albino Restaurent & Party Hall,Cafe,Bashundhara R/A,https://www.google.com/maps/place/Albino+Restaurent+%26+Party+Hall/data=!4m7!3m6!1s0x3755c64daf4a4231:0xf4d058aa394077ac!8m2!3d23.8136638!4d90.4237806!16s%2Fg%2F11cn7gy3tw!19sChIJMUJKr03GVTcRrHdAOapY0PQ?authuser=0&hl=en&g_ep=EgoyMDI2MDkwOS4wIJJjKgBIAVAD&rclk=1,4.1,33,"Shop No. 18/19, Level 5, Block A Jamuna Future Park, Pragati Ave ঢাকা 1229 BD, 1229 Pragati Avenue , Bashundhara R/A, Dhaka",23.813664,90.423781
The Fundamental Restaurant & Coffee Lounge,Cafe,Banani,https://www.google.com/maps/place/The+Fundamental+Restaurant+%26+Coffee+Lounge/data=!4m7!3m6!1s0x3755c7cb1ab5ed33:0x8ca601b1150bc828!8m2!3d23.7913875!4d90.4079519!16s%2Fg%2F11rkft64j3!19sChIJM-21GsvHVTcRKMgLFbEBpow?authuser=0&hl=en&g_ep=EgoyMDI2MDkwMi4wIJJjKgBIAVAD&rclk=1,4.1,33,"134 Rd 12, Banani, Dhaka",23.7913875,90.4079519
Foxy Chic,Restaurant,Bashundhara R/A,https://www.google.com/maps/place/Foxy+Chic/data=!4m7!3m6!1s0x3755c652895955e1:0x3578ee88feae9aac!8m2!3d23.8129696!4d90.4210076!16s%2Fg%2F11c7sr00nw!19sChIJ4VVZiVLGVTcRrJqu_ojueDU?authuser=0&hl=en&g_ep=EgoyMDI2MDkwOS4wIJJjKgBIAVAD&rclk=1,4.1,31,"Bashundhara R/A, Dhaka",23.81297,90.421008
Crisp Khilgaon,Restaurant,Khilgaon,https://www.google.com/maps/place/Crisp+Khilgaon/data=!4m7!3m6!1s0x3755b9007c49cf97:0x29434a5ff9b6b854!8m2!3d23.7522158!4d90.4177785!16s%2Fg%2F11w1v98vvc!19sChIJl89JfAC5VTcRVLi2-V9KQyk?authuser=0&hl=en&g_ep=EgoyMDI2MDkwMi4wIJJjKgBIAVAD&rclk=1,4.1,29,"583 Shahid Baki Rd, Khilgaon, Dhaka",23.7522158,90.4177785
Cha & Chill Banani -17,Cafe,Banani,https://www.google.com/maps/place/Cha+%26+Chill+Banani+-17/data=!4m7!3m6!1s0x3755c7007ee9e1af:0x986bb255449f81f3!8m2!3d23.7930777!4d90.4040473!16s%2Fg%2F11ykpxdyh8!19sChIJr-HpfgDHVTcR84GfRFWya5g?authuser=0&hl=en&g_ep=EgoyMDI2MDkwMi4wIJJjKgBIAVAD&rclk=1,4.1,22,"Banani, Dhaka",23.7930777,90.4040473
Wellness Cafe Mirpur,Cafe,Mirpur 1,https://www.google.com/maps/place/Wellness+Cafe+Mirpur/data=!4m7!3m6!1s0x3755c1a6df37be43:0x95aca9e325ce6299!8m2!3d23.7989207!4d90.3541707!16s%2Fg%2F11jz_m2pz5!19sChIJQ74336bBVTcRmWLOJeOprJU?authuser=0&hl=en&g_ep=EgoyMDI2MDkwMi4wIJJjKgBIAVAD&rclk=1,4.1,17,"Mirpur 1, Dhaka",23.7989207,90.3541707
Humble Crumble,Cafe,Bashundhara R/A,https://www.google.com/maps/place/Humble+Crumble/data=!4m7!3m6!1s0x3755c7d5c8f62fb9:0x14ba2e0ea310f493!8m2!3d23.8123832!4d90.4228696!16s%2Fg%2F11h0hjjhmq!19sChIJuS_2yNXHVTcRk_QQow4uuhQ?authuser=0&hl=en&g_ep=EgoyMDI2MDkwOS4wIJJjKgBIAVAD&rclk=1,4.1,16,"Humble Crumble, 1st floor, Urban Void, Bashundhara R/A, Main Road , Bashundhara R/A, Dhaka",23.812383,90.42287
Hamza Biriyani,Restaurant,Uttara,https://www.google.com/maps/place/Hamza+Biriyani/data=!4m7!3m6!1s0x3755c5c74878b789:0x8638b9685a9e5ef2!8m2!3d23.8659811!4d90.3888412!16s%2Fg%2F11stps14ys!19sChIJibd4SMfFVTcR8l6eWmi5OIY?authuser=0&hl=en&g_ep=EgoyMDI2MDkwOS4wIJJjKgBIAVAD&rclk=1,4.1,15,"House-20 Road No. 12 , Uttara, Dhaka",23.865981,90.388841
Cafe 99,Cafe,Mirpur 10,https://www.google.com/maps/place/Cafe+99/data=!4m7!3m6!1s0x3755c7006ea9801d:0xbe93d1afafe84d91!8m2!3d23.8075356!4d90.3753726!16s%2Fg%2F11m61t4nlq!19sChIJHYCpbgDHVTcRkU3or6_Rk74?authuser=0&hl=en&g_ep=EgoyMDI2MDkwMi4wIJJjKgBIAVAD&rclk=1,4.1,13,"R94G+X3W, Rd No 22, Mirpur 10, Dhaka",23.8075356,90.3753726
Najeebites,Cafe,Bashundhara R/A,https://www.google.com/maps/place/Najeebites/data=!4m7!3m6!1s0x3755c74398fa1ca3:0xba7654bf4d9c614c!8m2!3d23.8248422!4d90.4424264!16s%2Fg%2F11nnv8774_!19sChIJoxz6mEPHVTcRTGGcTb9Udro?authuser=0&hl=en&g_ep=EgoyMDI2MDkwOS4wIJJjKgBIAVAD&rclk=1,4.1,13,"Bashundhara R/A, Dhaka",23.824842,90.442426
Aamal Foods - Bashundhara,Cafe,Bashundhara R/A,https://www.google.com/maps/place/Aamal+Foods+-+Bashundhara/data=!4m7!3m6!1s0x3755c7cb67c64fab:0xc4c914f105e81d3f!8m2!3d23.8120538!4d90.4224898!16s%2Fg%2F11l_4y_4g9!19sChIJq0_GZ8vHVTcRPx3oBfEUycQ?authuser=0&hl=en&g_ep=EgoyMDI2MDkwOS4wIJJjKgBIAVAD&rclk=1,4.1,9,"Bashundhara R/A, Dhaka",23.812054,90.42249
"Eldora Restaurant, Mirpur 12, Dhaka.",Restaurant,Mirpur 12,"https://www.google.com/maps/place/Eldora+Restaurant,+Mirpur+12,+Dhaka./data=!4m7!3m6!1s0x3755c1cf6776a94b:0xe43e43d4df70a85e!8m2!3d23.8271286!4d90.3644536!16s%2Fg%2F11n9pxjd0q!19sChIJS6l2Z8_BVTcRXqhw39RDPuQ?authuser=0&hl=en&g_ep=EgoyMDI2MDkwMi4wIJJjKgBIAVAD&rclk=1",4.1,9,"Mirpur 12, Dhaka",23.8271286,90.3644536
Magpie Restaurant,Restaurant,Bashundhara R/A,https://www.google.com/maps/place/Magpie+Restaurant/data=!4m7!3m6!1s0x3755c6529e33e6ad:0x52fc707647c95102!8m2!3d23.812051!4d90.4220607!16s%2Fg%2F11cmp5f2ns!19sChIJreYznlLGVTcRAlHJR3Zw_FI?authuser=0&hl=en&g_ep=EgoyMDI2MDkwOS4wIJJjKgBIAVAD&rclk=1,4,5.8K,"24, 4 Bashundhara Rd now, Bashundhara R/A, Dhaka",23.812051,90.422061
Beyond Buffet (Gulshan),Restaurant,Gulshan 1,https://www.google.com/maps/place/Beyond+Buffet+%28Gulshan%29/data=!4m7!3m6!1s0x3755c77c60fa5bd9:0x11e355eb7c3efe2c!8m2!3d23.7923972!4d90.4158284!16s%2Fg%2F11r16cwsmd!19sChIJ2Vv6YHzHVTcRLP4-fOtV4xE?authuser=0&hl=en&g_ep=EgoyMDI2MDkwMi4wIJJjKgBIAVAD&rclk=1,4,4.2K,"Gulshan 1, Dhaka",23.7923972,90.4158284
Cafe Appeliano,Restaurant,Khilgaon,https://www.google.com/maps/place/Cafe+Appeliano/data=!4m7!3m6!1s0x3755b87abd1d81bb:0xbf40cc47c826d739!8m2!3d23.7520063!4d90.4214224!16s%2Fg%2F124s_vb8w!19sChIJu4EdvXq4VTcROdcmyEfMQL8?authuser=0&hl=en&g_ep=EgoyMDI2MDkwMi4wIJJjKgBIAVAD&rclk=1,4,3.9K,"568, Shahid Baki Rd, Khilgaon, Dhaka",23.7520063,90.4214224
KFC Uttara 13,Restaurant,Uttara,https://www.google.com/maps/place/KFC+Uttara+13/data=!4m7!3m6!1s0x3755c416ca09c627:0xd3538fa86eb0d09d!8m2!3d23.8741982!4d90.3919139!16s%2Fg%2F1hc3zq4zf!19sChIJJ8YJyhbEVTcRndCwbqiPU9M?authuser=0&hl=en&g_ep=EgoyMDI2MDkwOS4wIJJjKgBIAVAD&rclk=1,4,3.9K,"H-13, Sonargaon Janapath Rd Fried chicken restaurant chain , Uttara, Dhaka",23.874198,90.391914
Assurance Farm Cafe- Benaroshi Polli,Restaurant,Mirpur 10,https://www.google.com/maps/place/Assurance+Farm+Cafe-+Benaroshi+Polli/data=!4m7!3m6!1s0x3755c0d5fc07f4f7:0x42dc3503ad9fa5a7!8m2!3d23.8098168!4d90.3705014!16s%2Fg%2F11clvt_q3_!19sChIJ9_QH_NXAVTcRp6WfrQM13EI?authuser=0&hl=en&g_ep=EgoyMDI2MDkwMi4wIJJjKgBIAVAD&rclk=1,4,3.8K,"Mirpur 10, Dhaka",23.8098168,90.3705014
Handi (Gulshan Branch),Restaurant,Gulshan 1,https://www.google.com/maps/place/Handi+%28Gulshan+Branch%29/data=!4m7!3m6!1s0x3755c7a6d13ff1a1:0xb802d7ecabf37694!8m2!3d23.789392!4d90.4161025!16s%2Fg%2F11bxfwdjw1!19sChIJofE_0abHVTcRlHbzq-zXArg?authuser=0&hl=en&g_ep=EgoyMDI2MDkwMi4wIJJjKgBIAVAD&rclk=1,4,3.8K,"House no -108, Gulshan Avenue Road, Flamingo Point, 3rd Floor (Adjacent to Azad Masjid) Dhaka, Bangladesh, Gulshan 1, Dhaka",23.789392,90.4161025
Sultan's Dine-Uttara,Restaurant,Uttara,https://www.google.com/maps/place/Sultan%27s+Dine-Uttara/data=!4m7!3m6!1s0x3755c5ff881cd74f:0x6b46e650d2841a59!8m2!3d23.8755375!4d90.3905732!16s%2Fg%2F11pm638s4f!19sChIJT9cciP_FVTcRWRqE0lDmRms?authuser=0&hl=en&g_ep=EgoyMDI2MDkwOS4wIJJjKgBIAVAD&rclk=1,4,3.7K,"H# 1/B(1st floor, Quantum Emerald Point, Gareeb-e-Nawaz Avenue , Uttara, Dhaka",23.875538,90.390573
Boomers Cafe,Restaurant,Shantinagar,https://www.google.com/maps/place/Boomers+Cafe/data=!4m7!3m6!1s0x3755b88b01c9d7e1:0x23a4389d9291aec5!8m2!3d23.7417767!4d90.41004!16s%2Fg%2F1hhkp3jw7!19sChIJ4dfJAYu4VTcRxa6Rkp04pCM?authuser=0&hl=en&g_ep=EgoyMDI2MDkwMi4wIJJjKgBIAVAD&rclk=1,4,3.5K,"Navana Baily Star (3rd Floor) 9 Nawratan Colony, New Bailey Rd, Shantinagar, Dhaka",23.7417767,90.41004
Xinxian Restaurant | Mirpur-10,Restaurant,Mirpur 10,https://www.google.com/maps/place/Xinxian+Restaurant+%7C+Mirpur-10/data=!4m7!3m6!1s0x3755c100c1326271:0x1cc1b788469ff935!8m2!3d23.812559!4d90.3668544!16s%2Fg%2F1tf6q4b9!19sChIJcWIywQDBVTcRNfmfRoi3wRw?authuser=0&hl=en&g_ep=EgoyMDI2MDkwMi4wIJJjKgBIAVAD&rclk=1,4,3.5K,"Plot-11 Road No. 8, Mirpur 10, Dhaka",23.812559,90.3668544
Adda Multi Cuisine Restaurant,Restaurant,Dhanmondi,https://www.google.com/maps/place/Adda+Multi+Cuisine+Restaurant/data=!4m7!3m6!1s0x3755b8b707dbe5c9:0x86b86f9f0817e879!8m2!3d23.7417534!4d90.3824807!16s%2Fg%2F11b_1mq710!19sChIJyeXbB7e4VTcReegXCJ9vuIY?authuser=0&hl=en&g_ep=EgoyMDI2MDkwMi4wIJJjKgBIAVAD&rclk=1,4,3.0K,"House#8,Road#4 · Laid-back restaurant for diverse fare, Dhanmondi, Dhaka",23.7417534,90.3824807
Cafe Darbar Uttara,Cafe,Uttara,https://www.google.com/maps/place/Cafe+Darbar+Uttara/data=!4m7!3m6!1s0x3755c59b86d093a5:0xbe7baf8e488dc563!8m2!3d23.8706254!4d90.3841413!16s%2Fg%2F11f5q6955m!19sChIJpZPQhpvFVTcRY8WNSI6ve74?authuser=0&hl=en&g_ep=EgoyMDI2MDkwOS4wIJJjKgBIAVAD&rclk=1,4,2.9K,"Uttara, Dhaka",23.870625,90.384141
XINXIAN Restaurant,Restaurant,Uttara,https://www.google.com/maps/place/XINXIAN+Restaurant/data=!4m7!3m6!1s0x3755c4278a55f6c1:0x2715ab0cc1c1222e!8m2!3d23.858005!4d90.4017831!16s%2Fg%2F11h_bgnqt3!19sChIJwfZViifEVTcRLiLBwQyrFSc?authuser=0&hl=en&g_ep=EgoyMDI2MDkwOS4wIJJjKgBIAVAD&rclk=1,4,2.7K,"House No, 1 Rd No 8 , Uttara, Dhaka",23.858005,90.401783
Chilis Dhanmondi,Restaurant,Dhanmondi,https://www.google.com/maps/place/Chilis+Dhanmondi/data=!4m7!3m6!1s0x3755b8ad9ebbccb5:0x394c5046b177a91b!8m2!3d23.7520523!4d90.3774185!16s%2Fg%2F1thw0jgt!19sChIJtcy7nq24VTcRG6l3sUZQTDk?authuser=0&hl=en&g_ep=EgoyMDI2MDkwMi4wIJJjKgBIAVAD&rclk=1,4,2.3K,"House no. 2, Road, 32 Mirpur Rd · Lively chain for Tex-Mex & American eats, Dhanmondi, Dhaka",23.7520523,90.3774185
Coffeelicious Coffée BailyRoad,Cafe,Shantinagar,https://www.google.com/maps/place/Coffeelicious+Coff%C3%A9e+BailyRoad/data=!4m7!3m6!1s0x3755b88c7eaf6703:0x8ab396b980ecf244!8m2!3d23.7422029!4d90.4076632!16s%2Fg%2F11cm0by4v5!19sChIJA2evfoy4VTcRRPLsgLmWs4o?authuser=0&hl=en&g_ep=EgoyMDI2MDkwMi4wIJJjKgBIAVAD&rclk=1,4,2.3K,"1 No., Natok Shoroni 2nd Floor, Western Side Of Bangladesh Girls Guide Association, New Bailey Rd, Shantinagar, Dhaka",23.7422029,90.4076632
Cafe Cherry Drops,Restaurant,Khilgaon,https://www.google.com/maps/place/Cafe+Cherry+Drops/data=!4m7!3m6!1s0x3755b87ac1c1ea69:0x16b74660789bce8!8m2!3d23.7521799!4d90.4204582!16s%2Fg%2F1yhbjt0_0!19sChIJaerBwXq4VTcR6LyJB2Z0awE?authuser=0&hl=en&g_ep=EgoyMDI2MDkwMi4wIJJjKgBIAVAD&rclk=1,4,2.2K,"572/A Shahid Baki Rd, Khilgaon, Dhaka",23.7521799,90.4204582
Burger King Uttara,Restaurant,Uttara,https://www.google.com/maps/place/Burger+King+Uttara/data=!4m7!3m6!1s0x3755c43bf6bb193d:0xcc97ed5613b3df4a!8m2!3d23.8747176!4d90.39847!16s%2Fg%2F11ddxw11nw!19sChIJPRm79jvEVTcRSt-zE1btl8w?authuser=0&hl=en&g_ep=EgoyMDI2MDkwOS4wIJJjKgBIAVAD&rclk=1,4,2.1K,"H.No 16, Sector: 09, Sonargaon Janapath Rd Fast-food chain for grilled burgers , Uttara, Dhaka",23.874718,90.39847
Pizza Inn Mirpur 11,Restaurant,Mirpur 11,https://www.google.com/maps/search/?api=1&query=Pizza+Inn+Mirpur+11+Dhaka,4,1.9K,"Block D, Avenue 5, Mirpur 11, Dhaka",23.8182,90.3648
Vooter Adda,Restaurant,Khilgaon,https://www.google.com/maps/place/Vooter+Adda/data=!4m7!3m6!1s0x3755b9185ef93f01:0x68b0ca0d1a17618f!8m2!3d23.7524739!4d90.4205814!16s%2Fg%2F11h9kz4j3z!19sChIJAT_5Xhi5VTcRj2EXGg3KsGg?authuser=0&hl=en&g_ep=EgoyMDI2MDkwMi4wIJJjKgBIAVAD&rclk=1,4,1.9K,"First and Second Floor, Shahid Baki Rd, Khilgaon, Dhaka",23.7524739,90.4205814
Da Rooftop,Restaurant,Khilgaon,https://www.google.com/maps/place/Da+Rooftop/data=!4m7!3m6!1s0x3755b87b67a7fd79:0x5dc7d0c04ceab363!8m2!3d23.7524554!4d90.417582!16s%2Fg%2F11f3ts6k_7!19sChIJef2nZ3u4VTcRY7PqTMDQx10?authuser=0&hl=en&g_ep=EgoyMDI2MDkwMi4wIJJjKgBIAVAD&rclk=1,4,1.8K,"397/b Chowdhury Para, Shahid Baki Rd, Khilgaon, Dhaka",23.7524554,90.417582
Grand Prince Restaurant Mirpur 1,Restaurant,Mirpur 1,https://www.google.com/maps/search/?api=1&query=Grand+Prince+Hotel+Mirpur+1+Dhaka,4,1.8K,"Main Road, Mirpur 1, Dhaka",23.8062,90.3545
BFC Best Fried Chicken Mirpur 11,Restaurant,Mirpur 11,https://www.google.com/maps/search/?api=1&query=BFC+Mirpur+11+Dhaka,4,1.7K,"Bus Stand, Mirpur 11, Dhaka",23.818,90.3638
Salam's Kitchen,Restaurant,Uttara,https://www.google.com/maps/place/Salam%27s+Kitchen/data=!4m7!3m6!1s0x3755c416b7070865:0x1317ac784a499f0e!8m2!3d23.874485!4d90.3894424!16s%2Fg%2F11fmd76nj7!19sChIJZQgHtxbEVTcRDp9JSnisFxM?authuser=0&hl=en&g_ep=EgoyMDI2MDkwOS4wIJJjKgBIAVAD&rclk=1,4,1.7K,"House, 40, Kacha Bazar, Sonargaon Janapath Rd , Uttara, Dhaka",23.874485,90.389442
Signature Food Court,Restaurant,Mirpur 12,https://www.google.com/maps/place/Signature+Food+Court/data=!4m7!3m6!1s0x3755c169a9ebf2af:0x4f375e1b94f726f8!8m2!3d23.8285588!4d90.3637387!16s%2Fg%2F11h4dxmh4n!19sChIJr_LrqWnBVTcR-Cb3lBteN08?authuser=0&hl=en&g_ep=EgoyMDI2MDkwMi4wIJJjKgBIAVAD&rclk=1,4,1.6K,"Mirpur 12, Dhaka",23.8285588,90.3637387
Abesh Hotel and Restaurant (Branch- 02),Restaurant,Mirpur 12,https://www.google.com/maps/place/Abesh+Hotel+and+Restaurant+%28Branch-+02%29/data=!4m7!3m6!1s0x3755c17561522fb1:0x434fb33e00d55cea!8m2!3d23.828986!4d90.3643265!16s%2Fg%2F11vd8wzqjp!19sChIJsS9SYXXBVTcR6lzVAD6zT0M?authuser=0&hl=en&g_ep=EgoyMDI2MDkwMi4wIJJjKgBIAVAD&rclk=1,4,1.5K,"Mirpur 12, Dhaka",23.828986,90.3643265
Basilico,Restaurant,Khilgaon,https://www.google.com/maps/place/Basilico/data=!4m7!3m6!1s0x3755b87ca049dea1:0x242a77400b784121!8m2!3d23.7523216!4d90.4173272!16s%2Fg%2F11bvt14btv!19sChIJod5JoHy4VTcRIUF4C0B3KiQ?authuser=0&hl=en&g_ep=EgoyMDI2MDkwMi4wIJJjKgBIAVAD&rclk=1,4,1.4K,"399/B Shahid Baki Rd, Khilgaon, Dhaka",23.7523216,90.4173272
Garlic 'n Ginger Gulshan,Restaurant,Gulshan 1,https://www.google.com/maps/place/Garlic+%27n+Ginger+Gulshan/data=!4m7!3m6!1s0x3755c7e95d687ebb:0x531f8c667f642773!8m2!3d23.7797364!4d90.4171103!16s%2Fg%2F11nyc54r4x!19sChIJu35oXenHVTcRcydkf2aMH1M?authuser=0&hl=en&g_ep=EgoyMDI2MDkwMi4wIJJjKgBIAVAD&rclk=1,4,1.4K,"Gulshan 1, Dhaka",23.7797364,90.4171103
Coffee World Dhanmondi,Cafe,Dhanmondi,https://www.google.com/maps/place/Coffee+World+Dhanmondi/data=!4m7!3m6!1s0x3755bf5193e537f5:0xea3592cc306e1ea2!8m2!3d23.7532745!4d90.3696425!16s%2Fg%2F11cfgmpw_!19sChIJ9Tflk1G_VTcRoh5uMMySNeo?authuser=0&hl=en&g_ep=EgoyMDI2MDkwMi4wIJJjKgBIAVAD&rclk=1,4,1.3K,"House-44, Road-27(old), Gemcon Building, 1st Floor · Trendy contemporary coffee shop chain, Dhanmondi, Dhaka",23.7532745,90.3696425
CP Five Star Mirpur 1,Restaurant,Mirpur 1,https://www.google.com/maps/search/?api=1&query=CP+Five+Star+Mirpur+1+Dhaka,4,1.2K,"Block D, Mirpur 1, Dhaka",23.8045,90.3552
Lake Terrace,Restaurant,Uttara,https://www.google.com/maps/place/Lake+Terrace/data=!4m7!3m6!1s0x3755c418017b005b:0x4b65f1e2c6f6056c!8m2!3d23.8696791!4d90.3933915!16s%2Fg%2F12hmyx_nw!19sChIJWwB7ARjEVTcRbAX2xuLxZUs?authuser=0&hl=en&g_ep=EgoyMDI2MDkwOS4wIJJjKgBIAVAD&rclk=1,4,1.2K,"House # 25/E, Lake Drive Rd Rooftop steak & seafood restaurant , Uttara, Dhaka",23.869679,90.393392
Pizza Lane Mirpur 12,Restaurant,Mirpur 12,https://www.google.com/maps/search/?api=1&query=Pizza+Lane+Mirpur+12+Dhaka,4,1.2K,"Old Pallabi Road, Mirpur 12, Dhaka",23.828,90.36
Royal Dine Restaurant Shantinagar,Restaurant,Shantinagar,https://www.google.com/maps/search/?api=1&query=Royal+Dine+Shantinagar+Dhaka,4,1.2K,"Twin Towers Concord, Shantinagar, Dhaka",23.7392,90.4142
Takeout Mirpur 1,Restaurant,Mirpur 1,https://www.google.com/maps/place/Takeout+Mirpur+1/data=!4m7!3m6!1s0x3755c0e900000001:0x1116ebe4d59beaad!8m2!3d23.8009059!4d90.3540245!16s%2Fg%2F11g8z_dcq1!19sChIJAQAAAOnAVTcRreqb1eTrFhE?authuser=0&hl=en&g_ep=EgoyMDI2MDkwMi4wIJJjKgBIAVAD&rclk=1,4,1.2K,"Plot 1/1 & 1/2, Level - 3, Zoo Road, Mirpur 1, Dhaka",23.8009059,90.3540245
The Eatalia,Restaurant,Mirpur 1,https://www.google.com/maps/place/The+Eatalia/data=!4m7!3m6!1s0x3755c1d5d5d8e027:0x9878fda6f24acc15!8m2!3d23.8011722!4d90.3541713!16s%2Fg%2F11j4nc09ss!19sChIJJ-DY1dXBVTcRFcxK8qb9eJg?authuser=0&hl=en&g_ep=EgoyMDI2MDkwMi4wIJJjKgBIAVAD&rclk=1,4,1.2K,"29 Zoo Road, Mirpur 1, Dhaka",23.8011722,90.3541713
Chuijhal Restaurant Bashundhara,Restaurant,Bashundhara R/A,https://www.google.com/maps/place/Chuijhal+Restaurant+Bashundhara/data=!4m7!3m6!1s0x3755c64d3c4bc26d:0xc766209eaeb2ef96!8m2!3d23.8117177!4d90.4242565!16s%2Fg%2F11b6hhbrjs!19sChIJbcJLPE3GVTcRlu-yrp4gZsc?authuser=0&hl=en&g_ep=EgoyMDI2MDkwOS4wIJJjKgBIAVAD&rclk=1,4,1.1K,"Bashundhara Road (The Lane Beside Bailey Pithaghor) , Bashundhara R/A, Dhaka",23.811718,90.424256
Hawa Rooftop Restaurant,Restaurant,Mirpur 12,https://www.google.com/maps/place/Hawa+Rooftop+Restaurant/data=!4m7!3m6!1s0x3755c16ad82a392f:0x7d8d1397c2082743!8m2!3d23.8281819!4d90.3637746!16s%2Fg%2F11vhj13zdw!19sChIJLzkq2GrBVTcRQycIwpcTjX0?authuser=0&hl=en&g_ep=EgoyMDI2MDkwMi4wIJJjKgBIAVAD&rclk=1,4,1.1K,"Mirpur 12, Dhaka",23.8281819,90.3637746
Real Thai Sky Cafe,Cafe,Uttara,https://www.google.com/maps/place/Real+Thai+Sky+Cafe/data=!4m7!3m6!1s0x3755c537f845d4dd:0x8352e10b01630f7d!8m2!3d23.8746232!4d90.3919911!16s%2Fg%2F11ry998t3h!19sChIJ3dRF-DfFVTcRfQ9jAQvhUoM?authuser=0&hl=en&g_ep=EgoyMDI2MDkwOS4wIJJjKgBIAVAD&rclk=1,4,1.1K,"14-16, khan tower, Sonargaon Janapath Rd , Uttara, Dhaka",23.874623,90.391991
American Burger,Restaurant,Uttara,https://www.google.com/maps/place/American+Burger/data=!4m7!3m6!1s0x3755c421210de963:0xdfae201cf3ff3605!8m2!3d23.8611863!4d90.3972808!16s%2Fg%2F11c1xj0tqq!19sChIJY-kNISHEVTcRBTb_8xwgrt8?authuser=0&hl=en&g_ep=EgoyMDI2MDkwOS4wIJJjKgBIAVAD&rclk=1,4,1.0K,"Uttara, Dhaka",23.861186,90.397281
Khana's Uttara Flagship,Restaurant,Uttara,https://www.google.com/maps/place/Khana%27s+Uttara+Flagship/data=!4m7!3m6!1s0x3755c58ee84efcd7:0xedd24195ce3c5bb1!8m2!3d23.8659088!4d90.3937376!16s%2Fg%2F11sqfbw54m!19sChIJ1_xO6I7FVTcRsVs8zpVB0u0?authuser=0&hl=en&g_ep=EgoyMDI2MDkwOS4wIJJjKgBIAVAD&rclk=1,4,1.0K,"Uttara, Dhaka",23.865909,90.393738
Hello Dine,Restaurant,Mirpur 1,https://www.google.com/maps/place/Hello+Dine/data=!4m7!3m6!1s0x3755c1617135b89f:0xf591c1b647bd2801!8m2!3d23.8090347!4d90.3604491!16s%2Fg%2F11gr460pmr!19sChIJn7g1cWHBVTcRASi9R7bBkfU?authuser=0&hl=en&g_ep=EgoyMDI2MDkwMi4wIJJjKgBIAVAD&rclk=1,4,976,"House-27 Road No. 1, Mirpur 1, Dhaka",23.8090347,90.3604491
Pasta Club,Restaurant,Khilgaon,https://www.google.com/maps/place/Pasta+Club/data=!4m7!3m6!1s0x3755b94816ef301b:0xf5cb685d339cf606!8m2!3d23.7519363!4d90.4216124!16s%2Fg%2F11g4d2r4_x!19sChIJGzDvFki5VTcRBvacM11oy_U?authuser=0&hl=en&g_ep=EgoyMDI2MDkwMi4wIJJjKgBIAVAD&rclk=1,4,961,"QC2C+QJH, Shahid Baki Rd, Khilgaon, Dhaka",23.7519363,90.4216124
Radhuni Restaurant Mirpur 12,Restaurant,Mirpur 12,https://www.google.com/maps/search/?api=1&query=Radhuni+Restaurant+Mirpur+12+Dhaka,4,950,"Circle, Mirpur 12, Dhaka",23.8265,90.362
Food Valley (Vooter Mela) Restaurant,Restaurant,Mirpur 11,https://www.google.com/maps/place/Food+Valley+%28Vooter+Mela%29+Restaurant/data=!4m7!3m6!1s0x3755c125478bcaaf:0x98059b4b12fc89e2!8m2!3d23.81817!4d90.365804!16s%2Fg%2F11c6_dgzz3!19sChIJr8qLRyXBVTcR4on8EkubBZg?authuser=0&hl=en&g_ep=EgoyMDI2MDkwMi4wIJJjKgBIAVAD&rclk=1,4,948,"Mirpur 11, Dhaka",23.81817,90.365804
Coffee House Mirpur 1,Cafe,Mirpur 1,https://www.google.com/maps/search/?api=1&query=Coffee+House+Mirpur+1+Dhaka,4,920,"Mukto Bangla Complex, Mirpur 1, Dhaka",23.8038,90.3525
Delicious Cuisine Mirpur 11,Restaurant,Mirpur 11,https://www.google.com/maps/place/Delicious+Cuisine+Mirpur+11/data=!4m7!3m6!1s0x3755c166c4cf7c2b:0x38c899746ecfeeac!8m2!3d23.8173618!4d90.3659635!16s%2Fg%2F11h5pt573n!19sChIJK3zPxGbBVTcRrO7PbnSZyDg?authuser=0&hl=en&g_ep=EgoyMDI2MDkwMi4wIJJjKgBIAVAD&rclk=1,4,891,"Block A, House 18, Main Road No. 3, Mirpur 11, Dhaka",23.8173618,90.3659635
Cha & Chill,Cafe,Mirpur 10,https://www.google.com/maps/place/Cha+%26+Chill/data=!4m7!3m6!1s0x3755c1e708062a09:0xc9c4faa9e168c731!8m2!3d23.8100815!4d90.3652265!16s%2Fg%2F11t7hb62qg!19sChIJCSoGCOfBVTcRMcdo4an6xMk?authuser=0&hl=en&g_ep=EgoyMDI2MDkwMi4wIJJjKgBIAVAD&rclk=1,4,864,"46 Avenue 5, Mirpur 10, Dhaka",23.8100815,90.3652265
Metro Escape,Restaurant,Mirpur 10,https://www.google.com/maps/place/Metro+Escape/data=!4m7!3m6!1s0x3755c1b54e8b0297:0x441277b7ff4e6b0f!8m2!3d23.8183549!4d90.3651982!16s%2Fg%2F11ry7lc37j!19sChIJlwKLTrXBVTcRD2tO_7d3EkQ?authuser=0&hl=en&g_ep=EgoyMDI2MDkwMi4wIJJjKgBIAVAD&rclk=1,4,864,"Mirpur 10, Dhaka",23.8183549,90.3651982
Uthan Cafe n Restaurant,Restaurant,Dhanmondi,https://www.google.com/maps/place/Uthan+Cafe+n+Restaurant/data=!4m7!3m6!1s0x3755b8ad46468f15:0x6c44b9834ed99064!8m2!3d23.7453425!4d90.3749646!16s%2Fg%2F11g6xbsx7l!19sChIJFY9GRq24VTcRZJDZToO5RGw?authuser=0&hl=en&g_ep=EgoyMDI2MDkwMi4wIJJjKgBIAVAD&rclk=1,4,782,"House- 65, Ground Floor, Rd No. 8A, Dhanmondi, Dhaka",23.7453425,90.3749646
Tea Lounge Rajarbagh,Cafe,Shantinagar,https://www.google.com/maps/search/?api=1&query=Tea+Lounge+Rajarbagh+Dhaka,4,780,"Rajarbagh Line, Shantinagar, Dhaka",23.7382,90.415
Wooden Spoon,Restaurant,Bashundhara R/A,https://www.google.com/maps/place/Wooden+Spoon/data=!4m7!3m6!1s0x3755c7a541d1c745:0xb5488f9cb16988dd!8m2!3d23.8144308!4d90.425227!16s%2Fg%2F11p55z_n1m!19sChIJRcfRQaXHVTcR3YhpsZyPSLU?authuser=0&hl=en&g_ep=EgoyMDI2MDkwOS4wIJJjKgBIAVAD&rclk=1,4,778,"NSU Main Campus Rd , Bashundhara R/A, Dhaka",23.814431,90.425227
Rice & Noodle Uttara,Restaurant,Uttara,https://www.google.com/maps/place/Rice+%26+Noodle+Uttara/data=!4m7!3m6!1s0x3755c414284a6e61:0xed18b5a67f92b971!8m2!3d23.876096!4d90.3910074!16s%2Fg%2F11hb3kwhj_!19sChIJYW5KKBTEVTcRcbmSf6a1GO0?authuser=0&hl=en&g_ep=EgoyMDI2MDkwOS4wIJJjKgBIAVAD&rclk=1,4,762,"Uttara, Dhaka",23.876096,90.391007
Chilis Restaurant (Mirpur-12),Restaurant,Mirpur 12,https://www.google.com/maps/place/Chilis+Restaurant+%28Mirpur-12%29/data=!4m7!3m6!1s0x3755c14b4cabb4bd:0xc6d495da2f60ba5a!8m2!3d23.8296359!4d90.3635315!16s%2Fg%2F11r61c2pn3!19sChIJvbSrTEvBVTcRWrpgL9qV1MY?authuser=0&hl=en&g_ep=EgoyMDI2MDkwMi4wIJJjKgBIAVAD&rclk=1,4,643,"Road No.12, Mirpur 12, Dhaka",23.8296359,90.3635315
The Street Cafe Mirpur 12,Cafe,Mirpur 12,https://www.google.com/maps/search/?api=1&query=The+Street+Cafe+Mirpur+12+Dhaka,4,640,"Near DOHS Road, Mirpur 12, Dhaka",23.8278,90.3602
Boho | Banani,Restaurant,Banani,https://www.google.com/maps/place/Boho+%7C+Banani/data=!4m7!3m6!1s0x3755c7004443ab1f:0xc56ebf8569ea3bb6!8m2!3d23.7907794!4d90.4056252!16s%2Fg%2F11w1ksrg_d!19sChIJH6tDRADHVTcRtjvqaYW_bsU?authuser=0&hl=en&g_ep=EgoyMDI2MDkwMi4wIJJjKgBIAVAD&rclk=1,4,639,"11 Block D Bridge, Banani, Dhaka",23.7907794,90.4056252
Sweet & Coffee Corner Mirpur 1,Cafe,Mirpur 1,https://www.google.com/maps/search/?api=1&query=Sweet+and+Coffee+Corner+Mirpur+1+Dhaka,4,620,"Main Avenue, Mirpur 1, Dhaka",23.8058,90.3535
Cuppa Coffee Mirpur 10,Cafe,Mirpur 10,https://www.google.com/maps/search/?api=1&query=Cuppa+Coffee+Mirpur+10+Dhaka,4,590,"Metro Station Exit, Mirpur 10, Dhaka",23.8062,90.3685
Al Baraka Hotel & Restaurant (Unit 2),Restaurant,Mirpur 12,https://www.google.com/maps/place/Al+Baraka+Hotel+%26+Restaurant+%28Unit+2%29/data=!4m7!3m6!1s0x3755c12ac4735813:0x73d3562c2215d54a!8m2!3d23.8281583!4d90.3638135!16s%2Fg%2F11snmq8svp!19sChIJE1hzxCrBVTcRStUVIixW03M?authuser=0&hl=en&g_ep=EgoyMDI2MDkwMi4wIJJjKgBIAVAD&rclk=1,4,565,"Mirpur 12, Dhaka",23.8281583,90.3638135
"Burger Xpress - Benaroshi, Mirpur 10",Cafe,Mirpur 10,"https://www.google.com/maps/place/Burger+Xpress+-+Benaroshi,+Mirpur+10/data=!4m7!3m6!1s0x3755c17b6db346e3:0x446710e4d6aaaf15!8m2!3d23.8095422!4d90.3703839!16s%2Fg%2F11mtddy4qn!19sChIJ40azbXvBVTcRFa-q1uQQZ0Q?authuser=0&hl=en&g_ep=EgoyMDI2MDkwMi4wIJJjKgBIAVAD&rclk=1",4,561,"Mirpur 10, Dhaka",23.8095422,90.3703839
Khana's Mirpur 12,Restaurant,Mirpur 12,https://www.google.com/maps/place/Khana%27s+Mirpur+12/data=!4m7!3m6!1s0x3755c14800697b57:0x73ec1c05542687a!8m2!3d23.8272653!4d90.3643781!16s%2Fg%2F11thp415q7!19sChIJV3tpAEjBVTcRemhCVcDBPgc?authuser=0&hl=en&g_ep=EgoyMDI2MDkwMi4wIJJjKgBIAVAD&rclk=1,4,540,"Mirpur 12, Dhaka",23.8272653,90.3643781
Coffee Time Pallabi,Cafe,Mirpur 11,https://www.google.com/maps/search/?api=1&query=Coffee+Time+Pallabi+Dhaka,4,520,"Pallabi, Mirpur 11, Dhaka",23.817,90.3635
Cha & Chill Khilgaon,Cafe,Khilgaon,https://www.google.com/maps/place/Cha+%26+Chill+Khilgaon/data=!4m7!3m6!1s0x3755b9b690dcca07:0xd2c6f7dbdf8a970!8m2!3d23.7520033!4d90.4229252!16s%2Fg%2F11js_bmh6w!19sChIJB8rckLa5VTcRcKn4vX1vLA0?authuser=0&hl=en&g_ep=EgoyMDI2MDkwMi4wIJJjKgBIAVAD&rclk=1,4,506,"QC2F+R4Q, 373/B Taltola Rd, Khilgaon, Dhaka",23.7520033,90.4229252
KFC - Jamuna Future Park Complex,Restaurant,Bashundhara R/A,https://www.google.com/maps/place/KFC+-+Jamuna+Future+Park+Complex/data=!4m7!3m6!1s0x3755c64d078dc7e1:0x91e23da5f7ecdab6!8m2!3d23.8131804!4d90.4236666!16s%2Fg%2F11bx0dljvm!19sChIJ4ceNB03GVTcRttrs96U94pE?authuser=0&hl=en&g_ep=EgoyMDI2MDkwOS4wIJJjKgBIAVAD&rclk=1,4,484,"Shop No # 5C-013, 5th Floor, Jamuna Future Park Complex, KA - 244, Kurli, Progoti Sarani - Debogram Road Fried chicken restaurant chain , Bashundhara R/A, Dhaka",23.81318,90.423667
Gulshan banani,Restaurant,Banani,https://www.google.com/maps/place/Gulshan+banani/data=!4m7!3m6!1s0x3755c7003ec4eab1:0xcf6d52d4c0ae30c6!8m2!3d23.7936205!4d90.4066004!16s%2Fg%2F11zbdmmh9r!19sChIJserEPgDHVTcRxjCuwNRSbc8?authuser=0&hl=en&g_ep=EgoyMDI2MDkwMi4wIJJjKgBIAVAD&rclk=1,4,391,"Gulshan 2, Dhaka",23.7936205,90.4066004
Domino’s Pizza Basundhara R/A,Restaurant,Bashundhara R/A,https://www.google.com/maps/place/Domino%E2%80%99s+Pizza+Basundhara+R%2FA/data=!4m7!3m6!1s0x3755c7e7813bed7b:0x7ffd904ce7cb6093!8m2!3d23.8126419!4d90.4282091!16s%2Fg%2F11twq2kyy8!19sChIJe-07gefHVTcRk2DL50yQ_X8?authuser=0&hl=en&g_ep=EgoyMDI2MDkwOS4wIJJjKgBIAVAD&rclk=1,4,363,"Plot No- 12/D & 12/E, Main Avenue , Bashundhara R/A, Dhaka",23.812642,90.428209
Al-Arabian Cake & Sweets,Cafe,Bashundhara R/A,https://www.google.com/maps/place/Al-Arabian+Cake+%26+Sweets/data=!4m7!3m6!1s0x3755c64ce371ca27:0x57a96b2f5b3c02a8!8m2!3d23.8122409!4d90.4245752!16s%2Fg%2F11g9q1tj3r!19sChIJJ8px40zGVTcRqAI8Wy9rqVc?authuser=0&hl=en&g_ep=EgoyMDI2MDkwOS4wIJJjKgBIAVAD&rclk=1,4,353,"Ka-54/3 Bashundhara Road, Dhaka 1229 Bashundhara Road , Bashundhara R/A, Dhaka",23.812241,90.424575
Khana's Shantinagar,Restaurant,Shantinagar,https://www.google.com/maps/place/Khana%27s+Shantinagar/data=!4m7!3m6!1s0x3755b98079ddd451:0xe39ccd539b7eb3aa!8m2!3d23.7391752!4d90.415822!16s%2Fg%2F11smrfch22!19sChIJUdTdeYC5VTcRqrN-m1PNnOM?authuser=0&hl=en&g_ep=EgoyMDI2MDkwMi4wIJJjKgBIAVAD&rclk=1,4,335,"158 Rd, Shantinagar, Dhaka",23.7391752,90.415822
Sugar Rush Café,Cafe,Banani,https://www.google.com/maps/place/Sugar+Rush+Caf%C3%A9/data=!4m7!3m6!1s0x3755c77b316d0fb1:0xca49eca9e8a683bc!8m2!3d23.7920456!4d90.409231!16s%2Fg%2F11rv5dsznf!19sChIJsQ9tMXvHVTcRvIOm6KnsSco?authuser=0&hl=en&g_ep=EgoyMDI2MDkwMi4wIJJjKgBIAVAD&rclk=1,4,323,"House-90 Road No. 17/A, Banani, Dhaka",23.7920456,90.409231
Tasty Treats - Uttara 7,Cafe,Uttara,https://www.google.com/maps/place/Tasty+Treats+-+Uttara+7/data=!4m7!3m6!1s0x3755c4180ab3f939:0x7929e4f2cf566bf1!8m2!3d23.8677278!4d90.396186!16s%2Fg%2F11dxm0fnb7!19sChIJOfmzChjEVTcR8WtWz_LkKXk?authuser=0&hl=en&g_ep=EgoyMDI2MDkwOS4wIJJjKgBIAVAD&rclk=1,4,323,"44, 32 Rabindra Sarani , Uttara, Dhaka",23.867728,90.396186
CFC Uttara 13 Pastry Shop,Cafe,Uttara,https://www.google.com/maps/place/CFC+Uttara+13+Pastry+Shop/data=!4m7!3m6!1s0x3755c516b2ea9b7b:0x600b813a0e269f1d!8m2!3d23.8718213!4d90.3906698!16s%2Fg%2F11fx89qr8n!19sChIJe5vqshbFVTcRHZ8mDjqBC2A?authuser=0&hl=en&g_ep=EgoyMDI2MDkwOS4wIJJjKgBIAVAD&rclk=1,4,314,"Uttara, Dhaka",23.871821,90.39067
The Forestty Roof Top Restaurant,Restaurant,Uttara,https://www.google.com/maps/place/The+Forestty+Roof+Top+Restaurant/data=!4m7!3m6!1s0x3755c5b224d3585d:0x5f171a8da26b59d0!8m2!3d23.8694277!4d90.383806!16s%2Fg%2F11q1vgjcpn!19sChIJXVjTJLLFVTcR0Flroo0aF18?authuser=0&hl=en&g_ep=EgoyMDI2MDkwOS4wIJJjKgBIAVAD&rclk=1,4,310,"Uttara, Dhaka",23.869428,90.383806
"Bellavista, Dhaka.",Restaurant,Shantinagar,"https://www.google.com/maps/place/Bellavista,+Dhaka./data=!4m7!3m6!1s0x3755b85e572fa011:0xdcd1355d4c454cc6!8m2!3d23.736284!4d90.4153441!16s%2Fg%2F11c5fywsjd!19sChIJEaAvV164VTcRxkxFTF010dw?authuser=0&hl=en&g_ep=EgoyMDI2MDkwMi4wIJJjKgBIAVAD&rclk=1",4,295,"Shantinagar, Dhaka",23.736284,90.4153441
The chocolate room,Cafe,Gulshan 2,https://www.google.com/maps/place/The+chocolate+room/data=!4m7!3m6!1s0x3755c74120d4c2c9:0xcdf22430f420451b!8m2!3d23.7981819!4d90.4126!16s%2Fg%2F11rkgwktn8!19sChIJycLUIEHHVTcRG0Ug9DAk8s0?authuser=0&hl=en&g_ep=EgoyMDI2MDkwMi4wIJJjKgBIAVAD&rclk=1,4,295,"Gulshan 2, Dhaka",23.7981819,90.4126
Centrum Bashundhara,Restaurant,Bashundhara R/A,https://www.google.com/maps/place/Centrum+Bashundhara/data=!4m7!3m6!1s0x3755c781e2689575:0x5a47298d367be489!8m2!3d23.8152279!4d90.4413792!16s%2Fg%2F11yq9zdm6r!19sChIJdZVo4oHHVTcRieR7No0pR1o?authuser=0&hl=en&g_ep=EgoyMDI2MDkwOS4wIJJjKgBIAVAD&rclk=1,4,294,"House-1062, 1229 Road No. 16 , Bashundhara R/A, Dhaka",23.815228,90.441379
Domino’s Pizza Jamuna Future Park,Restaurant,Bashundhara R/A,https://www.google.com/maps/place/Domino%E2%80%99s+Pizza+Jamuna+Future+Park/data=!4m7!3m6!1s0x3755c7009bc05967:0x2ff1bb35616f8169!8m2!3d23.8131899!4d90.423553!16s%2Fg%2F11tfv2k3fb!19sChIJZ1nAmwDHVTcRaYFvYTW78S8?authuser=0&hl=en&g_ep=EgoyMDI2MDkwOS4wIJJjKgBIAVAD&rclk=1,4,279,"Bashundhara R/A, Dhaka",23.81319,90.423553
Crimson Cup,Cafe,Khilgaon,https://www.google.com/maps/place/Crimson+Cup/data=!4m7!3m6!1s0x3755b9a8b44a52e5:0xc048542043e84ca7!8m2!3d23.7521136!4d90.4168753!16s%2Fg%2F11ryt3ksjr!19sChIJ5VJKtKi5VTcRp0zoQyBUSMA?authuser=0&hl=en&g_ep=EgoyMDI2MDkwMi4wIJJjKgBIAVAD&rclk=1,4,241,"QC28+VP6, 1219 Shahid Baki Rd, Khilgaon, Dhaka",23.7521136,90.4168753
Al-Arabian Cake & Sweets,Cafe,Uttara,https://www.google.com/maps/place/Al-Arabian+Cake+%26+Sweets/data=!4m7!3m6!1s0x3755c41a8fe8d13b:0x80b6cd3ff3959ac8!8m2!3d23.8690747!4d90.3860634!16s%2Fg%2F11gdkxc6ww!19sChIJO9HojxrEVTcRyJqV8z_NtoA?authuser=0&hl=en&g_ep=EgoyMDI2MDkwOS4wIJJjKgBIAVAD&rclk=1,4,237,"House No: 69, Gausul Azam Ave , Uttara, Dhaka",23.869075,90.386063
Coco Cafe,Restaurant,Khilgaon,https://www.google.com/maps/place/Coco+Cafe/data=!4m7!3m6!1s0x3755b98d375b5e75:0x87e8bc232509398c!8m2!3d23.7522708!4d90.421828!16s%2Fg%2F11jzkv2tbx!19sChIJdV5bN425VTcRjDkJJSO86Ic?authuser=0&hl=en&g_ep=EgoyMDI2MDkwMi4wIJJjKgBIAVAD&rclk=1,4,229,"643 Shahid Baki Rd, Khilgaon, Dhaka",23.7522708,90.421828
Vaggokul Biriyani,Restaurant,Uttara,https://www.google.com/maps/place/Vaggokul+Biriyani/data=!4m7!3m6!1s0x3755c418294fe385:0xfc69a9692f2f88b6!8m2!3d23.8695524!4d90.3916494!16s%2Fg%2F11f15gd940!19sChIJheNPKRjEVTcRtogvL2mpafw?authuser=0&hl=en&g_ep=EgoyMDI2MDkwOS4wIJJjKgBIAVAD&rclk=1,4,225,"Plot- 04, Shop- 02/D, Uttara Shopping Complex, Sector- 13, Garsul Azam Avenue Road, Uttara , Uttara, Dhaka",23.869552,90.391649
Darjeeling Momo Station Bangladesh Mirpur 10,Restaurant,Mirpur 10,https://www.google.com/maps/place/Darjeeling+Momo+Station+Bangladesh+Mirpur+10/data=!4m7!3m6!1s0x3755c1af0ed5bfed:0x78b1b0268a405569!8m2!3d23.8106551!4d90.3682378!16s%2Fg%2F11vf87cgmf!19sChIJ7b_VDq_BVTcRaVVAiiawsXg?authuser=0&hl=en&g_ep=EgoyMDI2MDkwMi4wIJJjKgBIAVAD&rclk=1,4,213,"Mirpur 10, Dhaka",23.8106551,90.3682378
Melting Pot (Mirpur 1),Restaurant,Mirpur 1,https://www.google.com/maps/place/Melting+Pot+%28Mirpur+1%29/data=!4m7!3m6!1s0x3755c112f6a6e0c9:0xa6472e92a6ccac00!8m2!3d23.8004315!4d90.3554348!16s%2Fg%2F11p649gr8c!19sChIJyeCm9hLBVTcRAKzMppIuR6Y?authuser=0&hl=en&g_ep=EgoyMDI2MDkwMi4wIJJjKgBIAVAD&rclk=1,4,212,"Sony Square, 3rd floor, Road# 2, Block# D · Casual restaurant chain for fondue meals, Mirpur 1, Dhaka",23.8004315,90.3554348
DUNE DHAKA,Restaurant,Banani,https://www.google.com/maps/place/DUNE+DHAKA/data=!4m7!3m6!1s0x3755c7aa708306d7:0xa8659451dcaea887!8m2!3d23.7899196!4d90.4081695!16s%2Fg%2F11zbfb6c7p!19sChIJ1waDcKrHVTcRh6iu3FGUZag?authuser=0&hl=en&g_ep=EgoyMDI2MDkwMi4wIJJjKgBIAVAD&rclk=1,4,201,"Block H, House 27 Road 12A, Banani, Dhaka",23.7899196,90.4081695
ZURR,Restaurant,Shantinagar,https://www.google.com/maps/place/ZURR/data=!4m7!3m6!1s0x3755b96caf49fe11:0xd7b575b7665bc685!8m2!3d23.7392546!4d90.4158842!16s%2Fg%2F11yxxsbzs9!19sChIJEf5Jr2y5VTcRhcZbZrd1tdc?authuser=0&hl=en&g_ep=EgoyMDI2MDkwMi4wIJJjKgBIAVAD&rclk=1,4,199,"Flat 3F(2nd floor, Sheltech Astra, house 158 Rd, Shantinagar, Dhaka",23.7392546,90.4158842
Zaimah Hotel & Restaurant,Restaurant,Uttara,https://www.google.com/maps/place/Zaimah+Hotel+%26+Restaurant/data=!4m7!3m6!1s0x3755c500573213c7:0x88b9e9dcf4b0b50d!8m2!3d23.8694433!4d90.3939189!16s%2Fg%2F11lzcpgcyt!19sChIJxxMyVwDFVTcRDbWw9NzpuYg?authuser=0&hl=en&g_ep=EgoyMDI2MDkwOS4wIJJjKgBIAVAD&rclk=1,4,187,"House- 36 Lake Drive Rd , Uttara, Dhaka",23.869443,90.393919
Saffron Dine,Restaurant,Bashundhara R/A,https://www.google.com/maps/place/Saffron+Dine/data=!4m7!3m6!1s0x3755c700343c7b97:0xfbaa31fd0c11f7e7!8m2!3d23.82121!4d90.437827!16s%2Fg%2F11wxkml8sv!19sChIJl3s8NADHVTcR5_cRDP0xqvs?authuser=0&hl=en&g_ep=EgoyMDI2MDkwOS4wIJJjKgBIAVAD&rclk=1,4,172,"77 Rd No. 3 , Bashundhara R/A, Dhaka",23.82121,90.437827
Rabbani Hotel and Restaurant,Restaurant,Mirpur 10,https://www.google.com/maps/place/Rabbani+Hotel+and+Restaurant/data=!4m7!3m6!1s0x3755c126f6997cf3:0x9f32337673d76568!8m2!3d23.8057779!4d90.3692466!16s%2Fg%2F11lllx6mrm!19sChIJ83yZ9ibBVTcRaGXXc3YzMp8?authuser=0&hl=en&g_ep=EgoyMDI2MDkwMi4wIJJjKgBIAVAD&rclk=1,4,170,"Amena Estate, 232 Begum Rokeya Avenue, Mirpur 10, Dhaka",23.8057779,90.3692466
Canvas zone,Restaurant,Shantinagar,https://www.google.com/maps/place/Canvas+zone/data=!4m7!3m6!1s0x3755b92bd69e8de5:0xf94952cbbb3836aa!8m2!3d23.7412903!4d90.4113925!16s%2Fg%2F11rh_f9zrj!19sChIJ5Y2e1iu5VTcRqjY4u8tSSfk?authuser=0&hl=en&g_ep=EgoyMDI2MDkwMi4wIJJjKgBIAVAD&rclk=1,4,157,"1 Bazar Rd, Shantinagar, Dhaka",23.7412903,90.4113925
Sky View Restaurant & Party Center,Restaurant,Uttara,https://www.google.com/maps/place/Sky+View+Restaurant+%26+Party+Center/data=!4m7!3m6!1s0x3755c5969a1f1a43:0xdd179dd4fd14de!8m2!3d23.8645572!4d90.4012063!16s%2Fg%2F11t5qw_5pf!19sChIJQxofmpbFVTcR3hT91J0X3QA?authuser=0&hl=en&g_ep=EgoyMDI2MDkwOS4wIJJjKgBIAVAD&rclk=1,4,154,"House 9 Rd 13 , Uttara, Dhaka",23.864557,90.401206
Ajwah Bake & Pastry,Cafe,Bashundhara R/A,https://www.google.com/maps/place/Ajwah+Bake+%26+Pastry/data=!4m7!3m6!1s0x3755c65c7a9b7b3b:0x1b542c58f497ff8a!8m2!3d23.8287458!4d90.4189592!16s%2Fg%2F11cs4chwmq!19sChIJO3ubelzGVTcRiv-X9FgsVBs?authuser=0&hl=en&g_ep=EgoyMDI2MDkwOS4wIJJjKgBIAVAD&rclk=1,4,139,"House 1 Road No. 1 , Bashundhara R/A, Dhaka",23.828746,90.418959
Kitchen House Restaurant & Bar,Restaurant,Uttara,https://www.google.com/maps/place/Kitchen+House+Restaurant+%26+Bar/data=!4m7!3m6!1s0x3755c504b3258cbf:0xcb9985c029adad05!8m2!3d23.8620603!4d90.3995883!16s%2Fg%2F11sbdklg56!19sChIJv4wlswTFVTcRBa2tKcCFmcs?authuser=0&hl=en&g_ep=EgoyMDI2MDkwOS4wIJJjKgBIAVAD&rclk=1,4,135,"Level - 6, Paradise Tower, Dhaka - Mymensingh Rd , Uttara, Dhaka",23.86206,90.399588
Ghuri rooftop,Restaurant,Shantinagar,https://www.google.com/maps/place/Ghuri+rooftop/data=!4m7!3m6!1s0x3755b9ef8d9ece25:0x205c54bdd873be7c!8m2!3d23.7403789!4d90.4107911!16s%2Fg%2F11mdb2vm4q!19sChIJJc6eje-5VTcRfL5z2L1UXCA?authuser=0&hl=en&g_ep=EgoyMDI2MDkwMi4wIJJjKgBIAVAD&rclk=1,4,128,"Holdin No122, Lift 09, Mokka Eye Hospital, Bir Uttam Samsul Alam Road, Beside Bailey Road and Habibullah Bahar University College, Shantinagar, Dhaka",23.7403789,90.4107911
Tasty Treat Mirpur 12,Cafe,Mirpur 12,https://www.google.com/maps/place/Tasty+Treat+Mirpur+12/data=!4m7!3m6!1s0x3755c1c48d9482bd:0xe9b605c847186771!8m2!3d23.8278979!4d90.3643791!16s%2Fg%2F11sqqhbyb9!19sChIJvYKUjcTBVTcRcWcYR8gFtuk?authuser=0&hl=en&g_ep=EgoyMDI2MDkwMi4wIJJjKgBIAVAD&rclk=1,4,127,"Mirpur 12, Dhaka",23.8278979,90.3643791
Heritage Kebab and Restaurant,Restaurant,Bashundhara R/A,https://www.google.com/maps/place/Heritage+Kebab+and+Restaurant/data=!4m7!3m6!1s0x3755c70066a79893:0x455c8f10b43d1c5b!8m2!3d23.8123032!4d90.4303279!16s%2Fg%2F11msslq482!19sChIJk5inZgDHVTcRWxw9tBCPXEU?authuser=0&hl=en&g_ep=EgoyMDI2MDkwOS4wIJJjKgBIAVAD&rclk=1,4,122,"Bashundhara R/A, Dhaka",23.812303,90.430328
AL- ARABIAN Cake & Sweets,Cafe,Uttara,https://www.google.com/maps/place/AL-+ARABIAN+Cake+%26+Sweets/data=!4m7!3m6!1s0x3755c53f7bbed137:0xcd356fbc2ebbf2da!8m2!3d23.8740598!4d90.3840439!16s%2Fg%2F11pkjthj6z!19sChIJN9G-ez_FVTcR2vK7LrxvNc0?authuser=0&hl=en&g_ep=EgoyMDI2MDkwOS4wIJJjKgBIAVAD&rclk=1,4,118,"Uttara, Dhaka",23.87406,90.384044
Food Castle,Restaurant,Mirpur 1,https://www.google.com/maps/place/Food+Castle/data=!4m7!3m6!1s0x3755c0e67c1a0e37:0x6197e435c8b70b07!8m2!3d23.8012081!4d90.35166!16s%2Fg%2F11bz_wgz46!19sChIJNw4afObAVTcRBwu3yDXkl2E?authuser=0&hl=en&g_ep=EgoyMDI2MDkwMi4wIJJjKgBIAVAD&rclk=1,4,118,"Shop No 3, 3rd Avenue, Mirpur 1, Dhaka",23.8012081,90.35166
Chokka,Cafe,Banani,https://www.google.com/maps/place/Chokka/data=!4m7!3m6!1s0x3755c774a8125eb7:0xb2b2ff3ab81c3008!8m2!3d23.7915677!4d90.4028146!16s%2Fg%2F11kj_65thb!19sChIJt14SqHTHVTcRCDAcuDr_srI?authuser=0&hl=en&g_ep=EgoyMDI2MDkwMi4wIJJjKgBIAVAD&rclk=1,4,116,"Block C, House 93 Road No. 6, Banani, Dhaka",23.7915677,90.4028146
Pavo Restaurant Dhaka,Restaurant,Bashundhara R/A,https://www.google.com/maps/place/Pavo+Restaurant+Dhaka/data=!4m7!3m6!1s0x3755c700518d1bf3:0xb8d33817a1515b46!8m2!3d23.8211506!4d90.4377975!16s%2Fg%2F11wvc3r_fs!19sChIJ8xuNUQDHVTcRRltRoRc407g?authuser=0&hl=en&g_ep=EgoyMDI2MDkwOS4wIJJjKgBIAVAD&rclk=1,4,95,"Plot 77, level, 5 Road 3-4 , Bashundhara R/A, Dhaka",23.821151,90.437798
Le d'Or Uttara,Cafe,Uttara,https://www.google.com/maps/place/Le+d%27Or+Uttara/data=!4m7!3m6!1s0x3755c50041ab3749:0xa9bec66206285c09!8m2!3d23.8672018!4d90.3939821!16s%2Fg%2F11yqx9rr00!19sChIJSTerQQDFVTcRCVwoBmLGvqk?authuser=0&hl=en&g_ep=EgoyMDI2MDkwOS4wIJJjKgBIAVAD&rclk=1,4,91,"House 53, Rangs KM Square, Road 15 Rabindra Sarani , Uttara, Dhaka",23.867202,90.393982
Terra Bistro (Uttara),Restaurant,Uttara,https://www.google.com/maps/place/Terra+Bistro+%28Uttara%29/data=!4m7!3m6!1s0x3755c5338c1a2d7b:0xc50e9f77e62ce347!8m2!3d23.8678142!4d90.4051087!16s%2Fg%2F11mtly5bc2!19sChIJey0ajDPFVTcRR-Ms5nefDsU?authuser=0&hl=en&g_ep=EgoyMDI2MDkwOS4wIJJjKgBIAVAD&rclk=1,4,88,"Shahjalal Avenue, House # 42 Rd No. 20/C , Uttara, Dhaka",23.867814,90.405109
"Four Seasons Restaurant, Mirpur-11",Restaurant,Mirpur 11,"https://www.google.com/maps/place/Four+Seasons+Restaurant,+Mirpur-11/data=!4m7!3m6!1s0x3755c1fb5f171bf5:0x459a6b5bf0b27028!8m2!3d23.8158875!4d90.3656778!16s%2Fg%2F11svh5nfp8!19sChIJ9RsXX_vBVTcRKHCy8FtrmkU?authuser=0&hl=en&g_ep=EgoyMDI2MDkwMi4wIJJjKgBIAVAD&rclk=1",4,80,"Mirpur 11, Dhaka",23.8158875,90.3656778
Oromo Coffee Shop,Cafe,Gulshan 2,https://www.google.com/maps/place/Oromo+Coffee+Shop/data=!4m7!3m6!1s0x3755c71226b07c61:0x513af611ab678378!8m2!3d23.7950265!4d90.4134898!16s%2Fg%2F11fpnnqzzp!19sChIJYXywJhLHVTcReINnqxH2OlE?authuser=0&hl=en&g_ep=EgoyMDI2MDkwMi4wIJJjKgBIAVAD&rclk=1,4,73,"Gulshan 2, Dhaka",23.7950265,90.4134898
WOK ON,Restaurant,Bashundhara R/A,https://www.google.com/maps/place/WOK+ON/data=!4m7!3m6!1s0x3755c7001a375ce7:0x9967b51db40f9cdd!8m2!3d23.8119586!4d90.4385907!16s%2Fg%2F11ylks74yg!19sChIJ51w3GgDHVTcR3ZwPtB21Z5k?authuser=0&hl=en&g_ep=EgoyMDI2MDkwOS4wIJJjKgBIAVAD&rclk=1,4,66,"Ground floor ) ,House no : 1317, Road no :30,31, Bismillah Plaza , Bashundhara R/A, Dhaka",23.811959,90.438591
Sugar Rush and CO,Cafe,Mirpur 11,https://www.google.com/maps/place/Sugar+Rush+and+CO/data=!4m7!3m6!1s0x3755c1001e0123f5:0xdc482e975275ff88!8m2!3d23.8205866!4d90.3680205!16s%2Fg%2F11x0hs47_c!19sChIJ9SMBHgDBVTcRiP91UpcuSNw?authuser=0&hl=en&g_ep=EgoyMDI2MDkwMi4wIJJjKgBIAVAD&rclk=1,4,65,"Plot 14 & 15, 01 Kalshi Rd, Mirpur 11, Dhaka",23.8205866,90.3680205
Queens Confectionery Uttara 11,Cafe,Uttara,https://www.google.com/maps/place/Queens+Confectionery+Uttara+11/data=!4m7!3m6!1s0x3755c5ea3a16b94f:0xb92543e539bf751a!8m2!3d23.8764678!4d90.3909268!16s%2Fg%2F11j47q8wqk!19sChIJT7kWOurFVTcRGnW_OeVDJbk?authuser=0&hl=en&g_ep=EgoyMDI2MDkwOS4wIJJjKgBIAVAD&rclk=1,4,64,"Uttara, Dhaka",23.876468,90.390927
Apple Inn,Restaurant,Khilgaon,https://www.google.com/maps/place/Apple+Inn/data=!4m7!3m6!1s0x3755b9004203539f:0x405c7c07f648401c!8m2!3d23.7518764!4d90.4229387!16s%2Fg%2F11y6kmwccb!19sChIJn1MDQgC5VTcRHEBI9gd8XEA?authuser=0&hl=en&g_ep=EgoyMDI2MDkwMi4wIJJjKgBIAVAD&rclk=1,4,63,"3rd floor, Shotodol Rose Heights, 373/B Taltola Rd, Khilgaon, Dhaka",23.7518764,90.4229387
House Cafe by Space,Cafe,Dhanmondi,https://www.google.com/maps/place/House+Cafe+by+Space/data=!4m7!3m6!1s0x3755bf00774fd3a5:0xe5493034cbadeeb0!8m2!3d23.7501221!4d90.3683945!16s%2Fg%2F11xn4xhlbv!19sChIJpdNPdwC_VTcRsO6tyzQwSeU?authuser=0&hl=en&g_ep=EgoyMDI2MDkwMi4wIJJjKgBIAVAD&rclk=1,4,59,"69 Satmasjid Road, Dhanmondi, Dhaka",23.7501221,90.3683945
Belview Art Cafe,Cafe,Banani,https://www.google.com/maps/place/Belview+Art+Cafe/data=!4m7!3m6!1s0x3755c744900eae09:0x337e4d46cf2149ca!8m2!3d23.7906442!4d90.4067661!16s%2Fg%2F11sfh9t42d!19sChIJCa4OkETHVTcRykkhz0ZNfjM?authuser=0&hl=en&g_ep=EgoyMDI2MDkwMi4wIJJjKgBIAVAD&rclk=1,4,49,"154 Road No. 11, Banani, Dhaka",23.7906442,90.4067661
Chef’s Special,Restaurant,Uttara,https://www.google.com/maps/place/Chef%E2%80%99s+Special/data=!4m7!3m6!1s0x3755c5aaaccc9e1b:0x35daa06621e4b293!8m2!3d23.875584!4d90.3905671!16s%2Fg%2F11xg8mchb3!19sChIJG57MrKrFVTcRk7LkIWag2jU?authuser=0&hl=en&g_ep=EgoyMDI2MDkwOS4wIJJjKgBIAVAD&rclk=1,4,42,"1/B Gareeb-E-Nawz Road , Uttara, Dhaka",23.875584,90.390567
Puro Pastry & Bakery-Uttara 13,Cafe,Uttara,https://www.google.com/maps/place/Puro+Pastry+%26+Bakery-Uttara+13/data=!4m7!3m6!1s0x3755c54fa1ce854d:0x8c1bb2e3a91b02e!8m2!3d23.871721!4d90.390698!16s%2Fg%2F11k55bjh8_!19sChIJTYXOoU_FVTcRLrCROi67wQg?authuser=0&hl=en&g_ep=EgoyMDI2MDkwOS4wIJJjKgBIAVAD&rclk=1,4,41,"Uttara, Dhaka",23.871721,90.390698
Ajwah Bake & Pastry,Cafe,Uttara,https://www.google.com/maps/place/Ajwah+Bake+%26+Pastry/data=!4m7!3m6!1s0x3755c52775b74b6b:0x70766b52a0e70dd9!8m2!3d23.8720366!4d90.3964378!16s%2Fg%2F11j8_j8lqv!19sChIJa0u3dSfFVTcR2Q3noFJrdnA?authuser=0&hl=en&g_ep=EgoyMDI2MDkwOS4wIJJjKgBIAVAD&rclk=1,4,27,"House 31 Road-27 , Uttara, Dhaka",23.872037,90.396438
Zen Table - Uttara,Restaurant,Uttara,https://www.google.com/maps/place/Zen+Table+-+Uttara/data=!4m7!3m6!1s0x3755c59efee36c83:0xe1d7d764b5104961!8m2!3d23.8744832!4d90.3841433!16s%2Fg%2F11zgly2z53!19sChIJg2zj_p7FVTcRYUkQtWTX1-E?authuser=0&hl=en&g_ep=EgoyMDI2MDkwOS4wIJJjKgBIAVAD&rclk=1,4,27,"Makkah Madina Trade Center, Sonargaon Janapath Rd , Uttara, Dhaka",23.874483,90.384143
Indulge Khilgaon,Cafe,Khilgaon,https://www.google.com/maps/place/Indulge+Khilgaon/data=!4m7!3m6!1s0x3755b90006f4e899:0xa1639ae53d1cbd64!8m2!3d23.7522563!4d90.4182312!16s%2Fg%2F11y5f4br75!19sChIJmej0BgC5VTcRZL0cPeWaY6E?authuser=0&hl=en&g_ep=EgoyMDI2MDkwMi4wIJJjKgBIAVAD&rclk=1,4,26,"582/C Chowdhury Para, Shahid Baki Rd, Khilgaon, Dhaka",23.7522563,90.4182312
CP Fried Chicken,Restaurant,Bashundhara R/A,https://www.google.com/maps/place/CP+Fried+Chicken/data=!4m7!3m6!1s0x3755c709eb2a8785:0x7728696de46cd54e!8m2!3d23.8129476!4d90.4210053!16s%2Fg%2F11gkwfjy9w!19sChIJhYcq6wnHVTcRTtVs5G1pKHc?authuser=0&hl=en&g_ep=EgoyMDI2MDkwOS4wIJJjKgBIAVAD&rclk=1,4,15,"Bashundhara R/A, Dhaka",23.812948,90.421005
Jahan Restaurant,Restaurant,Khilgaon,https://www.google.com/maps/place/Jahan+Restaurant/data=!4m7!3m6!1s0x3755b9007e4e9fb3:0x5fe49d64ea573789!8m2!3d23.7522641!4d90.4182302!16s%2Fg%2F11nj1qg1wj!19sChIJs59OfgC5VTcRiTdX6mSd5F8?authuser=0&hl=en&g_ep=EgoyMDI2MDkwMi4wIJJjKgBIAVAD&rclk=1,4,12,"582/C Shahid Baki Rd, Khilgaon, Dhaka",23.7522641,90.4182302
Old Terrace Khilgaon,Restaurant,Khilgaon,https://www.google.com/maps/place/Old+Terrace+Khilgaon/data=!4m7!3m6!1s0x3755b97ce3537ccd:0x6d49c98172f81e52!8m2!3d23.7525597!4d90.4183702!16s%2Fg%2F11myn7skkh!19sChIJzXxT43y5VTcRUh74coHJSW0?authuser=0&hl=en&g_ep=EgoyMDI2MDkwMi4wIJJjKgBIAVAD&rclk=1,4,9,"394/B, Shahid Baki Road, opposite to Brac Bank., Khilgaon, Dhaka",23.7525597,90.4183702
Kebab House - Kebab and Biryani,Restaurant,Uttara,https://www.google.com/maps/place/Kebab+House+-+Kebab+and+Biryani/data=!4m7!3m6!1s0x3755c5463a8f741f:0xfade7cd4d4899077!8m2!3d23.8646955!4d90.3996492!16s%2Fg%2F11gxx7hr8t!19sChIJH3SPOkbFVTcRd5CJ1NR83vo?authuser=0&hl=en&g_ep=EgoyMDI2MDkwOS4wIJJjKgBIAVAD&rclk=1,4,7,"2nd Floor), Plot, Latif Emporium, 27 Road-7 , Uttara, Dhaka",23.864695,90.399649
American Burger Bashundhara R/A New Outlet,Restaurant,Bashundhara R/A,https://www.google.com/maps/place/American+Burger+Bashundhara+R%2FA+New+Outlet/data=!4m7!3m6!1s0x3755c7bfcd93f53d:0x6e03b45a4147ac33!8m2!3d23.8121596!4d90.4246693!16s%2Fg%2F11tfv4cqq_!19sChIJPfWTzb_HVTcRM6xHQVq0A24?authuser=0&hl=en&g_ep=EgoyMDI2MDkwOS4wIJJjKgBIAVAD&rclk=1,4,6,"RC6F+VV7, Bashundhara Rd, Bashundhara R/A, Dhaka",23.81216,90.424669
Fritto Bangladesh,Restaurant,Bashundhara R/A,https://www.google.com/maps/place/Fritto+Bangladesh/data=!4m7!3m6!1s0x3755c7005d98ad53:0x9c15b0dea2c8f804!8m2!3d23.8126513!4d90.4280236!16s%2Fg%2F11xn8bsb1b!19sChIJU62YXQDHVTcRBPjIot6wFZw?authuser=0&hl=en&g_ep=EgoyMDI2MDkwOS4wIJJjKgBIAVAD&rclk=1,4,4,"12 Bashundhara Rd , Bashundhara R/A, Dhaka",23.812651,90.428024
Bikrampur Biriyani Ghor,Restaurant,Uttara,https://www.google.com/maps/place/Bikrampur+Biriyani+Ghor/data=!4m7!3m6!1s0x3755c426d0875025:0x4f774f1a6ab8e982!8m2!3d23.8614892!4d90.3989514!16s%2Fg%2F11hcj01ct7!19sChIJJVCH0CbEVTcRgum4ahpPd08?authuser=0&hl=en&g_ep=EgoyMDI2MDkwOS4wIJJjKgBIAVAD&rclk=1,4,2,"Plot No-6, Road No-2, Sector-3, Uttara , Uttara, Dhaka",23.861489,90.398951
Cake town- Bashundhara,Cafe,Bashundhara R/A,https://www.google.com/maps/place/Cake+town-+Bashundhara/data=!4m7!3m6!1s0x3755c70066ab42ad:0x37f98be37c9ce16d!8m2!3d23.8126767!4d90.4245824!16s%2Fg%2F11zwpg0zgb!19sChIJrUKrZgDHVTcRbeGcfOOL-Tc?authuser=0&hl=en&g_ep=EgoyMDI2MDkwOS4wIJJjKgBIAVAD&rclk=1,4,2,"007e Shahid Fazlul Haq Rd , Bashundhara R/A, Dhaka",23.812677,90.424582
Biriyani Hut - বিরিয়ানি হাঁট,Restaurant,Uttara,https://www.google.com/maps/place/Biriyani+Hut+-+%E0%A6%AC%E0%A6%BF%E0%A6%B0%E0%A6%BF%E0%A7%9F%E0%A6%BE%E0%A6%A8%E0%A6%BF+%E0%A6%B9%E0%A6%BE%E0%A6%81%E0%A6%9F/data=!4m7!3m6!1s0x3755c5b69a855547:0x67700222ccdd243e!8m2!3d23.8713307!4d90.4042719!16s%2Fg%2F11l1p54pyg!19sChIJR1WFmrbFVTcRPiTdzCICcGc?authuser=0&hl=en&g_ep=EgoyMDI2MDkwOS4wIJJjKgBIAVAD&rclk=1,4,1,"Uttara, Dhaka",23.871331,90.404272
Green Rock Cafe,Cafe,Bashundhara R/A,https://www.google.com/maps/place/Green+Rock+Cafe/data=!4m7!3m6!1s0x3755c772ae4efe8f:0x768f73e6c248a38f!8m2!3d23.8299858!4d90.4429368!16s%2Fg%2F11ywg7934q!19sChIJj_5OrnLHVTcRj6NIwuZzj3Y?authuser=0&hl=en&g_ep=EgoyMDI2MDkwOS4wIJJjKgBIAVAD&rclk=1,4,1,"Joarshahara, 300 Feet Bashundhara-Purbachal Link Rd, Dhaka 1229 - Beside, AUSIS , Bashundhara R/A, Dhaka",23.829986,90.442937
আর. রহমান লাইভ বেকারি,Cafe,Bashundhara R/A,https://www.google.com/maps/place/%E0%A6%86%E0%A6%B0.+%E0%A6%B0%E0%A6%B9%E0%A6%AE%E0%A6%BE%E0%A6%A8+%E0%A6%B2%E0%A6%BE%E0%A6%87%E0%A6%AD+%E0%A6%AC%E0%A7%87%E0%A6%95%E0%A6%BE%E0%A6%B0%E0%A6%BF/data=!4m7!3m6!1s0x3755c7006308d893:0x61a547ae756c0d4!8m2!3d23.821024!4d90.4237107!16s%2Fg%2F11nb9_6tmp!19sChIJk9gIYwDHVTcR1MBW53pUGgY?authuser=0&hl=en&g_ep=EgoyMDI2MDkwOS4wIJJjKgBIAVAD&rclk=1,4,1,"RCCF+CF4, Kuratoli Rd, Bashundhara R/A, Dhaka",23.821024,90.423711
The Cafe Rio Ltd. (Uttara Branch),Cafe,Uttara,https://www.google.com/maps/place/The+Cafe+Rio+Ltd.+%28Uttara+Branch%29/data=!4m7!3m6!1s0x3755c5e9036123db:0x5b9296b8f5584790!8m2!3d23.8616836!4d90.3989229!16s%2Fg%2F11f7nlvkt7!19sChIJ2yNhA-nFVTcRkEdY9biWkls?authuser=0&hl=en&g_ep=EgoyMDI2MDkwOS4wIJJjKgBIAVAD&rclk=1,3.9,4.4K,"5th Floor, House # 6 Road # 2, Jashimuddin Ave Buffet-style dining in a relaxed setting , Uttara, Dhaka",23.861684,90.398923
La Bamba,Restaurant,Uttara,https://www.google.com/maps/place/La+Bamba/data=!4m7!3m6!1s0x3755c4187f5d1a25:0xc8b89f062b9bf1e2!8m2!3d23.867076!4d90.3934744!16s%2Fg%2F1tfmlrgq!19sChIJJRpdfxjEVTcR4vGbKwafuMg?authuser=0&hl=en&g_ep=EgoyMDI2MDkwOS4wIJJjKgBIAVAD&rclk=1,3.9,4.3K,"Rabindra Sarani , Uttara, Dhaka",23.867076,90.393474
The Dining Lounge Khilgaon,Restaurant,Khilgaon,https://www.google.com/maps/place/The+Dining+Lounge+Khilgaon/data=!4m7!3m6!1s0x3755b87016c4fd69:0xb01d655b171013db!8m2!3d23.7519025!4d90.422929!16s%2Fg%2F11c5b5ksys!19sChIJaf3EFnC4VTcR2xMQF1tlHbA?authuser=0&hl=en&g_ep=EgoyMDI2MDkwMi4wIJJjKgBIAVAD&rclk=1,3.9,3.8K,"Shotodol Rose Heights, 373/B, Level 3, Shahid Baki Rd, Khilgaon, Dhaka",23.7519025,90.422929
Sultan's Dine - Baily Road,Restaurant,Shantinagar,https://www.google.com/maps/place/Sultan%27s+Dine+-+Baily+Road/data=!4m7!3m6!1s0x3755b9d47cc56d9f:0x4c5464824b39434b!8m2!3d23.7417324!4d90.4104204!16s%2Fg%2F11mncd4lbj!19sChIJn23FfNS5VTcRS0M5S4JkVEw?authuser=0&hl=en&g_ep=EgoyMDI2MDkwMi4wIJJjKgBIAVAD&rclk=1,3.9,3.1K,"9 Bailey Rd, Shantinagar, Dhaka",23.7417324,90.4104204
Royal Buffet ~ Dhanmondi,Restaurant,Dhanmondi,https://www.google.com/maps/place/Royal+Buffet+~+Dhanmondi/data=!4m7!3m6!1s0x3755b8b708022433:0x80329178fba5d475!8m2!3d23.7420333!4d90.3825148!16s%2Fg%2F11bxjsdkyw!19sChIJMyQCCLe4VTcRddSl-3iRMoA?authuser=0&hl=en&g_ep=EgoyMDI2MDkwMi4wIJJjKgBIAVAD&rclk=1,3.9,2.4K,"House#8/A, Road#4, Royal Palaza (5th Floor), Mirpur Rd, Dhanmondi, Dhaka",23.7420333,90.3825148
Sector 7 Restaurant & Party Center,Restaurant,Uttara,https://www.google.com/maps/place/Sector+7+Restaurant+%26+Party+Center/data=!4m7!3m6!1s0x3755c424230aff6b:0x59107c95ada642e3!8m2!3d23.8688789!4d90.3998918!16s%2Fg%2F11fxvpqzvx!19sChIJa_8KIyTEVTcR40KmrZV8EFk?authuser=0&hl=en&g_ep=EgoyMDI2MDkwOS4wIJJjKgBIAVAD&rclk=1,3.9,1.9K,"Plot 11, Service Rd , Uttara, Dhaka",23.868879,90.399892
Cafe Rain Street,Restaurant,Mirpur 1,https://www.google.com/maps/place/Cafe+Rain+Street/data=!4m7!3m6!1s0x3755c1959d93111f:0xf1c9149dd6c2cf2!8m2!3d23.8006872!4d90.3537422!16s%2Fg%2F11gv27yt6z!19sChIJHxGTnZXBVTcR8ixs3UmRHA8?authuser=0&hl=en&g_ep=EgoyMDI2MDkwMi4wIJJjKgBIAVAD&rclk=1,3.9,1.2K,"R923+7FX, House- 32 Rd No. 5, Mirpur 1, Dhaka",23.8006872,90.3537422
Station by Chef's Table Uttara,Restaurant,Uttara,https://www.google.com/maps/place/Station+by+Chef%27s+Table+Uttara/data=!4m7!3m6!1s0x3755b9b0df97f3f3:0x9807aebabde347dd!8m2!3d23.8696428!4d90.3896877!16s%2Fg%2F11z18wwh9x!19sChIJ8_OX37C5VTcR3UfjvbquB5g?authuser=0&hl=en&g_ep=EgoyMDI2MDkwOS4wIJJjKgBIAVAD&rclk=1,3.9,1.2K,"Tropical Dilara Tower, Plot 20 Gausul Azam Ave , Uttara, Dhaka",23.869643,90.389688
The Hub - Cafe & Bistro,Restaurant,Mirpur 1,https://www.google.com/maps/place/The+Hub+-+Cafe+%26+Bistro/data=!4m7!3m6!1s0x3755c1fb1aea654d:0xf48f0665def1f093!8m2!3d23.80118!4d90.3541896!16s%2Fg%2F11j38tbr90!19sChIJTWXqGvvBVTcRk_Dx3mUGj_Q?authuser=0&hl=en&g_ep=EgoyMDI2MDkwMi4wIJJjKgBIAVAD&rclk=1,3.9,1.2K,"29 Zoo Road, Mirpur 1, Dhaka",23.80118,90.3541896
VIP's Restaurant & Party Center,Restaurant,Mirpur 1,https://www.google.com/maps/place/VIP%27s+Restaurant+%26+Party+Center/data=!4m7!3m6!1s0x3755c0e78deb6da3:0xf2a909bb5c4d096f!8m2!3d23.8024213!4d90.3532878!16s%2Fg%2F12m8zvtj_!19sChIJo23rjefAVTcRbwlNXLsJqfI?authuser=0&hl=en&g_ep=EgoyMDI2MDkwMi4wIJJjKgBIAVAD&rclk=1,3.9,1.2K,"Plot-43, Block-E, Zoo Road, Mirpur 1, Dhaka",23.8024213,90.3532878
"Shawarma House, Mirpur 11.5",Restaurant,Mirpur 11,"https://www.google.com/maps/place/Shawarma+House,+Mirpur+11.5/data=!4m7!3m6!1s0x3755c13aed897487:0x5d185eee395f0d80!8m2!3d23.8245625!4d90.364075!16s%2Fg%2F11b6vf2hy_!19sChIJh3SJ7TrBVTcRgA1fOe5eGF0?authuser=0&hl=en&g_ep=EgoyMDI2MDkwMi4wIJJjKgBIAVAD&rclk=1",3.9,1.1K,"Mirpur 11, Dhaka",23.8245625,90.364075
Domino's Pizza Mirpur 12,Restaurant,Mirpur 12,https://www.google.com/maps/place/Domino%27s+Pizza+Mirpur+12/data=!4m7!3m6!1s0x3755c10fad63dfc5:0x3bb30d7639bf89db!8m2!3d23.827288!4d90.3643934!16s%2Fg%2F11pb3m6fmr!19sChIJxd9jrQ_BVTcR24m_OXYNszs?authuser=0&hl=en&g_ep=EgoyMDI2MDkwMi4wIJJjKgBIAVAD&rclk=1,3.9,938,"Mirpur 12, Dhaka",23.827288,90.3643934
Ocaso Skyscape,Restaurant,Uttara,https://www.google.com/maps/place/Ocaso+Skyscape/data=!4m7!3m6!1s0x3755c595374bd87f:0xb51594249cca9203!8m2!3d23.8747335!4d90.3986087!16s%2Fg%2F11h7v6sq9r!19sChIJf9hLN5XFVTcRA5LKnCSUFbU?authuser=0&hl=en&g_ep=EgoyMDI2MDkwOS4wIJJjKgBIAVAD&rclk=1,3.9,764,"16 Sonargaon Janapath Rd , Uttara, Dhaka",23.874734,90.398609
KFC Bashundhara,Restaurant,Bashundhara R/A,https://www.google.com/maps/place/KFC+Bashundhara/data=!4m7!3m6!1s0x3755c76bdf674989:0xe728d20c10bb7938!8m2!3d23.8122483!4d90.424193!16s%2Fg%2F11g2xdt0lq!19sChIJiUln32vHVTcROHm7EAzSKOc?authuser=0&hl=en&g_ep=EgoyMDI2MDkwOS4wIJJjKgBIAVAD&rclk=1,3.9,743,"1st Floor, Adept NR Complex, Ka-5/2, Bashundhara Rd , Bashundhara R/A, Dhaka",23.812248,90.424193
ORO ROASTERS,Cafe,Mirpur 1,https://www.google.com/maps/place/ORO+ROASTERS/data=!4m7!3m6!1s0x3755c1004cd60d45:0x51d86054da5efb1b!8m2!3d23.8009146!4d90.3540533!16s%2Fg%2F11vqtjp65l!19sChIJRQ3WTADBVTcRG_te2lRg2FE?authuser=0&hl=en&g_ep=EgoyMDI2MDkwMi4wIJJjKgBIAVAD&rclk=1,3.9,730,"Zoo Road, Mirpur 1, Dhaka",23.8009146,90.3540533
Water Garden Restaurant & Convention Hall,Restaurant,Shantinagar,https://www.google.com/maps/place/Water+Garden+Restaurant+%26+Convention+Hall/data=!4m7!3m6!1s0x3755b907ab37c071:0x2d7ee3abdec73111!8m2!3d23.7390179!4d90.416159!16s%2Fg%2F11h2p7_p7p!19sChIJccA3qwe5VTcRETHH3qvjfi0?authuser=0&hl=en&g_ep=EgoyMDI2MDkwMi4wIJJjKgBIAVAD&rclk=1,3.9,708,"Ideal point, 156 Rd, Shantinagar, Dhaka",23.7390179,90.416159
Luchi Chap,Restaurant,Bashundhara R/A,https://www.google.com/maps/place/Luchi+Chap/data=!4m7!3m6!1s0x3755c64d69855659:0xd997bbf0aeccfe9e!8m2!3d23.8120397!4d90.4223825!16s%2Fg%2F11dxdcn7zy!19sChIJWVaFaU3GVTcRnv7MrvC7l9k?authuser=0&hl=en&g_ep=EgoyMDI2MDkwOS4wIJJjKgBIAVAD&rclk=1,3.9,565,"Ka-54, 3 Bashundhara Rd , Bashundhara R/A, Dhaka",23.81204,90.422382
Chillox Mirpur 12,Restaurant,Mirpur 12,https://www.google.com/maps/place/Chillox+Mirpur+12/data=!4m7!3m6!1s0x3755c1c63926229b:0x89004beb3a1e754f!8m2!3d23.8299805!4d90.3636416!16s%2Fg%2F11svfg9yhz!19sChIJmyImOcbBVTcRT3UeOutLAIk?authuser=0&hl=en&g_ep=EgoyMDI2MDkwMi4wIJJjKgBIAVAD&rclk=1,3.9,557,"Mirpur 12, Dhaka",23.8299805,90.3636416
Tasty Treat- Uttara 06,Cafe,Uttara,https://www.google.com/maps/place/Tasty+Treat-+Uttara+06/data=!4m7!3m6!1s0x3755c5f8cb6e0d59:0xceb7e1e48de5eddc!8m2!3d23.8688439!4d90.4016397!16s%2Fg%2F11fd4rqyyw!19sChIJWQ1uy_jFVTcR3O3ljeTht84?authuser=0&hl=en&g_ep=EgoyMDI2MDkwOS4wIJJjKgBIAVAD&rclk=1,3.9,517,"13 Rajuk College Rd , Uttara, Dhaka",23.868844,90.40164
American Burger Bashundhara,Restaurant,Bashundhara R/A,https://www.google.com/maps/place/American+Burger+Bashundhara/data=!4m7!3m6!1s0x3755c64b0e8dcbe3:0x70b120d5cba6f4e6!8m2!3d23.8125496!4d90.4282207!16s%2Fg%2F1pp2tzly7!19sChIJ48uNDkvGVTcR5vSmy9UgsXA?authuser=0&hl=en&g_ep=EgoyMDI2MDkwOS4wIJJjKgBIAVAD&rclk=1,3.9,490,"Sayem Rd , Bashundhara R/A, Dhaka",23.81255,90.428221
Yellow Knife,Restaurant,Mirpur 1,https://www.google.com/maps/place/Yellow+Knife/data=!4m7!3m6!1s0x3755c1e11e85f8d7:0x994ead3f4fc2edb9!8m2!3d23.8010412!4d90.3543212!16s%2Fg%2F11syrl2hbm!19sChIJ1_iFHuHBVTcRue3CTz-tTpk?authuser=0&hl=en&g_ep=EgoyMDI2MDkwMi4wIJJjKgBIAVAD&rclk=1,3.9,338,"26, 29 Zoo Road, Mirpur 1, Dhaka",23.8010412,90.3543212
BiyeBari Restaurant - Mirpur 12,Restaurant,Mirpur 12,https://www.google.com/maps/place/BiyeBari+Restaurant+-+Mirpur+12/data=!4m7!3m6!1s0x3755c1558adeaf25:0x9d0c39df01e5a5d2!8m2!3d23.8294677!4d90.3636016!16s%2Fg%2F11tfw7ky6_!19sChIJJa_eilXBVTcR0qXlAd85DJ0?authuser=0&hl=en&g_ep=EgoyMDI2MDkwMi4wIJJjKgBIAVAD&rclk=1,3.9,272,"Mirpur 12, Dhaka",23.8294677,90.3636016
Riddhi Book Cafe-ঋদ্ধি বুক ক্যাফে,Cafe,Mirpur 11,https://www.google.com/maps/place/Riddhi+Book+Cafe-%E0%A6%8B%E0%A6%A6%E0%A7%8D%E0%A6%A7%E0%A6%BF+%E0%A6%AC%E0%A7%81%E0%A6%95+%E0%A6%95%E0%A7%8D%E0%A6%AF%E0%A6%BE%E0%A6%AB%E0%A7%87/data=!4m7!3m6!1s0x3755c1bf50dce7c3:0xf27dad0de68a9986!8m2!3d23.819499!4d90.3655512!16s%2Fg%2F11vy2c1w21!19sChIJw-fcUL_BVTcRhpmK5g2tffI?authuser=0&hl=en&g_ep=EgoyMDI2MDkwMi4wIJJjKgBIAVAD&rclk=1,3.9,240,"Block D, Plot 2, Road 9, Pallabi Rd, Mirpur 11, Dhaka",23.819499,90.3655512
C'Paris,Restaurant,Gulshan 1,https://www.google.com/maps/place/C%27Paris/data=!4m7!3m6!1s0x3755c731f8def139:0x306d9f7fd49cfd21!8m2!3d23.781867!4d90.4177317!16s%2Fg%2F11yhg1b_9k!19sChIJOfHe-DHHVTcRIf2c1H-fbTA?authuser=0&hl=en&g_ep=EgoyMDI2MDkwMi4wIJJjKgBIAVAD&rclk=1,3.9,233,"House 60D, 131 Road, Gulshan 1, Dhaka",23.781867,90.4177317
Loca,Restaurant,Bashundhara R/A,https://www.google.com/maps/place/Loca/data=!4m7!3m6!1s0x3755c64d66dddd8d:0x2192a95cd3f4cb3b!8m2!3d23.8120385!4d90.4223836!16s%2Fg%2F11j4styp51!19sChIJjd3dZk3GVTcRO8v001ypkiE?authuser=0&hl=en&g_ep=EgoyMDI2MDkwOS4wIJJjKgBIAVAD&rclk=1,3.9,227,"11 Bashundhara Rd , Bashundhara R/A, Dhaka",23.812038,90.422384
SORA,Restaurant,Shantinagar,https://www.google.com/maps/place/SORA/data=!4m7!3m6!1s0x3755b9002d1870a9:0x9c7ae6e48f991a69!8m2!3d23.74216!4d90.411644!16s%2Fg%2F11wfqm6m3q!19sChIJqXAYLQC5VTcRaRqZj-Tmepw?authuser=0&hl=en&g_ep=EgoyMDI2MDkwMi4wIJJjKgBIAVAD&rclk=1,3.9,226,"118 Bailey Rd, Shantinagar, Dhaka",23.74216,90.411644
Food Ranger Restaurant,Restaurant,Mirpur 1,https://www.google.com/maps/place/Food+Ranger+Restaurant/data=!4m7!3m6!1s0x3755c110d6a11603:0xe15537e75948411e!8m2!3d23.8027919!4d90.3542678!16s%2Fg%2F11m9tn0f4v!19sChIJAxah1hDBVTcRHkFIWec3VeE?authuser=0&hl=en&g_ep=EgoyMDI2MDkwMi4wIJJjKgBIAVAD&rclk=1,3.9,196,"House: 1/1(2nd floor), Road : Avenue 1, Section: 2, Block: D, Mirpur, Mirpur 1, Dhaka",23.8027919,90.3542678
Mezzan Haile Aaiun ~ Bashundhara,Restaurant,Bashundhara R/A,https://www.google.com/maps/place/Mezzan+Haile+Aaiun+~+Bashundhara/data=!4m7!3m6!1s0x3755c7e836ab5043:0xd72e946a4ffcaf4b!8m2!3d23.8122045!4d90.4248509!16s%2Fg%2F11s7nvfg8z!19sChIJQ1CrNujHVTcRS6_8T2qULtc?authuser=0&hl=en&g_ep=EgoyMDI2MDkwOS4wIJJjKgBIAVAD&rclk=1,3.9,182,"RC6F+WXR, Bashundhara Rd , Bashundhara R/A, Dhaka",23.812204,90.424851
Poplar Taiwan - Bakery / Coffee / Dessert / Hot food -Jamuna Future Park,Cafe,Bashundhara R/A,https://www.google.com/maps/place/Poplar+Taiwan+-+Bakery+%2F+Coffee+%2F+Dessert+%2F+Hot+food+-Jamuna+Future+Park/data=!4m7!3m6!1s0x3755c64dac6367e9:0x39d870fcc4138c38!8m2!3d23.8135359!4d90.4242369!16s%2Fg%2F11bxf4lddp!19sChIJ6WdjrE3GVTcROIwTxPxw2Dk?authuser=0&hl=en&g_ep=EgoyMDI2MDkwOS4wIJJjKgBIAVAD&rclk=1,3.9,170,"Bashundhara R/A, Dhaka",23.813536,90.424237
Arabian,Restaurant,Mirpur 12,https://www.google.com/maps/place/Arabian/data=!4m7!3m6!1s0x3755c156e67910b3:0x74d27206bbed1e81!8m2!3d23.8272231!4d90.3643922!16s%2Fg%2F11vbrwqwgf!19sChIJsxB55lbBVTcRgR7tuwZy0nQ?authuser=0&hl=en&g_ep=EgoyMDI2MDkwMi4wIJJjKgBIAVAD&rclk=1,3.9,168,"Mirpur 12, Dhaka",23.8272231,90.3643922
Crust and Beans Mirpur 12,Restaurant,Mirpur 12,https://www.google.com/maps/place/Crust+and+Beans+Mirpur+12/data=!4m7!3m6!1s0x3755c1e527ad6f49:0xdca66f7a3f978fc9!8m2!3d23.8272465!4d90.3644021!16s%2Fg%2F11ks0gb9tw!19sChIJSW-tJ-XBVTcRyY-XP3pvptw?authuser=0&hl=en&g_ep=EgoyMDI2MDkwMi4wIJJjKgBIAVAD&rclk=1,3.9,167,"Safura Tower, Road -7, Holding -45, Block-A, Mirpur, Mirpur 12, Dhaka",23.8272465,90.3644021
Madchef & Cheez! Gulshan 1 (Cloud Kitchen),Restaurant,Gulshan 1,https://www.google.com/maps/place/Madchef+%26+Cheez!+Gulshan+1+%28Cloud+Kitchen%29/data=!4m7!3m6!1s0x3755c7bcd72edcff:0x32b802fea5f335ec!8m2!3d23.7755422!4d90.4175583!16s%2Fg%2F11lt2_s4mj!19sChIJ_9wu17zHVTcR7DXzpf4CuDI?authuser=0&hl=en&g_ep=EgoyMDI2MDkwMi4wIJJjKgBIAVAD&rclk=1,3.9,163,"QCG9+627, Rd 137, Gulshan 1, Dhaka",23.7755422,90.4175583
Saffron Restaurant and Cafe,Cafe,Bashundhara R/A,https://www.google.com/maps/place/Saffron+Restaurant+and+Cafe/data=!4m7!3m6!1s0x3755c13370000001:0x51372395757f46f1!8m2!3d23.8136298!4d90.4239838!16s%2Fg%2F1pp2vjr5r!19sChIJAQAAcDPBVTcR8UZ_dZUjN1E?authuser=0&hl=en&g_ep=EgoyMDI2MDkwOS4wIJJjKgBIAVAD&rclk=1,3.9,146,"KA-244, Shop No 1-2, Block- D, Kuril, Progoti Sharani Jamuna Future Park , Bashundhara R/A, Dhaka",23.81363,90.423984
American Blend Pizza and Edge Coffee,Cafe,Bashundhara R/A,https://www.google.com/maps/place/American+Blend+Pizza+and+Edge+Coffee/data=!4m7!3m6!1s0x3755c64d6a4874cf:0x8cc8116d4013a76c!8m2!3d23.8119586!4d90.4235214!16s%2Fg%2F1tdbz_pb!19sChIJz3RIak3GVTcRbKcTQG0RyIw?authuser=0&hl=en&g_ep=EgoyMDI2MDkwOS4wIJJjKgBIAVAD&rclk=1,3.9,143,"Level 2, Haveily Complex, Ka 9 Bashundhara Rd , Bashundhara R/A, Dhaka",23.811959,90.423521
Dhaka Ruti House,Restaurant,Shantinagar,https://www.google.com/maps/place/Dhaka+Ruti+House/data=!4m7!3m6!1s0x3755b85e4d1a2b25:0x38d0650a6f421235!8m2!3d23.7369399!4d90.4148722!16s%2Fg%2F1pzwy8s0t!19sChIJJSsaTV64VTcRNRJCbwpl0Dg?authuser=0&hl=en&g_ep=EgoyMDI2MDkwMi4wIJJjKgBIAVAD&rclk=1,3.9,142,"101 VIP Rd, Shantinagar, Dhaka",23.7369399,90.4148722
Muslim Biriyani,Restaurant,Uttara,https://www.google.com/maps/place/Muslim+Biriyani/data=!4m7!3m6!1s0x3755c50005446d3d:0xa6380b57f1d3daed!8m2!3d23.8739512!4d90.379813!16s%2Fg%2F11nvw5ffvd!19sChIJPW1EBQDFVTcR7drT8VcLOKY?authuser=0&hl=en&g_ep=EgoyMDI2MDkwOS4wIJJjKgBIAVAD&rclk=1,3.9,140,"43 Sonargaon Janapath Rd, Uttara, Dhaka",23.873951,90.379813
West Lake Restaurant,Restaurant,Uttara,https://www.google.com/maps/place/West+Lake+Restaurant/data=!4m7!3m6!1s0x3755c522d8fbaec1:0x24c3ac3432c0284e!8m2!3d23.8721178!4d90.3798015!16s%2Fg%2F11k58y4c83!19sChIJwa772CLFVTcRTijAMjSswyQ?authuser=0&hl=en&g_ep=EgoyMDI2MDkwOS4wIJJjKgBIAVAD&rclk=1,3.9,135,"C, House# 36 Rd No 6 , Uttara, Dhaka",23.872118,90.379801
Abesh Hotel & Restaurant (Branch-6),Restaurant,Bashundhara R/A,https://www.google.com/maps/place/Abesh+Hotel+%26+Restaurant+%28Branch-6%29/data=!4m7!3m6!1s0x3755c700243eb7fd:0x5421bd8140b957a3!8m2!3d23.8125059!4d90.4227396!16s%2Fg%2F11myy2jw6j!19sChIJ_bc-JADHVTcRo1e5QIG9IVQ?authuser=0&hl=en&g_ep=EgoyMDI2MDkwOS4wIJJjKgBIAVAD&rclk=1,3.9,132,"Bashundhara R/A, Dhaka",23.812506,90.42274
Domino’s Pizza Shantinagar,Restaurant,Shantinagar,https://www.google.com/maps/place/Domino%E2%80%99s+Pizza+Shantinagar/data=!4m7!3m6!1s0x3755b937f19ce02b:0x277f680cbb31e0dd!8m2!3d23.7410039!4d90.4124761!16s%2Fg%2F11vb81xyqm!19sChIJK-Cc8Te5VTcR3eAxuwxofyc?authuser=0&hl=en&g_ep=EgoyMDI2MDkwMi4wIJJjKgBIAVAD&rclk=1,3.9,112,"Shantinagar, Dhaka",23.7410039,90.4124761
Shumi's Hot Cake,Cafe,Uttara,https://www.google.com/maps/place/Shumi%27s+Hot+Cake/data=!4m7!3m6!1s0x3755c43aa47dc42b:0x31f73247478eb953!8m2!3d23.8708217!4d90.4027102!16s%2Fg%2F1pv00z042!19sChIJK8R9pDrEVTcRU7mOR0cy9zE?authuser=0&hl=en&g_ep=EgoyMDI2MDkwOS4wIJJjKgBIAVAD&rclk=1,3.9,105,"House -6 Isakha Ave , Uttara, Dhaka",23.870822,90.40271
Shororeetu - Premium Bengali Diner,Restaurant,Uttara,https://www.google.com/maps/place/Shororeetu+-+Premium+Bengali+Diner/data=!4m7!3m6!1s0x3755c570327a9363:0xc6b7fb7516698dfa!8m2!3d23.8760592!4d90.3906562!16s%2Fg%2F11zk1dyc58!19sChIJY5N6MnDFVTcR-o1pFnX7t8Y?authuser=0&hl=en&g_ep=EgoyMDI2MDkwOS4wIJJjKgBIAVAD&rclk=1,3.9,78,"House 01, Garib-E-Newaz Ave , Uttara, Dhaka",23.876059,90.390656
Coffee London,Cafe,Bashundhara R/A,https://www.google.com/maps/place/Coffee+London/data=!4m7!3m6!1s0x3755c7005835190f:0x3ef864437d43bd91!8m2!3d23.8111569!4d90.4386199!16s%2Fg%2F11ynjvd_y_!19sChIJDxk1WADHVTcRkb1DfUNk-D4?authuser=0&hl=en&g_ep=EgoyMDI2MDkwOS4wIJJjKgBIAVAD&rclk=1,3.9,62,"Bismillah Plaza Plot#1317,1318,1363,1364 Sonia Sobhan 5th Avenue , Bashundhara R/A, Dhaka",23.811157,90.43862
Mr. Baker,Cafe,Uttara,https://www.google.com/maps/place/Mr.+Baker/data=!4m7!3m6!1s0x3755c43bf18a99b1:0x79880f3f3b775c2b!8m2!3d23.8746753!4d90.398357!16s%2Fg%2F12hlgyq63!19sChIJsZmK8TvEVTcRK1x3Oz8PiHk?authuser=0&hl=en&g_ep=EgoyMDI2MDkwOS4wIJJjKgBIAVAD&rclk=1,3.9,56,"Plot No.:18, House Building, Road Sonargaon Avenue , Uttara, Dhaka",23.874675,90.398357
TANDOOR n SPICE Bashundhara,Restaurant,Bashundhara R/A,https://www.google.com/maps/place/TANDOOR+n+SPICE+Bashundhara/data=!4m7!3m6!1s0x3755c74b0a3d9ccb:0x49903e1d759a12ae!8m2!3d23.8143493!4d90.4385557!16s%2Fg%2F11l6_1f8xg!19sChIJy5w9CkvHVTcRrhKadR0-kEk?authuser=0&hl=en&g_ep=EgoyMDI2MDkwOS4wIJJjKgBIAVAD&rclk=1,3.9,55,"shop no-13, Level -2, JCX Business Tower, Jcx business tower, plot-1136/A, 1136/A Japan Street , Bashundhara R/A, Dhaka",23.814349,90.438556
Second Cup Coffee,Cafe,Shantinagar,https://www.google.com/maps/place/Second+Cup+Coffee/data=!4m7!3m6!1s0x3755b90034f2db8f:0x9f37473ad99484c1!8m2!3d23.7447174!4d90.4069578!16s%2Fg%2F11wpq2vyxm!19sChIJj9vyNAC5VTcRwYSU2TpHN58?authuser=0&hl=en&g_ep=EgoyMDI2MDkwMi4wIJJjKgBIAVAD&rclk=1,3.9,45,"55 Siddheswari Rd, Shantinagar, Dhaka",23.7447174,90.4069578
Cheese Episode,Restaurant,Uttara,https://www.google.com/maps/place/Cheese+Episode/data=!4m7!3m6!1s0x3755c50ce3464041:0x396eb617c8e9ceee!8m2!3d23.8746342!4d90.3913795!16s%2Fg%2F11hs3b5833!19sChIJQUBG4wzFVTcR7s7pyBe2bjk?authuser=0&hl=en&g_ep=EgoyMDI2MDkwOS4wIJJjKgBIAVAD&rclk=1,3.9,35,"Plot 23 Road No. 2 , Uttara, Dhaka",23.874634,90.391379
Mealsy Restaurant,Restaurant,Bashundhara R/A,https://www.google.com/maps/place/Mealsy+Restaurant/data=!4m7!3m6!1s0x3755c74505e5576f:0x5e3b76dd5f17860d!8m2!3d23.8125835!4d90.4253712!16s%2Fg%2F11sjjsz40m!19sChIJb1flBUXHVTcRDYYXX912O14?authuser=0&hl=en&g_ep=EgoyMDI2MDkwOS4wIJJjKgBIAVAD&rclk=1,3.9,7,"KA5, 4 Bashundhara Rd , Bashundhara R/A, Dhaka",23.812583,90.425371
Kabab Factory,Restaurant,Uttara,https://www.google.com/maps/place/Kabab+Factory/data=!4m7!3m6!1s0x3755c4228482e57d:0x1d72169fa55a9ea0!8m2!3d23.8681826!4d90.393932!16s%2Fg%2F1tqcjkwk!19sChIJfeWChCLEVTcRoJ5apZ8Wch0?authuser=0&hl=en&g_ep=EgoyMDI2MDkwOS4wIJJjKgBIAVAD&rclk=1,3.8,4.8K,"14 Lake Drive Rd , Uttara, Dhaka",23.868183,90.393932
Fakhruddin Biriyani & Restaurant - Gulshan 1,Restaurant,Gulshan 1,https://www.google.com/maps/place/Fakhruddin+Biriyani+%26+Restaurant+-+Gulshan+1/data=!4m7!3m6!1s0x3755c799535e683b:0x44624270e32442f2!8m2!3d23.7805773!4d90.4173447!16s%2Fg%2F12hxg2dxj!19sChIJO2heU5nHVTcR8kIk43BCYkQ?authuser=0&hl=en&g_ep=EgoyMDI2MDkwMi4wIJJjKgBIAVAD&rclk=1,3.8,2.7K,"Gulshan 1, Dhaka",23.7805773,90.4173447
Kavan,Restaurant,Khilgaon,https://www.google.com/maps/place/Kavan/data=!4m7!3m6!1s0x3755b9d1a6a1aaa5:0xeca26b3d85e02d97!8m2!3d23.7524919!4d90.417621!16s%2Fg%2F11h01wr926!19sChIJpaqhptG5VTcRly3ghT1rouw?authuser=0&hl=en&g_ep=EgoyMDI2MDkwMi4wIJJjKgBIAVAD&rclk=1,3.8,1.7K,"397/B Chowdhury Para, Shahid Baki Rd, Khilgaon, Dhaka",23.7524919,90.417621
Grand Prince Thai & Chinese Restaurant,Restaurant,Mirpur 1,https://www.google.com/maps/place/Grand+Prince+Thai+%26+Chinese+Restaurant/data=!4m7!3m6!1s0x3755c0e7d333a697:0xb451cffcd06e32f0!8m2!3d23.7985239!4d90.3534955!16s%2Fg%2F11f014mxgk!19sChIJl6Yz0-fAVTcR8DJu0PzPUbQ?authuser=0&hl=en&g_ep=EgoyMDI2MDkwMi4wIJJjKgBIAVAD&rclk=1,3.8,1.6K,"Mirpur 1, Dhaka",23.7985239,90.3534955
Purnima Restaurant - Gulshan - 1,Restaurant,Gulshan 1,https://www.google.com/maps/place/Purnima+Restaurant+-+Gulshan+-+1/data=!4m7!3m6!1s0x3755c79ea9778ca1:0x49834515d5315e9a!8m2!3d23.7808142!4d90.4168854!16s%2Fg%2F11_dt1dzd!19sChIJoYx3qZ7HVTcRml4x1RVFg0k?authuser=0&hl=en&g_ep=EgoyMDI2MDkwMi4wIJJjKgBIAVAD&rclk=1,3.8,1.6K,"50, Habib Market, Gulshan Avenue, Opposite Navana Tower, Gulshan 1, Dhaka",23.7808142,90.4168854
Beyond Buffet Mirpur,Restaurant,Mirpur 1,https://www.google.com/maps/place/Beyond+Buffet+Mirpur/data=!4m7!3m6!1s0x3755c100001a2d5b:0xb31f6d1500aa9e4f!8m2!3d23.800099!4d90.3546421!16s%2Fg%2F11y35hf6v9!19sChIJWy0aAADBVTcRT56qABVtH7M?authuser=0&hl=en&g_ep=EgoyMDI2MDkwMi4wIJJjKgBIAVAD&rclk=1,3.8,1.2K,"Mirpur 1, Dhaka",23.800099,90.3546421
Bay Leaf Restaurant,Restaurant,Mirpur 1,https://www.google.com/maps/place/Bay+Leaf+Restaurant/data=!4m7!3m6!1s0x3755c0d7d26a3f39:0x9756d6d9706af896!8m2!3d23.8098891!4d90.3675571!16s%2Fg%2F1vl5f41f!19sChIJOT9q0tfAVTcRlvhqcNnWVpc?authuser=0&hl=en&g_ep=EgoyMDI2MDkwMi4wIJJjKgBIAVAD&rclk=1,3.8,1.1K,"House 2 Rd No 5, Mirpur 1, Dhaka",23.8098891,90.3675571
Tasty Treat- Bashundhara 1,Cafe,Bashundhara R/A,https://www.google.com/maps/place/Tasty+Treat-+Bashundhara+1/data=!4m7!3m6!1s0x3755c75422a224ff:0x3949e10ebf1ebdbc!8m2!3d23.8126378!4d90.4282137!16s%2Fg%2F11fl90mkn7!19sChIJ_ySiIlTHVTcRvL0evw7hSTk?authuser=0&hl=en&g_ep=EgoyMDI2MDkwOS4wIJJjKgBIAVAD&rclk=1,3.8,939,"12/D/E, Main Avenue , Bashundhara R/A, Dhaka",23.812638,90.428214
La Bamba,Restaurant,Uttara,https://www.google.com/maps/place/La+Bamba/data=!4m7!3m6!1s0x3755c43b8ad674db:0x6606f6026866c490!8m2!3d23.8742958!4d90.3985253!16s%2Fg%2F11b70t2rv8!19sChIJ23TWijvEVTcRkMRmaAL2BmY?authuser=0&hl=en&g_ep=EgoyMDI2MDkwOS4wIJJjKgBIAVAD&rclk=1,3.8,936,"Hous-09, Shonargaon Janapath (Near to House Building), Sector-07, Uttara , Uttara, Dhaka",23.874296,90.398525
Midnight Sun-3,Restaurant,Shantinagar,https://www.google.com/maps/place/Midnight+Sun-3/data=!4m7!3m6!1s0x3755b8f563bf35df:0x176b4b3bb425967b!8m2!3d23.7369696!4d90.4123102!16s%2Fg%2F1hcbjt5hf!19sChIJ3zW_Y_W4VTcRe5YltDtLaxc?authuser=0&hl=en&g_ep=EgoyMDI2MDkwMi4wIJJjKgBIAVAD&rclk=1,3.8,813,"56 VIP Rd, Shantinagar, Dhaka",23.7369696,90.4123102
Uttara Restaurant,Restaurant,Uttara,https://www.google.com/maps/place/Uttara+Restaurant/data=!4m7!3m6!1s0x3755c596f8d27445:0x6f1ce9d1146779d7!8m2!3d23.8758146!4d90.3794502!16s%2Fg%2F11j1cjpwnq!19sChIJRXTS-JbFVTcR13lnFNHpHG8?authuser=0&hl=en&g_ep=EgoyMDI2MDkwOS4wIJJjKgBIAVAD&rclk=1,3.8,755,"Uttara, Dhaka",23.875815,90.37945
Uttara Vooter Adda Restaurant and Party Centre,Restaurant,Uttara,https://www.google.com/maps/place/Uttara+Vooter+Adda+Restaurant+and+Party+Centre/data=!4m7!3m6!1s0x3755c5f8179064bd:0x223c04191dafa5b!8m2!3d23.8646232!4d90.3995858!16s%2Fg%2F11g0ll534t!19sChIJvWSQF_jFVTcRW_rakUHAIwI?authuser=0&hl=en&g_ep=EgoyMDI2MDkwOS4wIJJjKgBIAVAD&rclk=1,3.8,739,"Latif Emporium, Plot # 27 Road 7 , Uttara, Dhaka",23.864623,90.399586
Kacchi Wala Uttara,Restaurant,Uttara,https://www.google.com/maps/place/Kacchi+Wala+Uttara/data=!4m7!3m6!1s0x3755c5c4a1bc3f57:0xeef2f06716dfa31b!8m2!3d23.8657653!4d90.3990388!16s%2Fg%2F11hyd79928!19sChIJVz-8ocTFVTcRG6PfFmfw8u4?authuser=0&hl=en&g_ep=EgoyMDI2MDkwOS4wIJJjKgBIAVAD&rclk=1,3.8,721,"House: 1/E, Road: 02, Sector: 03, Uttara, Dhaka: 1230. (beside Oven Fresh) , Uttara, Dhaka",23.865765,90.399039
Shawarma House,Restaurant,Bashundhara R/A,https://www.google.com/maps/place/Shawarma+House/data=!4m7!3m6!1s0x3755c64d6ac2218d:0x8e4cb85f56860a2e!8m2!3d23.8119041!4d90.4230849!16s%2Fg%2F119wwckrj!19sChIJjSHCak3GVTcRLgqGVl-4TI4?authuser=0&hl=en&g_ep=EgoyMDI2MDkwOS4wIJJjKgBIAVAD&rclk=1,3.8,581,"Bashundhara Rd , Bashundhara R/A, Dhaka",23.811904,90.423085
Bangaliana Bhoj Bashundhara,Restaurant,Bashundhara R/A,https://www.google.com/maps/place/Bangaliana+Bhoj+Bashundhara/data=!4m7!3m6!1s0x3755c7c69bf2cd6d:0x770634bd04d8d2b1!8m2!3d23.812155!4d90.4226987!16s%2Fg%2F11h8h3ywcm!19sChIJbc3ym8bHVTcRsdLYBL00Bnc?authuser=0&hl=en&g_ep=EgoyMDI2MDkwOS4wIJJjKgBIAVAD&rclk=1,3.8,570,"2nd Floor, Ka-9/a, Abdul Latif Mansion (above Burger King Jagannathpur, Main Gate , Bashundhara R/A, Dhaka",23.812155,90.422699
Baily Pitha Ghar,Cafe,Bashundhara R/A,https://www.google.com/maps/place/Baily+Pitha+Ghar/data=!4m7!3m6!1s0x3755c64d1c3af365:0x11ddaec4ccd43319!8m2!3d23.8122582!4d90.4244201!16s%2Fg%2F11c2lr0dyt!19sChIJZfM6HE3GVTcRGTPUzMSu3RE?authuser=0&hl=en&g_ep=EgoyMDI2MDkwOS4wIJJjKgBIAVAD&rclk=1,3.8,427,"Ka-54/3, Bashundhara Road, Baridhara , Bashundhara R/A, Dhaka",23.812258,90.42442
Satiate,Restaurant,Shantinagar,https://www.google.com/maps/place/Satiate/data=!4m7!3m6!1s0x3755b971ed65f883:0x6c0f5b61143137da!8m2!3d23.741916!4d90.4107052!16s%2Fg%2F11svfc68zl!19sChIJg_hl7XG5VTcR2jcxFGFbD2w?authuser=0&hl=en&g_ep=EgoyMDI2MDkwMi4wIJJjKgBIAVAD&rclk=1,3.8,419,"1 Bailey Rd, Shantinagar, Dhaka",23.741916,90.4107052
Salt & Butter,Restaurant,Bashundhara R/A,https://www.google.com/maps/place/Salt+%26+Butter/data=!4m7!3m6!1s0x3755c7225aafcb1b:0xb2ab6572833df2d1!8m2!3d23.8119069!4d90.4233649!16s%2Fg%2F11h0b6lbd8!19sChIJG8uvWiLHVTcR0fI9g3Jlq7I?authuser=0&hl=en&g_ep=EgoyMDI2MDkwOS4wIJJjKgBIAVAD&rclk=1,3.8,401,"RC6F+Q7G, Khana's - Bashundhara R/A, Hazi Abdul Latif Mansion, 9/KA, Manson, R/A, Ka-9 Bashundhara Rd , Bashundhara R/A, Dhaka",23.811907,90.423365
Piyang King Thai and Chinese Restaurant - Mirpur-10,Restaurant,Mirpur 10,https://www.google.com/maps/place/Piyang+King+Thai+and+Chinese+Restaurant+-+Mirpur-10/data=!4m7!3m6!1s0x3755c0d448acaaa5:0xefbc24561336a288!8m2!3d23.8065146!4d90.3720975!16s%2Fg%2F1pycdrxlg!19sChIJpaqsSNTAVTcRiKI2E1YkvO8?authuser=0&hl=en&g_ep=EgoyMDI2MDkwMi4wIJJjKgBIAVAD&rclk=1,3.8,400,"Plot 19 , Main Road, 1 Roundabout, Mirpur 10, Dhaka",23.8065146,90.3720975
D SMAAK Cafe,Cafe,Dhanmondi,https://www.google.com/maps/place/D+SMAAK+Cafe/data=!4m7!3m6!1s0x3755bf4b868e9b1d:0xa59f0742c8c1efe3!8m2!3d23.7446619!4d90.3720769!16s%2Fg%2F11bw8jvy50!19sChIJHZuOhku_VTcR4-_ByEIHn6U?authuser=0&hl=en&g_ep=EgoyMDI2MDkwMi4wIJJjKgBIAVAD&rclk=1,3.8,376,"10th Floor, Rangs KB Square, 49/A, (736, Satmasjid Road, Dhanmondi, Dhaka",23.7446619,90.3720769
Vorta Bari Restaurant,Restaurant,Bashundhara R/A,https://www.google.com/maps/place/Vorta+Bari+Restaurant/data=!4m7!3m6!1s0x3755c64d3dfee757:0x59ec9e968f937d1b!8m2!3d23.8115541!4d90.4232268!16s%2Fg%2F11gbx92nr2!19sChIJV-f-PU3GVTcRG32Tj5ae7Fk?authuser=0&hl=en&g_ep=EgoyMDI2MDkwOS4wIJJjKgBIAVAD&rclk=1,3.8,352,"Ka-54, RC6F+J79, 3 Bashundhara Rd , Bashundhara R/A, Dhaka",23.811554,90.423227
Khazana Restaurant & Kabab Ghar,Restaurant,Uttara,https://www.google.com/maps/place/Khazana+Restaurant+%26+Kabab+Ghar/data=!4m7!3m6!1s0x3755c560b7fe9aeb:0x369f0e31a0c786ee!8m2!3d23.8623455!4d90.3995873!16s%2Fg%2F11rcqjvpcd!19sChIJ65r-t2DFVTcR7obHoDEOnzY?authuser=0&hl=en&g_ep=EgoyMDI2MDkwOS4wIJJjKgBIAVAD&rclk=1,3.8,310,"House: 13, Road:02 , Uttara, Dhaka",23.862345,90.399587
Kolapata Restaurant,Restaurant,Bashundhara R/A,https://www.google.com/maps/place/Kolapata+Restaurant/data=!4m7!3m6!1s0x3755c74a74e7817b:0xad8129fcb7cc40cf!8m2!3d23.8161367!4d90.4246728!16s%2Fg%2F11n33qt6s2!19sChIJe4HndErHVTcRz0DMt_wpga0?authuser=0&hl=en&g_ep=EgoyMDI2MDkwOS4wIJJjKgBIAVAD&rclk=1,3.8,296,"11 Rd No 11 , Bashundhara R/A, Dhaka",23.816137,90.424673
Cafe Gossip,Cafe,Mirpur 1,https://www.google.com/maps/place/Cafe+Gossip/data=!4m7!3m6!1s0x3755c0e90b8cc35d:0xad92e04977396d92!8m2!3d23.7942834!4d90.3532838!16s%2Fg%2F11c1c0xb7r!19sChIJXcOMC-nAVTcRkm05d0ngkq0?authuser=0&hl=en&g_ep=EgoyMDI2MDkwMi4wIJJjKgBIAVAD&rclk=1,3.8,277,"Q9V3+P87, Principal Abul Kashem Rd, Mirpur 1, Dhaka",23.7942834,90.3532838
Nanna Biryani,Restaurant,Uttara,https://www.google.com/maps/place/Nanna+Biryani/data=!4m7!3m6!1s0x3755c41a2ef888a1:0x7b68af338091701b!8m2!3d23.8674332!4d90.3885114!16s%2Fg%2F11d_8cs2hr!19sChIJoYj4LhrEVTcRG3CRgDOvaHs?authuser=0&hl=en&g_ep=EgoyMDI2MDkwOS4wIJJjKgBIAVAD&rclk=1,3.8,235,"House-37, Road-16, Sector-14, Adjacent Juhura Market, South Side of Sector No-14, Uttara , Uttara, Dhaka",23.867433,90.388511
Cielo Rooftop Khilgaon,Restaurant,Khilgaon,https://www.google.com/maps/place/Cielo+Rooftop+Khilgaon/data=!4m7!3m6!1s0x3755b9003a4cb82f:0x30b487f0365dce0c!8m2!3d23.7518785!4d90.4172501!16s%2Fg%2F11lcvkgkfw!19sChIJL7hMOgC5VTcRDM5dNvCHtDA?authuser=0&hl=en&g_ep=EgoyMDI2MDkwMi4wIJJjKgBIAVAD&rclk=1,3.8,216,"589/C Shahid Baki Rd, Khilgaon, Dhaka",23.7518785,90.4172501
Yaki,Restaurant,Bashundhara R/A,https://www.google.com/maps/place/Yaki/data=!4m7!3m6!1s0x3755c787b9712401:0x57cada7c1f4eee36!8m2!3d23.8123576!4d90.4228914!16s%2Fg%2F11z3wnlvrh!19sChIJASRxuYfHVTcRNu5OH3zaylc?authuser=0&hl=en&g_ep=EgoyMDI2MDkwOS4wIJJjKgBIAVAD&rclk=1,3.8,166,"Bashundhara R/A, Dhaka",23.812358,90.422891
Sky Moon Lounge & Rooftop,Restaurant,Mirpur 11,https://www.google.com/maps/place/Sky+Moon+Lounge+%26+Rooftop/data=!4m7!3m6!1s0x3755c51cb1cdd0f3:0x536b10329f7c528d!8m2!3d23.8182664!4d90.3658619!16s%2Fg%2F11m5zjt383!19sChIJ89DNsRzFVTcRjVJ8nzIQa1M?authuser=0&hl=en&g_ep=EgoyMDI2MDkwMi4wIJJjKgBIAVAD&rclk=1,3.8,147,"Mirpur 11, Dhaka",23.8182664,90.3658619
Uttara Biriyani House,Restaurant,Uttara,https://www.google.com/maps/place/Uttara+Biriyani+House/data=!4m7!3m6!1s0x3755c42726b18ab9:0x2056ebe2d3edd70f!8m2!3d23.8594122!4d90.4046329!16s%2Fg%2F11c7058fhv!19sChIJuYqxJifEVTcRD9ft0-LrViA?authuser=0&hl=en&g_ep=EgoyMDI2MDkwOS4wIJJjKgBIAVAD&rclk=1,3.8,119,"Sector # 01, House-02 Road-03 , Uttara, Dhaka",23.859412,90.404633
TukTuk Express - Gulshan 1,Restaurant,Gulshan 1,https://www.google.com/maps/place/TukTuk+Express+-+Gulshan+1/data=!4m7!3m6!1s0x3755c7670d2141bb:0x9800286778c84710!8m2!3d23.7835172!4d90.4162695!16s%2Fg%2F11nbh38400!19sChIJu0EhDWfHVTcREEfIeGcoAJg?authuser=0&hl=en&g_ep=EgoyMDI2MDkwMi4wIJJjKgBIAVAD&rclk=1,3.8,116,"House-2, 2nd floor, Rd 24, Gulshan 1, Dhaka",23.7835172,90.4162695
Time 4 Shine,Restaurant,Uttara,https://www.google.com/maps/place/Time+4+Shine/data=!4m7!3m6!1s0x3755c5ad20b09f6d:0x8ce58dc3c4ce5e2c!8m2!3d23.874225!4d90.3958868!16s%2Fg%2F11tsyvk_bn!19sChIJbZ-wIK3FVTcRLF7OxMON5Yw?authuser=0&hl=en&g_ep=EgoyMDI2MDkwOS4wIJJjKgBIAVAD&rclk=1,3.8,112,"House: 41 Sonargaon Janapath Rd , Uttara, Dhaka",23.874225,90.395887
Goonjon Bangla Cafe,Cafe,Mirpur 12,https://www.google.com/maps/place/Goonjon+Bangla+Cafe/data=!4m7!3m6!1s0x3755c1256471e6e3:0x2a7005c0d628e191!8m2!3d23.8205135!4d90.3654914!16s%2Fg%2F11_1qqxz4!19sChIJ4-ZxZCXBVTcRkeEo1sAFcCo?authuser=0&hl=en&g_ep=EgoyMDI2MDkwMi4wIJJjKgBIAVAD&rclk=1,3.8,111,"75, 12 Kalshi Rd, Mirpur 12, Dhaka",23.8205135,90.3654914
Dhaka Biriyani House & Restaurant,Restaurant,Shantinagar,https://www.google.com/maps/place/Dhaka+Biriyani+House+%26+Restaurant/data=!4m7!3m6!1s0x3755b88a8f9619cf:0xd11cfec558410aec!8m2!3d23.7412579!4d90.4118708!16s%2Fg%2F11gfhwsygb!19sChIJzxmWj4q4VTcR7ApBWMX-HNE?authuser=0&hl=en&g_ep=EgoyMDI2MDkwMi4wIJJjKgBIAVAD&rclk=1,3.8,58,"Shantinagar, Dhaka",23.7412579,90.4118708
Costa Beans,Cafe,Bashundhara R/A,https://www.google.com/maps/place/Costa+Beans/data=!4m7!3m6!1s0x3755c70024c23c4d:0x2fe172664d146506!8m2!3d23.8143425!4d90.4385439!16s%2Fg%2F11ybw51nsh!19sChIJTTzCJADHVTcRBmUUTWZy4S8?authuser=0&hl=en&g_ep=EgoyMDI2MDkwOS4wIJJjKgBIAVAD&rclk=1,3.8,56,"shop no-13, Level -2, JCX Business Tower, 1136/A Japan Street , Bashundhara R/A, Dhaka",23.814342,90.438544
Tasty Treat Cafe,Cafe,Mirpur 12,https://www.google.com/maps/place/Tasty+Treat+Cafe/data=!4m7!3m6!1s0x3755c10019d081b9:0xa3868aac1f5f2d84!8m2!3d23.8268412!4d90.3640037!16s%2Fg%2F11xtnq48k5!19sChIJuYHQGQDBVTcRhC1fH6yKhqM?authuser=0&hl=en&g_ep=EgoyMDI2MDkwMi4wIJJjKgBIAVAD&rclk=1,3.8,51,"13 Rd No 1, Mirpur 12, Dhaka",23.8268412,90.3640037
"Café Metro, Mirpur",Cafe,Mirpur 10,"https://www.google.com/maps/place/Caf%C3%A9+Metro,+Mirpur/data=!4m7!3m6!1s0x3755c1ef0b4760ed:0x930057de9d1ffc4a!8m2!3d23.8089166!4d90.3683012!16s%2Fg%2F11pzjtf2l4!19sChIJ7WBHC-_BVTcRSvwfnd5XAJM?authuser=0&hl=en&g_ep=EgoyMDI2MDkwMi4wIJJjKgBIAVAD&rclk=1",3.8,32,"House-2 Ln. No. 2, Mirpur 10, Dhaka",23.8089166,90.3683012
The Munch Station - Uttara,Restaurant,Uttara,https://www.google.com/maps/place/The+Munch+Station+-+Uttara/data=!4m7!3m6!1s0x3755c5d2829a6da5:0xe220d0ae633cd233!8m2!3d23.8707986!4d90.3907047!16s%2Fg%2F11njqdwshv!19sChIJpW2agtLFVTcRM9I8Y67QIOI?authuser=0&hl=en&g_ep=EgoyMDI2MDkwOS4wIJJjKgBIAVAD&rclk=1,3.8,30,"1st Floor, Plot-15 Garib-E-Newaz Ave , Uttara, Dhaka",23.870799,90.390705
Burger Xpress - Uttara,Restaurant,Uttara,https://www.google.com/maps/place/Burger+Xpress+-+Uttara/data=!4m7!3m6!1s0x3755c50062a577c5:0xe92ed5fe8bdf458b!8m2!3d23.8788191!4d90.3909135!16s%2Fg%2F11mt1h1c_j!19sChIJxXelYgDFVTcRi0Xfi_7VLuk?authuser=0&hl=en&g_ep=EgoyMDI2MDkwOS4wIJJjKgBIAVAD&rclk=1,3.8,20,"Uttara, Dhaka",23.878819,90.390913
Excellent Sweets,Cafe,Bashundhara R/A,https://www.google.com/maps/place/Excellent+Sweets/data=!4m7!3m6!1s0x3755c6529efee297:0xac258c14da626b26!8m2!3d23.8120139!4d90.4217862!16s%2Fg%2F11gjv78zlt!19sChIJl-L-nlLGVTcRJmti2hSMJaw?authuser=0&hl=en&g_ep=EgoyMDI2MDkwOS4wIJJjKgBIAVAD&rclk=1,3.8,12,"RC6C+RP3, Main Road , Bashundhara R/A, Dhaka",23.812014,90.421786
Kacchi Darbar - Bashundhara,Restaurant,Bashundhara R/A,https://www.google.com/maps/place/Kacchi+Darbar+-+Bashundhara/data=!4m7!3m6!1s0x3755c70006977a99:0xc1a5190fdffb7f4f!8m2!3d23.8114029!4d90.4329754!16s%2Fg%2F11z36d9_5z!19sChIJmXqXBgDHVTcRT3_73w8ZpcE?authuser=0&hl=en&g_ep=EgoyMDI2MDkwOS4wIJJjKgBIAVAD&rclk=1,3.8,12,"Ka- 218, Tenement 5, Bashundhara Rd , Bashundhara R/A, Dhaka",23.811403,90.432975
Meena Sweets-Bashundhara,Cafe,Bashundhara R/A,https://www.google.com/maps/place/Meena+Sweets-Bashundhara/data=!4m7!3m6!1s0x3755c70009d483f9:0x404480029136ca53!8m2!3d23.814626!4d90.4384002!16s%2Fg%2F11whdjbtdw!19sChIJ-YPUCQDHVTcRU8o2kQKAREA?authuser=0&hl=en&g_ep=EgoyMDI2MDkwOS4wIJJjKgBIAVAD&rclk=1,3.8,8,"Bashundhara R/A, Dhaka",23.814626,90.4384
Old 90’s,Restaurant,Bashundhara R/A,https://www.google.com/maps/place/Old+90%E2%80%99s/data=!4m7!3m6!1s0x3755c7b5f75391a1:0x21ed173b0c245a3f!8m2!3d23.8121861!4d90.4229939!16s%2Fg%2F11qnh1ckj_!19sChIJoZFT97XHVTcRP1okDDsX7SE?authuser=0&hl=en&g_ep=EgoyMDI2MDkwOS4wIJJjKgBIAVAD&rclk=1,3.8,5,"1229, Hazi Abdul Latif Mansion 9/KA, Manson, R/A, Ka-9 Bashundhara Rd , Bashundhara R/A, Dhaka",23.812186,90.422994
CP-Five Star Bashundhara R/A,Restaurant,Bashundhara R/A,https://www.google.com/maps/place/CP-Five+Star+Bashundhara+R%2FA/data=!4m7!3m6!1s0x3755c70007470ad9:0x21b14ec1d9d7052b!8m2!3d23.8143144!4d90.4385752!16s%2Fg%2F11z0_66y3f!19sChIJ2QpHBwDHVTcRKwXX2cFOsSE?authuser=0&hl=en&g_ep=EgoyMDI2MDkwOS4wIJJjKgBIAVAD&rclk=1,3.8,4,"Plot- 1136/A, JCX Business Tower, Food Hut, 2nd Floor, Japan Street , Bashundhara R/A, Dhaka",23.814314,90.438575
The Buffet Stories - Mirpur,Restaurant,Mirpur 11,https://www.google.com/maps/place/The+Buffet+Stories+-+Mirpur/data=!4m7!3m6!1s0x3755c1e816065549:0x20269b79d8d48786!8m2!3d23.81807!4d90.3652585!16s%2Fg%2F11j1msh7gs!19sChIJSVUGFujBVTcRhofU2HmbJiA?authuser=0&hl=en&g_ep=EgoyMDI2MDkwMi4wIJJjKgBIAVAD&rclk=1,3.7,2.8K,"House 16/17, RM Centre, 7th Floor, Mirpur 11, Dhaka",23.81807,90.3652585
The Premium Lounge,Restaurant,Mirpur 1,https://www.google.com/maps/place/The+Premium+Lounge/data=!4m7!3m6!1s0x3755c1398a7a5bd7:0x91c7fc3e9c2b8c4f!8m2!3d23.8180991!4d90.365232!16s%2Fg%2F11gmckccwn!19sChIJ11t6ijnBVTcRT4wrnD78x5E?authuser=0&hl=en&g_ep=EgoyMDI2MDkwMi4wIJJjKgBIAVAD&rclk=1,3.7,2.7K,"Mirpur 1, Dhaka",23.8180991,90.365232
The Cafe Rio Ltd. (Mirpur Branch),Cafe,Mirpur 12,https://www.google.com/maps/place/The+Cafe+Rio+Ltd.+%28Mirpur+Branch%29/data=!4m7!3m6!1s0x3755c1c4d7c5d2b7:0x4c1877f269ec7712!8m2!3d23.8284563!4d90.3637199!16s%2Fg%2F11sy1nnsjk!19sChIJt9LF18TBVTcREnfsafJ3GEw?authuser=0&hl=en&g_ep=EgoyMDI2MDkwMi4wIJJjKgBIAVAD&rclk=1,3.7,2.1K,"Prince Bazar Building, Sultan Mansion, (7th Floor) Holding. 3, Begum Rokeya Avenue, Pallabi Bus Stand (Metro Rail 170 No. Pillar, Mirpur 12, Dhaka",23.8284563,90.3637199
Buffet Lounge Mirpur 12,Restaurant,Mirpur 12,https://www.google.com/maps/place/Buffet+Lounge+Mirpur+12/data=!4m7!3m6!1s0x3755c17ff7d9275b:0x23e7ee929f2bb58d!8m2!3d23.8289134!4d90.3637156!16s%2Fg%2F11vcn8wn1w!19sChIJWyfZ93_BVTcRjbUrn5Lu5yM?authuser=0&hl=en&g_ep=EgoyMDI2MDkwMi4wIJJjKgBIAVAD&rclk=1,3.7,1.5K,"Safura Tower City, 1, Sujat Nagar, 142 Sena Nibas Road, Mirpur 12, Dhaka",23.8289134,90.3637156
New Cafe Dhanshiri ~ Mirpur-1,Cafe,Mirpur 1,https://www.google.com/maps/place/New+Cafe+Dhanshiri+~+Mirpur-1/data=!4m7!3m6!1s0x3755c0e7d458d443:0xbbc4ca5a386eb3f7!8m2!3d23.79878!4d90.3540593!16s%2Fg%2F12hs52wdr!19sChIJQ9RY1OfAVTcR97NuOFrKxLs?authuser=0&hl=en&g_ep=EgoyMDI2MDkwMi4wIJJjKgBIAVAD&rclk=1,3.7,1.5K,"8, Block B Main Road, Mirpur 1, Dhaka",23.79878,90.3540593
Roadside Kitchen - Mirpur 1,Restaurant,Mirpur 1,https://www.google.com/maps/place/Roadside+Kitchen+-+Mirpur+1/data=!4m7!3m6!1s0x3755c13941db9ab1:0xbd332a9eff4a2fb!8m2!3d23.8025351!4d90.3532788!16s%2Fg%2F11h_hw8zfw!19sChIJsZrbQTnBVTcR-6L076ky0ws?authuser=0&hl=en&g_ep=EgoyMDI2MDkwMi4wIJJjKgBIAVAD&rclk=1,3.7,1.2K,"Zoo Road, Mirpur 1, Dhaka",23.8025351,90.3532788
Kathbadam Restaurant,Restaurant,Mirpur 10,https://www.google.com/maps/place/Kathbadam+Restaurant/data=!4m7!3m6!1s0x3755c0d9e8a311c1:0xca85a18f2d79707e!8m2!3d23.8059159!4d90.3652276!16s%2Fg%2F1q6jgr_mc!19sChIJwRGj6NnAVTcRfnB5LY-hhco?authuser=0&hl=en&g_ep=EgoyMDI2MDkwMi4wIJJjKgBIAVAD&rclk=1,3.7,1.1K,"Dasura Tower (2nd Floor), Mirpur Road, Mirpur 10, Dhaka",23.8059159,90.3652276
Mint Leaf Restaurant,Restaurant,Bashundhara R/A,https://www.google.com/maps/place/Mint+Leaf+Restaurant/data=!4m7!3m6!1s0x3755c7b54272c9d3:0x1648071c1292e4cd!8m2!3d23.8088054!4d90.4305309!16s%2Fg%2F1hc55rw3l!19sChIJ08lyQrXHVTcRzeSSEhwHSBY?authuser=0&hl=en&g_ep=EgoyMDI2MDkwOS4wIJJjKgBIAVAD&rclk=1,3.7,880,"House-4305, Opposite Apollo Hospital, Kuwaiti Mosque Rd , Bashundhara R/A, Dhaka",23.808805,90.430531
Crush Station Uttara,Restaurant,Uttara,https://www.google.com/maps/place/Crush+Station+Uttara/data=!4m7!3m6!1s0x3755c58f13573fad:0xcd8ef7ec93a86f73!8m2!3d23.8707501!4d90.3841101!16s%2Fg%2F11k8h64ndl!19sChIJrT9XE4_FVTcRc2-ok-z3js0?authuser=0&hl=en&g_ep=EgoyMDI2MDkwOS4wIJJjKgBIAVAD&rclk=1,3.7,757,"House 16, 13 Shah Makhdum Ave , Uttara, Dhaka",23.87075,90.38411
Dhaka Foods,Restaurant,Bashundhara R/A,https://www.google.com/maps/place/Dhaka+Foods/data=!4m7!3m6!1s0x3755c64d6c815555:0x266e32ff369e205f!8m2!3d23.8122317!4d90.4229114!16s%2Fg%2F11gddzqcpc!19sChIJVVWBbE3GVTcRXyCeNv8ybiY?authuser=0&hl=en&g_ep=EgoyMDI2MDkwOS4wIJJjKgBIAVAD&rclk=1,3.7,504,"Ka 9/A, Bashundhara Rd , Bashundhara R/A, Dhaka",23.812232,90.422911
Burger King Jamuna Future Park,Restaurant,Bashundhara R/A,https://www.google.com/maps/place/Burger+King+Jamuna+Future+Park/data=!4m7!3m6!1s0x3755c72286a218fd:0x527b79a2cecda01e!8m2!3d23.8133884!4d90.424253!16s%2Fg%2F11fks656yp!19sChIJ_RiihiLHVTcRHqDNzqJ5e1I?authuser=0&hl=en&g_ep=EgoyMDI2MDkwOS4wIJJjKgBIAVAD&rclk=1,3.7,314,"Jamuna Future Park, Level- 5 Ka-244 Pragati Avenue Unit 5B Shop no: 007-9 , Bashundhara R/A, Dhaka",23.813388,90.424253
KOYO Restaurant,Restaurant,Shantinagar,https://www.google.com/maps/place/KOYO+Restaurant/data=!4m7!3m6!1s0x3755b9002c97c849:0xc0b8b543bfcf10d4!8m2!3d23.7392546!4d90.4158842!16s%2Fg%2F11xdztpvc1!19sChIJSciXLAC5VTcR1BDPv0O1uMA?authuser=0&hl=en&g_ep=EgoyMDI2MDkwMi4wIJJjKgBIAVAD&rclk=1,3.7,155,"158 Rd, Shantinagar, Dhaka",23.7392546,90.4158842
Chaat Cafe Express,Cafe,Bashundhara R/A,https://www.google.com/maps/place/Chaat+Cafe+Express/data=!4m7!3m6!1s0x3755c64d17580ad3:0x4a373735d255efc2!8m2!3d23.8121041!4d90.4237357!16s%2Fg%2F11g6qdh47v!19sChIJ0wpYF03GVTcRwu9V0jU3N0o?authuser=0&hl=en&g_ep=EgoyMDI2MDkwOS4wIJJjKgBIAVAD&rclk=1,3.7,139,"Ka-5/B, Bashundhara Road, Jagannatpur, Khilkhet , Bashundhara R/A, Dhaka",23.812104,90.423736
Kacchi Dine - Uttara রাজলক্ষ্মী,Restaurant,Uttara,https://www.google.com/maps/place/Kacchi+Dine+-+Uttara+%E0%A6%B0%E0%A6%BE%E0%A6%9C%E0%A6%B2%E0%A6%95%E0%A7%8D%E0%A6%B7%E0%A7%8D%E0%A6%AE%E0%A7%80/data=!4m7!3m6!1s0x3755c50072aeaf9d:0x974e2d3fba5e93af!8m2!3d23.8643662!4d90.3988346!16s%2Fg%2F11x7g9xxdt!19sChIJna-ucgDFVTcRr5Neuj8tTpc?authuser=0&hl=en&g_ep=EgoyMDI2MDkwOS4wIJJjKgBIAVAD&rclk=1,3.7,124,"Uttara, Dhaka",23.864366,90.398835
Cafè Amazon,Cafe,Bashundhara R/A,https://www.google.com/maps/place/Caf%C3%A8+Amazon/data=!4m7!3m6!1s0x3755c700542ea547:0xd97c2f1b75a4ad41!8m2!3d23.8122521!4d90.430298!16s%2Fg%2F11zcs_tvtk!19sChIJR6UuVADHVTcRQa2kdRsvfNk?authuser=0&hl=en&g_ep=EgoyMDI2MDkwOS4wIJJjKgBIAVAD&rclk=1,3.7,112,"Plot 75-76 Road No 1 , Bashundhara R/A, Dhaka",23.812252,90.430298
SEASHORE Buffet & Dine,Restaurant,Uttara,https://www.google.com/maps/place/SEASHORE+Buffet+%26+Dine/data=!4m7!3m6!1s0x3755c50050cb674b:0x65641155e54a8530!8m2!3d23.8619405!4d90.3995399!16s%2Fg%2F11ykpt2398!19sChIJS2fLUADFVTcRMIVK5VURZGU?authuser=0&hl=en&g_ep=EgoyMDI2MDkwOS4wIJJjKgBIAVAD&rclk=1,3.7,88,"Paradise Tower, 8th Floor, House # 11, Road # 2, Jashimuddin Ave, Uttara, Dhaka",23.86194,90.39954
Tehari Ghar +,Restaurant,Uttara,https://www.google.com/maps/place/Tehari+Ghar+%2B/data=!4m7!3m6!1s0x3755c5605c1d6217:0xeeead8fcbba2e05a!8m2!3d23.8745135!4d90.3914235!16s%2Fg%2F11s9y9vbbj!19sChIJF2IdXGDFVTcRWuCiu_zY6u4?authuser=0&hl=en&g_ep=EgoyMDI2MDkwOS4wIJJjKgBIAVAD&rclk=1,3.7,88,"Uttara, Dhaka",23.874513,90.391424
FINO,Restaurant,Uttara,https://www.google.com/maps/place/FINO/data=!4m7!3m6!1s0x3755c5a8875ce579:0x9f311cb118bccc85!8m2!3d23.8788056!4d90.3905258!16s%2Fg%2F11vbrrbd10!19sChIJeeVch6jFVTcRhcy8GLEcMZ8?authuser=0&hl=en&g_ep=EgoyMDI2MDkwOS4wIJJjKgBIAVAD&rclk=1,3.7,86,"House 41, (Lift-4), Gareeb-e-nawaz, road Uttara 11 , Uttara, Dhaka",23.878806,90.390526
Sky View Lounge ~ Khilgaon,Restaurant,Khilgaon,https://www.google.com/maps/place/Sky+View+Lounge+~+Khilgaon/data=!4m7!3m6!1s0x3755b9ab7d9fff91:0xa42fe00c8e8d0bf7!8m2!3d23.7516294!4d90.4237039!16s%2Fg%2F11spg7l29s!19sChIJkf-ffau5VTcR9wuNjgzgL6Q?authuser=0&hl=en&g_ep=EgoyMDI2MDkwMi4wIJJjKgBIAVAD&rclk=1,3.7,82,"Shahid Baki Rd, Khilgaon, Dhaka",23.7516294,90.4237039
YUZU Uttara,Restaurant,Uttara,https://www.google.com/maps/place/YUZU+Uttara/data=!4m7!3m6!1s0x3755c5007d0aedeb:0x7f4f0b516f279da8!8m2!3d23.8691557!4d90.386386!16s%2Fg%2F11mywfxtgt!19sChIJ6-0KfQDFVTcRqJ0nb1ELT38?authuser=0&hl=en&g_ep=EgoyMDI2MDkwOS4wIJJjKgBIAVAD&rclk=1,3.7,47,"Plot 67, Road Gausul Azam Ave , Uttara, Dhaka",23.869156,90.386386
Tasty Treat - Uttara 10,Cafe,Uttara,https://www.google.com/maps/place/Tasty+Treat+-+Uttara+10/data=!4m7!3m6!1s0x3755c5ae6d515865:0x49e062272db294f6!8m2!3d23.8830661!4d90.3907885!16s%2Fg%2F11kb9c333x!19sChIJZVhRba7FVTcR9pSyLSdi4Ek?authuser=0&hl=en&g_ep=EgoyMDI2MDkwOS4wIJJjKgBIAVAD&rclk=1,3.7,38,"House: 33 Road: 13 , Uttara, Dhaka",23.883066,90.390788
ChaJoy Bashundhara,Cafe,Bashundhara R/A,https://www.google.com/maps/place/ChaJoy+Bashundhara/data=!4m7!3m6!1s0x3755c10054cffbe1:0x54d61c17d4172de7!8m2!3d23.8117955!4d90.4218479!16s%2Fg%2F11nqvqvtb7!19sChIJ4fvPVADBVTcR5y0X1Bcc1lQ?authuser=0&hl=en&g_ep=EgoyMDI2MDkwOS4wIJJjKgBIAVAD&rclk=1,3.7,35,"Bashundhara R/A, Dhaka",23.811795,90.421848
Lezzet Rooftop Gulshan,Restaurant,Gulshan 1,https://www.google.com/maps/place/Lezzet+Rooftop+Gulshan/data=!4m7!3m6!1s0x3755c791db6c4425:0xa723c6a78a1a3f12!8m2!3d23.7806597!4d90.4172133!16s%2Fg%2F11z2c30tkn!19sChIJJURs25HHVTcREj8aiqfGI6c?authuser=0&hl=en&g_ep=EgoyMDI2MDkwMi4wIJJjKgBIAVAD&rclk=1,3.7,27,"AWR U Tower (17th Floor), 35 South Gulshan Avenue, Circle, Gulshan 1, Dhaka",23.7806597,90.4172133
Treat ME cafe & bakeshop,Cafe,Bashundhara R/A,https://www.google.com/maps/place/Treat+ME+cafe+%26+bakeshop/data=!4m7!3m6!1s0x3755c7004ee8173b:0xf8e96dffd268b169!8m2!3d23.823942!4d90.4295363!16s%2Fg%2F11wh918pb8!19sChIJOxfoTgDHVTcRabFo0v9t6fg?authuser=0&hl=en&g_ep=EgoyMDI2MDkwOS4wIJJjKgBIAVAD&rclk=1,3.7,23,"1219 Sayem Sobhan Anvir Rd , Bashundhara R/A, Dhaka",23.823942,90.429536
Nababi Biryani House - নবাবী বিরিয়ানি হাউজ,Restaurant,Uttara,https://www.google.com/maps/place/Nababi+Biryani+House+-+%E0%A6%A8%E0%A6%AC%E0%A6%BE%E0%A6%AC%E0%A7%80+%E0%A6%AC%E0%A6%BF%E0%A6%B0%E0%A6%BF%E0%A6%AF%E0%A6%BC%E0%A6%BE%E0%A6%A8%E0%A6%BF+%E0%A6%B9%E0%A6%BE%E0%A6%89%E0%A6%9C/data=!4m7!3m6!1s0x3755c5000b8b013d:0xff0ded3352272fac!8m2!3d23.8691238!4d90.3837809!16s%2Fg%2F11vynsgvn3!19sChIJPQGLCwDFVTcRrC8nUjPtDf8?authuser=0&hl=en&g_ep=EgoyMDI2MDkwOS4wIJJjKgBIAVAD&rclk=1,3.7,22,"Halim Master Market, Plot 29 Shah Makhdum Ave , Uttara, Dhaka",23.869124,90.383781
Captain Chef,Restaurant,Bashundhara R/A,https://www.google.com/maps/place/Captain+Chef/data=!4m7!3m6!1s0x3755c7730642e19b:0xd21b6b7020f93751!8m2!3d23.812636!4d90.4228743!16s%2Fg%2F11lgk79c71!19sChIJm-FCBnPHVTcRUTf5IHBrG9I?authuser=0&hl=en&g_ep=EgoyMDI2MDkwOS4wIJJjKgBIAVAD&rclk=1,3.7,3,"URBAN VOID FOOD COURT, Bashundhara R/A Main Road, 1229 Shop 10 Dhaka.Bangladesh , Bashundhara R/A, Dhaka",23.812636,90.422874
Griddle Cafe & Lounge,Cafe,Dhanmondi,https://www.google.com/maps/place/Griddle+Cafe+%26+Lounge/data=!4m7!3m6!1s0x3755c53a943ab1a9:0x683f78ec14de7814!8m2!3d23.754477!4d90.3729748!16s%2Fg%2F11sq3ft3d7!19sChIJqbE6lDrFVTcRFHjeFOx4P2g?authuser=0&hl=en&g_ep=EgoyMDI2MDkwMi4wIJJjKgBIAVAD&rclk=1,3.6,947,"House# 19A, Road 16, Dhanmondi, Dhaka",23.754477,90.3729748
Metro Cuisine,Restaurant,Mirpur 11,https://www.google.com/maps/place/Metro+Cuisine/data=!4m7!3m6!1s0x3755c1f378a75f0d:0x33d5a12b6c41e004!8m2!3d23.8183795!4d90.3652304!16s%2Fg%2F11kbb0yydh!19sChIJDV-nePPBVTcRBOBBbCuh1TM?authuser=0&hl=en&g_ep=EgoyMDI2MDkwMi4wIJJjKgBIAVAD&rclk=1,3.6,225,"Mirpur 11, Dhaka",23.8183795,90.3652304
Dhaka Biriyani House,Restaurant,Uttara,https://www.google.com/maps/place/Dhaka+Biriyani+House/data=!4m7!3m6!1s0x3755c42a0084d533:0x43d94cdb1f92a348!8m2!3d23.8579707!4d90.4079898!16s%2Fg%2F11f1pdb2_m!19sChIJM9WEACrEVTcRSKOSH9tM2UM?authuser=0&hl=en&g_ep=EgoyMDI2MDkwOS4wIJJjKgBIAVAD&rclk=1,3.6,110,"276, Shaheed Latif Road, Koshai Bazar, Uttara , Uttara, Dhaka",23.857971,90.40799
Fry Bucket - Bashundhara,Restaurant,Bashundhara R/A,https://www.google.com/maps/place/Fry+Bucket+-+Bashundhara/data=!4m7!3m6!1s0x3755c72abc89a373:0xdc11186cc57e28f8!8m2!3d23.8122229!4d90.424868!16s%2Fg%2F11sk5ynnv8!19sChIJc6OJvCrHVTcR-Ch-xWwYEdw?authuser=0&hl=en&g_ep=EgoyMDI2MDkwOS4wIJJjKgBIAVAD&rclk=1,3.6,85,"Bashundhara R/A, Dhaka",23.812223,90.424868
Buffet Kingdom & Restaurant,Restaurant,Khilgaon,https://www.google.com/maps/place/Buffet+Kingdom+%26+Restaurant/data=!4m7!3m6!1s0x3755b902460775b3:0x4ed1de70c088a84!8m2!3d23.7522591!4d90.4181953!16s%2Fg%2F11z1kc_9dv!19sChIJs3UHRgK5VTcRhIoIDOcd7QQ?authuser=0&hl=en&g_ep=EgoyMDI2MDkwMi4wIJJjKgBIAVAD&rclk=1,3.6,59,"582/C Shahid Baki Rd, Khilgaon, Dhaka",23.7522591,90.4181953
Le Delicia - Bashundhara,Cafe,Bashundhara R/A,https://www.google.com/maps/place/Le+Delicia+-+Bashundhara/data=!4m7!3m6!1s0x3755c7d46785f3d1:0xab0a0bb797a72b4f!8m2!3d23.8121212!4d90.4224199!16s%2Fg%2F11qbsd83fv!19sChIJ0fOFZ9THVTcRTyunl7cLCqs?authuser=0&hl=en&g_ep=EgoyMDI2MDkwOS4wIJJjKgBIAVAD&rclk=1,3.6,58,"4-9 Bashundhara Rd , Bashundhara R/A, Dhaka",23.812121,90.42242
Roadhouse Cafe,Cafe,Bashundhara R/A,https://www.google.com/maps/place/Roadhouse+Cafe/data=!4m7!3m6!1s0x3755c64cefbe0333:0x85bf72db3efe5163!8m2!3d23.8122648!4d90.425003!16s%2Fg%2F11c2p1c1sx!19sChIJMwO-70zGVTcRY1H-Pttyv4U?authuser=0&hl=en&g_ep=EgoyMDI2MDkwOS4wIJJjKgBIAVAD&rclk=1,3.6,57,"Ka 3/1-C (Underground), Amir Complex, Bashundhara Rd , Bashundhara R/A, Dhaka",23.812265,90.425003
Biriyani Masala Uttara,Restaurant,Uttara,https://www.google.com/maps/place/Biriyani+Masala+Uttara/data=!4m7!3m6!1s0x3755c5001abb1575:0x53ab3eb4baf70ffc!8m2!3d23.8643163!4d90.3988185!16s%2Fg%2F11njwr8_s2!19sChIJdRW7GgDFVTcR_A_3urQ-q1M?authuser=0&hl=en&g_ep=EgoyMDI2MDkwOS4wIJJjKgBIAVAD&rclk=1,3.6,34,"House 29 Road-2, Uttara, Dhaka",23.864316,90.398819
THE PATIO,Restaurant,Bashundhara R/A,https://www.google.com/maps/place/THE+PATIO/data=!4m7!3m6!1s0x3755c700307c1601:0x7c6fdc9d5d3f7c1!8m2!3d23.8117798!4d90.4385317!16s%2Fg%2F11myjsm97x!19sChIJARZ8MADHVTcRwffT1cn9xgc?authuser=0&hl=en&g_ep=EgoyMDI2MDkwOS4wIJJjKgBIAVAD&rclk=1,3.6,20,"Bismillah Plaza, Road 30-31 , Bashundhara R/A, Dhaka",23.81178,90.438532
Nawab Biriyani,Restaurant,Uttara,https://www.google.com/maps/place/Nawab+Biriyani/data=!4m7!3m6!1s0x3755c426a4055aa7:0x5265a51dfad88b20!8m2!3d23.8634923!4d90.3992317!16s%2Fg%2F11f50w9tqb!19sChIJp1oFpCbEVTcRIIvY-h2lZVI?authuser=0&hl=en&g_ep=EgoyMDI2MDkwOS4wIJJjKgBIAVAD&rclk=1,3.6,14,"Plot 28, Road 2, Sector 3, Jashim Uddin Road , Uttara , Uttara, Dhaka",23.863492,90.399232
Uttara Kitchen,Restaurant,Uttara,https://www.google.com/maps/place/Uttara+Kitchen/data=!4m7!3m6!1s0x3755c43a4d8bec81:0x9a239cb5b8b7bd28!8m2!3d23.873607!4d90.4009445!16s%2Fg%2F11f318xnxw!19sChIJgeyLTTrEVTcRKL23uLWcI5o?authuser=0&hl=en&g_ep=EgoyMDI2MDkwOS4wIJJjKgBIAVAD&rclk=1,3.6,9,"House- 2, VCF2+C8X, Road No 12, Sector- 6, Uttara , Uttara, Dhaka",23.873607,90.400944
Bali Restaurant,Restaurant,Uttara,https://www.google.com/maps/place/Bali+Restaurant/data=!4m7!3m6!1s0x3755c14af6d67d97:0xa8a7d7e74b72e84f!8m2!3d23.8534172!4d90.3675399!16s%2Fg%2F11wp701wtp!19sChIJl33W9krBVTcRT-hyS-fXp6g?authuser=0&hl=en&g_ep=EgoyMDI2MDkwOS4wIJJjKgBIAVAD&rclk=1,3.5,456,"Sector 17, Uttara Diabari, near 6 no bridge. , Uttara, Dhaka",23.853417,90.36754
Mughal Mahal Indian Spicy,Restaurant,Bashundhara R/A,https://www.google.com/maps/place/Mughal+Mahal+Indian+Spicy/data=!4m7!3m6!1s0x3755c64d07c2cf5d:0x6e47d6e2d05024dd!8m2!3d23.8138058!4d90.4245718!16s%2Fg%2F11f4l9c8t7!19sChIJXc_CB03GVTcR3SRQ0OLWR24?authuser=0&hl=en&g_ep=EgoyMDI2MDkwOS4wIJJjKgBIAVAD&rclk=1,3.5,375,"Shop No-5B, 10, 11, 12, 13, 5th Floor, Jamuna Future Park, Kuril - NSU Rd , Bashundhara R/A, Dhaka",23.813806,90.424572
Cafe Imperial - Chinese Restaurant,Cafe,Mirpur 10,https://www.google.com/maps/place/Cafe+Imperial+-+Chinese+Restaurant/data=!4m7!3m6!1s0x3755c1fbe46ab855:0xb2fe93065f0ffba8!8m2!3d23.8079021!4d90.3724807!16s%2Fg%2F11gntv9qn7!19sChIJVbhq5PvBVTcRqPsPXwaT_rI?authuser=0&hl=en&g_ep=EgoyMDI2MDkwMi4wIJJjKgBIAVAD&rclk=1,3.5,210,"Mirpur 10, Dhaka",23.8079021,90.3724807
Boomers Cafe- Bashundhara Branch,Cafe,Bashundhara R/A,https://www.google.com/maps/place/Boomers+Cafe-+Bashundhara+Branch/data=!4m7!3m6!1s0x3755c7e5ba37a141:0xdc42e71400005987!8m2!3d23.8122793!4d90.4244798!16s%2Fg%2F11pz1fj_n0!19sChIJQaE3uuXHVTcRh1kAABTnQtw?authuser=0&hl=en&g_ep=EgoyMDI2MDkwOS4wIJJjKgBIAVAD&rclk=1,3.5,115,"4 Bashundhara Rd, Bashundhara R/A, Dhaka",23.812279,90.42448
Food 24×7 Restaurant,Restaurant,Bashundhara R/A,https://www.google.com/maps/place/Food+24%C3%977+Restaurant/data=!4m7!3m6!1s0x3755c64d04cbf8a3:0x35ddadf43f3ce0fa!8m2!3d23.8125537!4d90.4239147!16s%2Fg%2F11fdykf9pn!19sChIJo_jLBE3GVTcR-uA8P_St3TU?authuser=0&hl=en&g_ep=EgoyMDI2MDkwOS4wIJJjKgBIAVAD&rclk=1,3.5,91,"RC7F+2HF, Bashundhara Rd , Bashundhara R/A, Dhaka",23.812554,90.423915
"Long Lounge, Bashundhara",Restaurant,Bashundhara R/A,"https://www.google.com/maps/place/Long+Lounge,+Bashundhara/data=!4m7!3m6!1s0x3755c7de48457b73:0x1b6cfd1ca9947724!8m2!3d23.8138126!4d90.4373153!16s%2Fg%2F11kqw825vt!19sChIJc3tFSN7HVTcRJHeUqRz9bBs?authuser=0&hl=en&g_ep=EgoyMDI2MDkwOS4wIJJjKgBIAVAD&rclk=1",3.5,40,"Rd 17 , Bashundhara R/A, Dhaka",23.813813,90.437315
Old School Cafe,Cafe,Bashundhara R/A,https://www.google.com/maps/place/Old+School+Cafe/data=!4m7!3m6!1s0x3755c79f4ac66e83:0xe357d330fba97f74!8m2!3d23.8119152!4d90.4230286!16s%2Fg%2F11rt_w230n!19sChIJg27GSp_HVTcRdH-p-zDTV-M?authuser=0&hl=en&g_ep=EgoyMDI2MDkwOS4wIJJjKgBIAVAD&rclk=1,3.5,32,"RC6F+Q66, Bashundhara Rd, Bashundhara R/A, Dhaka",23.811915,90.423029
Ajwah Bake & Pastry,Cafe,Uttara,https://www.google.com/maps/place/Ajwah+Bake+%26+Pastry/data=!4m7!3m6!1s0x3755c7f9b242ccf5:0x52c262f7fb91a12e!8m2!3d23.8598422!4d90.4037112!16s%2Fg%2F11pyc2g86z!19sChIJ9cxCsvnHVTcRLqGR-_diwlI?authuser=0&hl=en&g_ep=EgoyMDI2MDkwOS4wIJJjKgBIAVAD&rclk=1,3.5,28,"House 20 সড়ক-৫ , Uttara, Dhaka",23.859842,90.403711
Cafe President Park,Cafe,Mirpur 11,https://www.google.com/maps/place/Cafe+President+Park/data=!4m7!3m6!1s0x3755c1000892df7b:0xbebd0a0641a52eec!8m2!3d23.818447!4d90.3668517!16s%2Fg%2F11y39c5dc2!19sChIJe9-SCADBVTcR7C6lQQYKvb4?authuser=0&hl=en&g_ep=EgoyMDI2MDkwMi4wIJJjKgBIAVAD&rclk=1,3.5,21,"Mirpur 11, Dhaka",23.818447,90.3668517
Butter & Grace Khilgaon,Restaurant,Khilgaon,https://www.google.com/maps/place/Butter+%26+Grace+Khilgaon/data=!4m7!3m6!1s0x3755b93e4d59f14f:0xf639cec498fdcb2!8m2!3d23.7516951!4d90.4237214!16s%2Fg%2F11z7pnxk5g!19sChIJT_FZTT65VTcRstyPSeycYw8?authuser=0&hl=en&g_ep=EgoyMDI2MDkwMi4wIJJjKgBIAVAD&rclk=1,3.5,18,"368/B Sky View Nazma Tower, Level-3, Taltola Road (Beside Taltola Market), Khilgaon, Dhaka",23.7516951,90.4237214
Cafe Laam,Cafe,Khilgaon,https://www.google.com/maps/place/Cafe+Laam/data=!4m7!3m6!1s0x3755b95427a1d78d:0x61726449967ae025!8m2!3d23.7522719!4d90.4183583!16s%2Fg%2F11zbd18rw_!19sChIJjdehJ1S5VTcRJeB6lklkcmE?authuser=0&hl=en&g_ep=EgoyMDI2MDkwMi4wIJJjKgBIAVAD&rclk=1,3.5,15,"Khilgaw Taltola Road, Opposite of Brack Bank, Khilgaon, Dhaka",23.7522719,90.4183583
Suzon Dhaka Briyani House,Restaurant,Uttara,https://www.google.com/maps/place/Suzon+Dhaka+Briyani+House/data=!4m7!3m6!1s0x3755c43bc1557ab7:0x767abdd859ed95ff!8m2!3d23.8747078!4d90.3998488!16s%2Fg%2F11g7nswbpg!19sChIJt3pVwTvEVTcR_5XtWdi9enY?authuser=0&hl=en&g_ep=EgoyMDI2MDkwOS4wIJJjKgBIAVAD&rclk=1,3.5,15,"19 Sonargaon Janapath Rd , Uttara, Dhaka",23.874708,90.399849
Ajwah Bake & Pastry,Cafe,Uttara,https://www.google.com/maps/place/Ajwah+Bake+%26+Pastry/data=!4m7!3m6!1s0x3755c54af491a54f:0x868680a7b9c3f247!8m2!3d23.8758016!4d90.3974278!16s%2Fg%2F11jkwpgry6!19sChIJT6WR9ErFVTcRR_LDuaeAhoY?authuser=0&hl=en&g_ep=EgoyMDI2MDkwOS4wIJJjKgBIAVAD&rclk=1,3.5,14,"Rd No 3F , Uttara, Dhaka",23.875802,90.397428
CHA POINT,Cafe,Bashundhara R/A,https://www.google.com/maps/place/CHA+POINT/data=!4m7!3m6!1s0x3755c72eb1604d15:0xa25bd86a34e4beb3!8m2!3d23.8127476!4d90.4243875!16s%2Fg%2F11vj194b9h!19sChIJFU1gsS7HVTcRs77kNGrYW6I?authuser=0&hl=en&g_ep=EgoyMDI2MDkwOS4wIJJjKgBIAVAD&rclk=1,3.5,6,"Bashundhara R/A, Dhaka",23.812748,90.424387
Secret Recipe Mirpur Sony Square Flagship,Cafe,Mirpur 1,https://www.google.com/maps/place/Secret+Recipe+Mirpur+Sony+Square+Flagship/data=!4m7!3m6!1s0x3755c1c2afd1052f:0x516c22d6a40cbb85!8m2!3d23.8003145!4d90.3554393!16s%2Fg%2F11sg26pt8r!19sChIJLwXRr8LBVTcRhbsMpNYibFE?authuser=0&hl=en&g_ep=EgoyMDI2MDkwMi4wIJJjKgBIAVAD&rclk=1,3.4,322,"1st Floor, Plot-1, Sony Cinema Hall, 105 Mirpur Rd, Mirpur 1, Dhaka",23.8003145,90.3554393
Cafe Dolce Gulshan Avenue,Cafe,Gulshan 2,https://www.google.com/maps/place/Cafe+Dolce+Gulshan+Avenue/data=!4m7!3m6!1s0x3755c7761d44c541:0xd224776edb55bdca!8m2!3d23.7901443!4d90.416315!16s%2Fg%2F11w890gdp1!19sChIJQcVEHXbHVTcRyr1V2253JNI?authuser=0&hl=en&g_ep=EgoyMDI2MDkwMi4wIJJjKgBIAVAD&rclk=1,3.4,191,"Elegant Square, Level 04, House 3/B, Road 111, Gulshan Avenue (Opposite Azad Mosque) 1212, Bangladesh, Gulshan 2, Dhaka",23.7901443,90.416315
Kung Fu Noodles,Restaurant,Bashundhara R/A,https://www.google.com/maps/place/Kung+Fu+Noodles/data=!4m7!3m6!1s0x3755c7ed3a8aa6a7:0xeec9c3c1014fa48a!8m2!3d23.8135625!4d90.4241875!16s%2Fg%2F11ty52gtql!19sChIJp6aKOu3HVTcRiqRPAcHDye4?authuser=0&hl=en&g_ep=EgoyMDI2MDkwOS4wIJJjKgBIAVAD&rclk=1,3.4,77,"Level-5, Jamuna future park, Progoti Sarani - Debogram Rd , Bashundhara R/A, Dhaka",23.813562,90.424188
Edge Coffee & Roasters,Cafe,Bashundhara R/A,https://www.google.com/maps/place/Edge+Coffee+%26+Roasters/data=!4m7!3m6!1s0x3755c7004a086d03:0x2d47865496116743!8m2!3d23.8212709!4d90.4378368!16s%2Fg%2F11ldk952xd!19sChIJA20ISgDHVTcRQ2cRllSGRy0?authuser=0&hl=en&g_ep=EgoyMDI2MDkwOS4wIJJjKgBIAVAD&rclk=1,3.4,64,"Edge Coffee & Roasters, House 74 Rd No. 3, Main Avenue, Bashundhara R/A, Dhaka",23.821271,90.437837
Indian Spicy Hungry K?,Restaurant,Bashundhara R/A,https://www.google.com/maps/place/Indian+Spicy+Hungry+K%3F/data=!4m7!3m6!1s0x3755c64c531d21d1:0xf27181b8a651402!8m2!3d23.813955!4d90.424499!16s%2Fg%2F11gbxh6jf5!19sChIJ0SEdU0zGVTcRAhRlihsYJw8?authuser=0&hl=en&g_ep=EgoyMDI2MDkwOS4wIJJjKgBIAVAD&rclk=1,3.4,49,"5th floor, JAMUNA FUTURE PARK, Level- 5, Zone- D, Shop No- 024. 244, ka, Pragati Avenue, Basundhara. , Bashundhara R/A, Dhaka",23.813955,90.424499
Madchef Bashundhara,Restaurant,Bashundhara R/A,https://www.google.com/maps/place/Madchef+Bashundhara/data=!4m7!3m6!1s0x3755c700550e10ef:0xf225457c6198e856!8m2!3d23.8087251!4d90.430394!16s%2Fg%2F11w_hxpq8_!19sChIJ7xAOVQDHVTcRVuiYYXxFJfI?authuser=0&hl=en&g_ep=EgoyMDI2MDkwOS4wIJJjKgBIAVAD&rclk=1,3.4,41,"1st floor, Jabbar Molla tower, Evercare Hospital Rd, Bashundhara R/A, Dhaka",23.808725,90.430394
Lahori Flame Bashundhara RA,Restaurant,Bashundhara R/A,https://www.google.com/maps/place/Lahori+Flame+Bashundhara+RA/data=!4m7!3m6!1s0x3755c700520c601d:0x17a1f0808043fbfe!8m2!3d23.8117968!4d90.4386787!16s%2Fg%2F11nblq08b9!19sChIJHWAMUgDHVTcR_vtDgIDwoRc?authuser=0&hl=en&g_ep=EgoyMDI2MDkwOS4wIJJjKgBIAVAD&rclk=1,3.4,31,"House-1317, Bismillah Plaza, 31 Road No. 30 , Bashundhara R/A, Dhaka",23.811797,90.438679
Cafe Twisted Burg,Cafe,Mirpur 12,https://www.google.com/maps/place/Cafe+Twisted+Burg/data=!4m7!3m6!1s0x3755c18633cf79f1:0x89c03884cd637b5f!8m2!3d23.8287408!4d90.3637495!16s%2Fg%2F11n8ttp7rf!19sChIJ8XnPM4bBVTcRX3tjzYQ4wIk?authuser=0&hl=en&g_ep=EgoyMDI2MDkwMi4wIJJjKgBIAVAD&rclk=1,3.4,25,"Mirpur 12, Dhaka",23.8287408,90.3637495
Monir Biryani House,Restaurant,Uttara,https://www.google.com/maps/place/Monir+Biryani+House/data=!4m7!3m6!1s0x3755c50024068215:0x77157faaf0ef56c6!8m2!3d23.8607339!4d90.3989757!16s%2Fg%2F11ldkblydc!19sChIJFYIGJADFVTcRxlbv8Kp_FXc?authuser=0&hl=en&g_ep=EgoyMDI2MDkwOS4wIJJjKgBIAVAD&rclk=1,3.4,16,"Uttara, Dhaka",23.860734,90.398976
Crispyon,Restaurant,Uttara,https://www.google.com/maps/place/Crispyon/data=!4m7!3m6!1s0x3755c5698c4505a1:0xca8bf624113d6d47!8m2!3d23.8744034!4d90.3894172!16s%2Fg%2F11z7hcsvmm!19sChIJoQVFjGnFVTcRR209EST2i8o?authuser=0&hl=en&g_ep=EgoyMDI2MDkwOS4wIJJjKgBIAVAD&rclk=1,3.4,5,"Uttara, Dhaka",23.874403,90.389417
Wynwood Coffee,Cafe,Bashundhara R/A,https://www.google.com/maps/place/Wynwood+Coffee/data=!4m7!3m6!1s0x3755c700691625d7:0x55b2e73e40f31953!8m2!3d23.8212902!4d90.4378669!16s%2Fg%2F11y81429v9!19sChIJ1yUWaQDHVTcRUxnzQD7nslU?authuser=0&hl=en&g_ep=EgoyMDI2MDkwOS4wIJJjKgBIAVAD&rclk=1,3.3,85,"77 Rd No. 3 , Bashundhara R/A, Dhaka",23.82129,90.437867
Crisp Uttara,Restaurant,Uttara,https://www.google.com/maps/place/Crisp+Uttara/data=!4m7!3m6!1s0x3755c5075c30f053:0xb4307fb697dde0e0!8m2!3d23.8695651!4d90.3870055!16s%2Fg%2F11jz156z8c!19sChIJU_AwXAfFVTcR4ODdl7Z_MLQ?authuser=0&hl=en&g_ep=EgoyMDI2MDkwOS4wIJJjKgBIAVAD&rclk=1,3.3,69,"Uttara, Dhaka",23.869565,90.387006
Shiraj Chui Gosto Bashundhara,Restaurant,Bashundhara R/A,https://www.google.com/maps/place/Shiraj+Chui+Gosto+Bashundhara/data=!4m7!3m6!1s0x3755c7001d0a5e8f:0xfe47b6457e5ee978!8m2!3d23.8123415!4d90.4247037!16s%2Fg%2F11wxgs5hbc!19sChIJj14KHQDHVTcReOlefkW2R_4?authuser=0&hl=en&g_ep=EgoyMDI2MDkwOS4wIJJjKgBIAVAD&rclk=1,3.3,69,"Bashundhara Rd , Bashundhara R/A, Dhaka",23.812341,90.424704
"Station by Chef's Table, Mirpur",Restaurant,Mirpur 11,"https://www.google.com/maps/place/Station+by+Chef%27s+Table,+Mirpur/data=!4m7!3m6!1s0x3755c141a2d657f9:0xe239d06547c96cf5!8m2!3d23.8146685!4d90.3662086!16s%2Fg%2F11z5pbflvv!19sChIJ-VfWokHBVTcR9WzJR2XQOeI?authuser=0&hl=en&g_ep=EgoyMDI2MDkwMi4wIJJjKgBIAVAD&rclk=1",3.3,62,"Mirpur 11, Dhaka",23.8146685,90.3662086
Ash Cafe & Bistro,Cafe,Mirpur 12,https://www.google.com/maps/place/Ash+Cafe+%26+Bistro/data=!4m7!3m6!1s0x3755c1007ffa1217:0x966f9b179c5aba88!8m2!3d23.8272351!4d90.3643999!16s%2Fg%2F11msvvhzl9!19sChIJFxL6fwDBVTcRiLpanBebb5Y?authuser=0&hl=en&g_ep=EgoyMDI2MDkwMi4wIJJjKgBIAVAD&rclk=1,3.3,42,"Level 6, Safura Tower, House 45 Rd No. 7, Mirpur 12, Dhaka",23.8272351,90.3643999
Tasty Treat - Uttara 13,Cafe,Uttara,https://www.google.com/maps/place/Tasty+Treat+-+Uttara+13/data=!4m7!3m6!1s0x3755c5666413a1bd:0xc9c7a634858fa0f2!8m2!3d23.8696482!4d90.3898085!16s%2Fg%2F11j67qzjsd!19sChIJvaETZGbFVTcR8qCPhTSmx8k?authuser=0&hl=en&g_ep=EgoyMDI2MDkwOS4wIJJjKgBIAVAD&rclk=1,3.3,26,"V99Q+RWW Quantum Properties Ltd. Quantum Mostafa Tower, 18, Gausal Azam Avenue, Gausul Azam Ave , Uttara, Dhaka",23.869648,90.389809
Bhagyakul Mistanna Bhander Bashundhara,Cafe,Bashundhara R/A,https://www.google.com/maps/place/Bhagyakul+Mistanna+Bhander+Bashundhara/data=!4m7!3m6!1s0x3755c795e7aae12d:0x2ca2bc59594a3fbf!8m2!3d23.8121915!4d90.4231171!16s%2Fg%2F11rv2wcnj9!19sChIJLeGq55XHVTcRvz9KWVm8oiw?authuser=0&hl=en&g_ep=EgoyMDI2MDkwOS4wIJJjKgBIAVAD&rclk=1,3.3,16,"Hazi Abdul Latif Mansion, Ka-9 Bashundhara Rd , Bashundhara R/A, Dhaka",23.812192,90.423117
Glazed Jamuna Future Park,Restaurant,Bashundhara R/A,https://www.google.com/maps/place/Glazed+Jamuna+Future+Park/data=!4m7!3m6!1s0x3755c7583a9d86b3:0x3a398719c170162b!8m2!3d23.8135405!4d90.4239441!16s%2Fg%2F11g_rw7rx4!19sChIJs4adOljHVTcRKxZwwRmHOTo?authuser=0&hl=en&g_ep=EgoyMDI2MDkwOS4wIJJjKgBIAVAD&rclk=1,3.3,6,"RC7F+CH8, Progati Sarani Rd, Bashundhara R/A, Dhaka",23.81354,90.423944
Mehfil-e-gosht,Restaurant,Uttara,https://www.google.com/maps/place/Mehfil-e-gosht/data=!4m7!3m6!1s0x3755c50035d478ab:0x2194f4df2980faa8!8m2!3d23.875955!4d90.3910329!16s%2Fg%2F11ys1yppxj!19sChIJq3jUNQDFVTcRqPqAKd_0lCE?authuser=0&hl=en&g_ep=EgoyMDI2MDkwOS4wIJJjKgBIAVAD&rclk=1,3.2,64,"Uttara, Dhaka",23.875955,90.391033
Tasty Treat - Bashundhara 2,Cafe,Bashundhara R/A,https://www.google.com/maps/place/Tasty+Treat+-+Bashundhara+2/data=!4m7!3m6!1s0x3755c7316172b981:0x7a688c5c66f3d537!8m2!3d23.8126524!4d90.4244675!16s%2Fg%2F11tbzjt4bl!19sChIJgblyYTHHVTcRN9XzZlyMaHo?authuser=0&hl=en&g_ep=EgoyMDI2MDkwOS4wIJJjKgBIAVAD&rclk=1,3.2,21,"ka-1/C, Jagannathpur, Bashundhara Rd , Bashundhara R/A, Dhaka",23.812652,90.424468
New Uttara Hazi Biriyani,Restaurant,Uttara,https://www.google.com/maps/place/New+Uttara+Hazi+Biriyani/data=!4m7!3m6!1s0x3755c523af738077:0xa902f553ea157eb6!8m2!3d23.868057!4d90.4001402!16s%2Fg%2F11h0g_3dhv!19sChIJd4BzryPFVTcRtn4V6lP1Aqk?authuser=0&hl=en&g_ep=EgoyMDI2MDkwOS4wIJJjKgBIAVAD&rclk=1,3.2,6,"Uttara, Dhaka",23.868057,90.40014
Sunset Beans - Mirpur 12,Restaurant,Mirpur 12,https://www.google.com/maps/place/Sunset+Beans+-+Mirpur+12/data=!4m7!3m6!1s0x3755c7007be635fb:0x289b2c8b6dd87218!8m2!3d23.8290688!4d90.3636274!16s%2Fg%2F11x394wzww!19sChIJ-zXmewDHVTcRGHLYbYssmyg?authuser=0&hl=en&g_ep=EgoyMDI2MDkwMi4wIJJjKgBIAVAD&rclk=1,3.1,164,"Sujat Nagar, Safura Trade City, 1, 142 Sena Nibas Road, Mirpur 12, Dhaka",23.8290688,90.3636274
Ashta Banjan - Uttara,Restaurant,Uttara,https://www.google.com/maps/place/Ashta+Banjan+-+Uttara/data=!4m7!3m6!1s0x3755c510f98af1ad:0x2dbb0a6ecef98287!8m2!3d23.874591!4d90.3948148!16s%2Fg%2F11l6mdh8df!19sChIJrfGK-RDFVTcRh4L5zm4Kuy0?authuser=0&hl=en&g_ep=EgoyMDI2MDkwOS4wIJJjKgBIAVAD&rclk=1,3.1,158,"V9FV+RWP, Sonargaon Janapath Rd , Uttara, Dhaka",23.874591,90.394815
Tandooriwala Bashundhara,Restaurant,Bashundhara R/A,https://www.google.com/maps/place/Tandooriwala+Bashundhara/data=!4m7!3m6!1s0x3755c75e839053bb:0x43bd8f1b0ef13c1e!8m2!3d23.8123244!4d90.4248534!16s%2Fg%2F11kpp0qs3n!19sChIJu1OQg17HVTcRHjzxDhuPvUM?authuser=0&hl=en&g_ep=EgoyMDI2MDkwOS4wIJJjKgBIAVAD&rclk=1,3.1,20,"4th Floor, Rahman Tower, Jogonnathpur Bashundhara Rd , Bashundhara R/A, Dhaka",23.812324,90.424853
Chicken Out,Restaurant,Bashundhara R/A,https://www.google.com/maps/place/Chicken+Out/data=!4m7!3m6!1s0x3755c7c8f95a913b:0x4269b928b12b14bf!8m2!3d23.8154022!4d90.4414888!16s%2Fg%2F11myxl10dc!19sChIJO5Fa-cjHVTcRvxQrsSi5aUI?authuser=0&hl=en&g_ep=EgoyMDI2MDkwOS4wIJJjKgBIAVAD&rclk=1,3.1,16,"Road No. 16 , Bashundhara R/A, Dhaka",23.815402,90.441489
Cafe Glory,Cafe,Mirpur 10,https://www.google.com/maps/place/Cafe+Glory/data=!4m7!3m6!1s0x3755c1006b958b9d:0xb73134f97b34df6f!8m2!3d23.8062001!4d90.3733374!16s%2Fg%2F11vx3_zkgb!19sChIJnYuVawDBVTcRb980e_k0Mbc?authuser=0&hl=en&g_ep=EgoyMDI2MDkwMi4wIJJjKgBIAVAD&rclk=1,3.1,9,"1, Plot-31, Mirpur Main Road, Mirpur-10, Mirpur 10, Dhaka",23.8062001,90.3733374
Arsalan Restaurant,Restaurant,Bashundhara R/A,https://www.google.com/maps/place/Arsalan+Restaurant/data=!4m7!3m6!1s0x3755c64dadaaeac3:0xf176a1505f67170d!8m2!3d23.8135673!4d90.4243402!16s%2Fg%2F11c4t33ky8!19sChIJw-qqrU3GVTcRDRdnX1ChdvE?authuser=0&hl=en&g_ep=EgoyMDI2MDkwOS4wIJJjKgBIAVAD&rclk=1,3,211,"Shop 6,7,8,29 Level 5, Zone D, Jamuna Future Park, 1229 1229 , Bashundhara R/A, Dhaka",23.813567,90.42434
Fluryz Bashundhara Outlate,Restaurant,Bashundhara R/A,https://www.google.com/maps/place/Fluryz+Bashundhara+Outlate/data=!4m7!3m6!1s0x3755c71c4de44561:0x81905ecdb2109695!8m2!3d23.8143493!4d90.4385557!16s%2Fg%2F11yt6lbhz0!19sChIJYUXkTRzHVTcRlZYQss1ekIE?authuser=0&hl=en&g_ep=EgoyMDI2MDkwOS4wIJJjKgBIAVAD&rclk=1,3,4,"Bashundhara R/A, Dhaka",23.814349,90.438556
Cheese Express,Restaurant,Bashundhara R/A,https://www.google.com/maps/place/Cheese+Express/data=!4m7!3m6!1s0x3755c757342a75e9:0x5d62e7aa46b902a8!8m2!3d23.8093701!4d90.4314755!16s%2Fg%2F11sj9sh2m4!19sChIJ6XUqNFfHVTcRqAK5RqrnYl0?authuser=0&hl=en&g_ep=EgoyMDI2MDkwOS4wIJJjKgBIAVAD&rclk=1,3,3,"Bashundhara R/A, Dhaka",23.80937,90.431476
My Cozy Cafe,Cafe,Bashundhara R/A,https://www.google.com/maps/place/My+Cozy+Cafe/data=!4m7!3m6!1s0x3755c70070905a1b:0xb9b412c76ffd4204!8m2!3d23.8257954!4d90.4330142!16s%2Fg%2F11wpslq4br!19sChIJG1qQcADHVTcRBEL9b8cStLk?authuser=0&hl=en&g_ep=EgoyMDI2MDkwOS4wIJJjKgBIAVAD&rclk=1,3,2,"Rd - 5 , Bashundhara R/A, Dhaka",23.825795,90.433014
Crust & Bunz,Restaurant,Bashundhara R/A,https://www.google.com/maps/place/Crust+%26+Bunz/data=!4m7!3m6!1s0x3755c7f26f59b667:0x7b4286bbc3dd3d57!8m2!3d23.807895!4d90.4304239!16s%2Fg%2F11fs1w0xy5!19sChIJZ7ZZb_LHVTcRVz3dw7uGQns?authuser=0&hl=en&g_ep=EgoyMDI2MDkwOS4wIJJjKgBIAVAD&rclk=1,2.9,58,"Bashundhara R/A, Dhaka",23.807895,90.430424
Fuoco Bashundhara,Restaurant,Bashundhara R/A,https://www.google.com/maps/place/Fuoco+Bashundhara/data=!4m7!3m6!1s0x3755c7006c325857:0xab481eab756aaa9c!8m2!3d23.8119691!4d90.4385881!16s%2Fg%2F11ml2f8k9l!19sChIJV1gybADHVTcRnKpqdaseSKs?authuser=0&hl=en&g_ep=EgoyMDI2MDkwOS4wIJJjKgBIAVAD&rclk=1,2.6,37,"Plot-1317, Road-30,31, Sonia Sobhan 5th Avenue , Bashundhara R/A, Dhaka",23.811969,90.438588
Buffet Lounge Bashundhara,Restaurant,Bashundhara R/A,https://www.google.com/maps/place/Buffet+Lounge+Bashundhara/data=!4m7!3m6!1s0x3755c7001ebb5829:0x666c8a02cc44bdfd!8m2!3d23.8121581!4d90.4248213!16s%2Fg%2F11ytx2jgfw!19sChIJKVi7HgDHVTcR_b1EzAKKbGY?authuser=0&hl=en&g_ep=EgoyMDI2MDkwOS4wIJJjKgBIAVAD&rclk=1,2.5,93,"Bashundhara R/A, Dhaka",23.812158,90.424821
King's Fish Restaurant,Restaurant,Bashundhara R/A,https://www.google.com/maps/place/King%27s+Fish+Restaurant/data=!4m7!3m6!1s0x3755c7bc7fe80419:0x20d7c993fac55d18!8m2!3d23.81346!4d90.4241366!16s%2Fg%2F11v5b8ggtp!19sChIJGQTof7zHVTcRGF3F-pPJ1yA?authuser=0&hl=en&g_ep=EgoyMDI2MDkwOS4wIJJjKgBIAVAD&rclk=1,2.5,13,"Bashundhara R/A, Dhaka",23.81346,90.424137
Couple Cafe,Cafe,Bashundhara R/A,https://www.google.com/maps/place/Couple+Cafe/data=!4m7!3m6!1s0x3755c64d065c3069:0x51aef6934d0ddb7e!8m2!3d23.8130114!4d90.4238383!16s%2Fg%2F11fflzjkcp!19sChIJaTBcBk3GVTcRftsNTZP2rlE?authuser=0&hl=en&g_ep=EgoyMDI2MDkwOS4wIJJjKgBIAVAD&rclk=1,1.7,7,"Shop-5C-12, Level- 5, Jamuna Future Park, Bashundhara Rd , Bashundhara R/A, Dhaka",23.813011,90.423838
Eat&Meet Bashundhara,Cafe,Bashundhara R/A,https://www.google.com/maps/place/Eat%26Meet+Bashundhara/data=!4m7!3m6!1s0x3755c700166f66e1:0x6a626d88b3c3fffa!8m2!3d23.8238503!4d90.4296376!16s%2Fg%2F11ybrl73j9!19sChIJ4WZvFgDHVTcR-v_Ds4htYmo?authuser=0&hl=en&g_ep=EgoyMDI2MDkwOS4wIJJjKgBIAVAD&rclk=1,1.5,2,"Bashundhara R/A, Dhaka",23.82385,90.429638
Chickn Crunch Bashundhara,Restaurant,Bashundhara R/A,https://www.google.com/maps/place/Chickn+Crunch+Bashundhara/data=!4m7!3m6!1s0x3755c700324ccc2f:0xb02570172ef23d0a!8m2!3d23.8135915!4d90.4244301!16s%2Fg%2F11zbh1zgsz!19sChIJL8xMMgDHVTcRCj3yLhdwJbA?authuser=0&hl=en&g_ep=EgoyMDI2MDkwOS4wIJJjKgBIAVAD&rclk=1,1,1,"Ka-244, Jamuna Future Park, Shop - 5A-006, Level 5, Progati Sarani Rd , Bashundhara R/A, Dhaka",23.813592,90.42443