Name,Category,Area,Google Map link,Rating,Reviews,Address,Latitude,Longitude
Fuoco - Mirpur 1,Restaurant,Mirpur 1,https://www.google.com/maps/place/Fuoco+-+Mirpur+1/data=!4m7!3m6!1s0x3755c1a951da43ab:0x3c8ac0c7056825ab!8m2!3d23.8024538!4d90.3531906!16s%2Fg%2F11rhvrxb_5!19sChIJq0PaUanBVTcRqyVoBcfAijw?authuser=0&hl=en&g_ep=EgoyMDI2MDkwMi4wIJJjKgBIAVAD&rclk=1,4.4,1.2K,"Mosjidul Akbar Eidgah Field, Zoo Road, Mirpur 1, Dhaka",23.8024538,90.3531906
Segreto,Restaurant,Mirpur 1,https://www.google.com/maps/place/Segreto/data=!4m7!3m6!1s0x3755c1a3d1cdb4f1:0x933da0b5667727e2!8m2!3d23.8009313!4d90.3540249!16s%2Fg%2F11pyssn6bq!19sChIJ8bTN0aPBVTcR4id3ZrWgPZM?authuser=0&hl=en&g_ep=EgoyMDI2MDkwMi4wIJJjKgBIAVAD&rclk=1,4.1,1.2K,"Plot No, 32 Rd No. 2, Mirpur 1, Dhaka",23.8009313,90.3540249
Sky Lounge,Restaurant,Mirpur 1,https://www.google.com/maps/place/Sky+Lounge/data=!4m7!3m6!1s0x3755c14ee7ee4c7d:0x951008546ab611ab!8m2!3d23.8005449!4d90.355272!16s%2Fg%2F11spdtbjwn!19sChIJfUzu507BVTcRqxG2alQIEJU?authuser=0&hl=en&g_ep=EgoyMDI2MDkwMi4wIJJjKgBIAVAD&rclk=1,4.1,1.2K,"105 Mirpur Rd 1216, Mirpur 1, Dhaka",23.8005449,90.355272
Nongor - নোঙ্গর Rooftop,Restaurant,Mirpur 12,https://www.google.com/maps/place/Nongor+-+%E0%A6%A8%E0%A7%8B%E0%A6%99%E0%A7%8D%E0%A6%97%E0%A6%B0+Rooftop/data=!4m7!3m6!1s0x3755c126f6238b0b:0xc26b8daef3e27f58!8m2!3d23.8279956!4d90.3638789!16s%2Fg%2F11nnqlf8zt!19sChIJC4sj9ibBVTcRWH_i866Na8I?authuser=0&hl=en&g_ep=EgoyMDI2MDkwMi4wIJJjKgBIAVAD&rclk=1,4.6,1.2K,"12, Nur Islam Mollah Avenue Holding No# 5 Shujaat Nagar, 1216 Bus stand, Mirpur 12, Dhaka",23.8279956,90.3638789
"Mirpur-1,food court",Restaurant,Mirpur 1,"https://www.google.com/maps/place/Mirpur-1,food+court/data=!4m7!3m6!1s0x3755c1679300573d:0x8e157092b2c9c66!8m2!3d23.8009518!4d90.3539735!16s%2Fg%2F11mqmljg4k!19sChIJPVcAk2fBVTcRZpwsKwlX4Qg?authuser=0&hl=en&g_ep=EgoyMDI2MDkwMi4wIJJjKgBIAVAD&rclk=1",4.1,1.2K,"32 Rd No. 5, Mirpur 1, Dhaka",23.8009518,90.3539735
The Hub - Cafe & Bistro,Restaurant,Mirpur 1,https://www.google.com/maps/place/The+Hub+-+Cafe+%26+Bistro/data=!4m7!3m6!1s0x3755c1fb1aea654d:0xf48f0665def1f093!8m2!3d23.80118!4d90.3541896!16s%2Fg%2F11j38tbr90!19sChIJTWXqGvvBVTcRk_Dx3mUGj_Q?authuser=0&hl=en&g_ep=EgoyMDI2MDkwMi4wIJJjKgBIAVAD&rclk=1,3.9,1.2K,"29 Zoo Road, Mirpur 1, Dhaka",23.80118,90.3541896
Beyond Buffet Mirpur,Restaurant,Mirpur 1,https://www.google.com/maps/place/Beyond+Buffet+Mirpur/data=!4m7!3m6!1s0x3755c100001a2d5b:0xb31f6d1500aa9e4f!8m2!3d23.800099!4d90.3546421!16s%2Fg%2F11y35hf6v9!19sChIJWy0aAADBVTcRT56qABVtH7M?authuser=0&hl=en&g_ep=EgoyMDI2MDkwMi4wIJJjKgBIAVAD&rclk=1,3.8,1.2K,"Mirpur 1, Dhaka",23.800099,90.3546421
Cafe Rain Street,Restaurant,Mirpur 1,https://www.google.com/maps/place/Cafe+Rain+Street/data=!4m7!3m6!1s0x3755c1959d93111f:0xf1c9149dd6c2cf2!8m2!3d23.8006872!4d90.3537422!16s%2Fg%2F11gv27yt6z!19sChIJHxGTnZXBVTcR8ixs3UmRHA8?authuser=0&hl=en&g_ep=EgoyMDI2MDkwMi4wIJJjKgBIAVAD&rclk=1,3.9,1.2K,"R923+7FX, House- 32 Rd No. 5, Mirpur 1, Dhaka",23.8006872,90.3537422
"Xinxian Restaurant, Mirpur 1",Restaurant,Mirpur 1,"https://www.google.com/maps/place/Xinxian+Restaurant,+Mirpur+1/data=!4m7!3m6!1s0x3755c12b65acd8b7:0x17b209918f8dce52!8m2!3d23.7997511!4d90.354356!16s%2Fg%2F11n74d4vx3!19sChIJt9isZSvBVTcRUs6Nj5EJshc?authuser=0&hl=en&g_ep=EgoyMDI2MDkwMi4wIJJjKgBIAVAD&rclk=1",4.2,1.2K,"Mirpur 1, Dhaka",23.7997511,90.354356
Cheese Factory Mirpur,Restaurant,Mirpur 1,https://www.google.com/maps/place/Cheese+Factory+Mirpur/data=!4m7!3m6!1s0x3755c1e0b950bc0b:0xf81af1e001d19529!8m2!3d23.8022352!4d90.3539842!16s%2Fg%2F11h5r_0w68!19sChIJC7xQueDBVTcRKZXRAeDxGvg?authuser=0&hl=en&g_ep=EgoyMDI2MDkwMi4wIJJjKgBIAVAD&rclk=1,4.1,1.2K,"Block- D, 75, Bir Bikram Hemaet Uddin Road (Chiriakhana Road, 15, no Rd No. 5, Mirpur 1, Dhaka",23.8022352,90.3539842
Roadside Kitchen - Mirpur 1,Restaurant,Mirpur 1,https://www.google.com/maps/place/Roadside+Kitchen+-+Mirpur+1/data=!4m7!3m6!1s0x3755c13941db9ab1:0xbd332a9eff4a2fb!8m2!3d23.8025351!4d90.3532788!16s%2Fg%2F11h_hw8zfw!19sChIJsZrbQTnBVTcR-6L076ky0ws?authuser=0&hl=en&g_ep=EgoyMDI2MDkwMi4wIJJjKgBIAVAD&rclk=1,3.7,1.2K,"Zoo Road, Mirpur 1, Dhaka",23.8025351,90.3532788
AVANO - Asian Fusion Restaurant,Restaurant,Mirpur 12,https://www.google.com/maps/place/AVANO+-+Asian+Fusion+Restaurant/data=!4m7!3m6!1s0x3755c1abe2b30415:0x1a968dea1b5a672c!8m2!3d23.8272327!4d90.3643999!16s%2Fg%2F11y86tsm_j!19sChIJFQSz4qvBVTcRLGdaG-qNlho?authuser=0&hl=en&g_ep=EgoyMDI2MDkwMi4wIJJjKgBIAVAD&rclk=1,4.8,1.2K,"House 45, Level 9, Safura Tower, Rd No. 7, Mirpur 12, Dhaka",23.8272327,90.3643999
The Eatalia,Restaurant,Mirpur 1,https://www.google.com/maps/place/The+Eatalia/data=!4m7!3m6!1s0x3755c1d5d5d8e027:0x9878fda6f24acc15!8m2!3d23.8011722!4d90.3541713!16s%2Fg%2F11j4nc09ss!19sChIJJ-DY1dXBVTcRFcxK8qb9eJg?authuser=0&hl=en&g_ep=EgoyMDI2MDkwMi4wIJJjKgBIAVAD&rclk=1,4,1.2K,"29 Zoo Road, Mirpur 1, Dhaka",23.8011722,90.3541713
Kebab Express Mirpur,Restaurant,Mirpur 1,https://www.google.com/maps/place/Kebab+Express+Mirpur/data=!4m7!3m6!1s0x3755c1ee658565a7:0x3e9ab771cd987706!8m2!3d23.8027362!4d90.354229!16s%2Fg%2F11s93p59vy!19sChIJp2WFZe7BVTcRBneYzXG3mj4?authuser=0&hl=en&g_ep=EgoyMDI2MDkwMi4wIJJjKgBIAVAD&rclk=1,4.3,1.2K,"House#1/1,Road# avenue 1, Block #D, Section #216, Mirpur 1, Dhaka",23.8027362,90.354229
Takeout Mirpur 1,Restaurant,Mirpur 1,https://www.google.com/maps/place/Takeout+Mirpur+1/data=!4m7!3m6!1s0x3755c0e900000001:0x1116ebe4d59beaad!8m2!3d23.8009059!4d90.3540245!16s%2Fg%2F11g8z_dcq1!19sChIJAQAAAOnAVTcRreqb1eTrFhE?authuser=0&hl=en&g_ep=EgoyMDI2MDkwMi4wIJJjKgBIAVAD&rclk=1,4,1.2K,"Plot 1/1 & 1/2, Level - 3, Zoo Road, Mirpur 1, Dhaka",23.8009059,90.3540245
Fry Bucket – Mirpur-1,Restaurant,Mirpur 1,https://www.google.com/maps/place/Fry+Bucket+%E2%80%93+Mirpur-1/data=!4m7!3m6!1s0x3755c18413ece7c3:0x8798ec430be338c9!8m2!3d23.7945478!4d90.3532633!16s%2Fg%2F11lw03q9nq!19sChIJw-fsE4TBVTcRyTjjC0PsmIc?authuser=0&hl=en&g_ep=EgoyMDI2MDkwMi4wIJJjKgBIAVAD&rclk=1,4.3,1.2K,"19/A, Principal Abul Kashem Rd, Mirpur 1, Dhaka",23.7945478,90.3532633
The Cuisine Hub,Restaurant,Mirpur 12,https://www.google.com/maps/place/The+Cuisine+Hub/data=!4m7!3m6!1s0x3755c1ed1386a62b:0x9d35bc68719e212f!8m2!3d23.8298052!4d90.3636598!16s%2Fg%2F11lf2grk1l!19sChIJK6aGE-3BVTcRLyGecWi8NZ0?authuser=0&hl=en&g_ep=EgoyMDI2MDkwMi4wIJJjKgBIAVAD&rclk=1,4.2,1.2K,"Top Floor, Ramjannessa Super Market, 142 Mirpur Senanibash Road, Mirpur 12, Dhaka",23.8298052,90.3636598
Posh Lounge Rooftop,Restaurant,Mirpur 12,https://www.google.com/maps/place/Posh+Lounge+Rooftop/data=!4m7!3m6!1s0x3755c14a6030e9ad:0x96efaace5e97d90e!8m2!3d23.8270305!4d90.364695!16s%2Fg%2F11l6jcr3xr!19sChIJrekwYErBVTcRDtmXXs6q75Y?authuser=0&hl=en&g_ep=EgoyMDI2MDkwMi4wIJJjKgBIAVAD&rclk=1,4.4,1.2K,"Safura Tower (Beside Pallabi Metro Station) House 45, Level-9, Road-7, Mirpur-12, Mirpur 12, Dhaka",23.8270305,90.364695
VIP's Restaurant & Party Center,Restaurant,Mirpur 1,https://www.google.com/maps/place/VIP%27s+Restaurant+%26+Party+Center/data=!4m7!3m6!1s0x3755c0e78deb6da3:0xf2a909bb5c4d096f!8m2!3d23.8024213!4d90.3532878!16s%2Fg%2F12m8zvtj_!19sChIJo23rjefAVTcRbwlNXLsJqfI?authuser=0&hl=en&g_ep=EgoyMDI2MDkwMi4wIJJjKgBIAVAD&rclk=1,3.9,1.2K,"Plot-43, Block-E, Zoo Road, Mirpur 1, Dhaka",23.8024213,90.3532878
Hello Dine,Restaurant,Mirpur 1,https://www.google.com/maps/place/Hello+Dine/data=!4m7!3m6!1s0x3755c1617135b89f:0xf591c1b647bd2801!8m2!3d23.8090347!4d90.3604491!16s%2Fg%2F11gr460pmr!19sChIJn7g1cWHBVTcRASi9R7bBkfU?authuser=0&hl=en&g_ep=EgoyMDI2MDkwMi4wIJJjKgBIAVAD&rclk=1,4,976,"House-27 Road No. 1, Mirpur 1, Dhaka",23.8090347,90.3604491
Khana's Mirpur,Restaurant,Mirpur 1,https://www.google.com/maps/place/Khana%27s+Mirpur/data=!4m7!3m6!1s0x3755c1c3f9531e0b:0xf01a7868c9e0b79d!8m2!3d23.8101023!4d90.3663401!16s%2Fg%2F11fjbkprdj!19sChIJCx5T-cPBVTcRnbfgyWh4GvA?authuser=0&hl=en&g_ep=EgoyMDI2MDkwMi4wIJJjKgBIAVAD&rclk=1,4.2,3.3K,"Block C, Avenue 5, Mirpur 1, Dhaka",23.8101023,90.3663401
Grand Prince Thai & Chinese Restaurant,Restaurant,Mirpur 1,https://www.google.com/maps/place/Grand+Prince+Thai+%26+Chinese+Restaurant/data=!4m7!3m6!1s0x3755c0e7d333a697:0xb451cffcd06e32f0!8m2!3d23.7985239!4d90.3534955!16s%2Fg%2F11f014mxgk!19sChIJl6Yz0-fAVTcR8DJu0PzPUbQ?authuser=0&hl=en&g_ep=EgoyMDI2MDkwMi4wIJJjKgBIAVAD&rclk=1,3.8,1.6K,"Mirpur 1, Dhaka",23.7985239,90.3534955
Bay Leaf Restaurant,Restaurant,Mirpur 1,https://www.google.com/maps/place/Bay+Leaf+Restaurant/data=!4m7!3m6!1s0x3755c0d7d26a3f39:0x9756d6d9706af896!8m2!3d23.8098891!4d90.3675571!16s%2Fg%2F1vl5f41f!19sChIJOT9q0tfAVTcRlvhqcNnWVpc?authuser=0&hl=en&g_ep=EgoyMDI2MDkwMi4wIJJjKgBIAVAD&rclk=1,3.8,1.1K,"House 2 Rd No 5, Mirpur 1, Dhaka",23.8098891,90.3675571
M1 Food Zone,Restaurant,Mirpur 1,https://www.google.com/maps/place/M1+Food+Zone/data=!4m7!3m6!1s0x3755c10f75346421:0xaed0e753ce1326c7!8m2!3d23.800876!4d90.3540206!16s%2Fg%2F11lgyn2_19!19sChIJIWQ0dQ_BVTcRxyYTzlPn0K4?authuser=0&hl=en&g_ep=EgoyMDI2MDkwMi4wIJJjKgBIAVAD&rclk=1,4.1,161,"1, 1/2 House 1 ঢাকা, Mirpur 1, Dhaka",23.800876,90.3540206
The Premium Lounge,Restaurant,Mirpur 1,https://www.google.com/maps/place/The+Premium+Lounge/data=!4m7!3m6!1s0x3755c1398a7a5bd7:0x91c7fc3e9c2b8c4f!8m2!3d23.8180991!4d90.365232!16s%2Fg%2F11gmckccwn!19sChIJ11t6ijnBVTcRT4wrnD78x5E?authuser=0&hl=en&g_ep=EgoyMDI2MDkwMi4wIJJjKgBIAVAD&rclk=1,3.7,2.7K,"Mirpur 1, Dhaka",23.8180991,90.365232
Hawa Rooftop Restaurant,Restaurant,Mirpur 12,https://www.google.com/maps/place/Hawa+Rooftop+Restaurant/data=!4m7!3m6!1s0x3755c16ad82a392f:0x7d8d1397c2082743!8m2!3d23.8281819!4d90.3637746!16s%2Fg%2F11vhj13zdw!19sChIJLzkq2GrBVTcRQycIwpcTjX0?authuser=0&hl=en&g_ep=EgoyMDI2MDkwMi4wIJJjKgBIAVAD&rclk=1,4,1.1K,"Mirpur 12, Dhaka",23.8281819,90.3637746
PizzaBurg,Restaurant,Mirpur 1,https://www.google.com/maps/place/PizzaBurg/data=!4m7!3m6!1s0x3755c0e73f16be8d:0xcf14921445f8c82f!8m2!3d23.8034453!4d90.3548157!16s%2Fg%2F11gf9qg998!19sChIJjb4WP-fAVTcRL8j4RRSSFM8?authuser=0&hl=en&g_ep=EgoyMDI2MDkwMi4wIJJjKgBIAVAD&rclk=1,4.7,27.4K,"R93F+GGH, Avenue Road Section:2 , Block: A, Avenue:1 , House: 12/1, Mirpur 1, Dhaka",23.8034453,90.3548157
Food Ranger Restaurant,Restaurant,Mirpur 1,https://www.google.com/maps/place/Food+Ranger+Restaurant/data=!4m7!3m6!1s0x3755c110d6a11603:0xe15537e75948411e!8m2!3d23.8027919!4d90.3542678!16s%2Fg%2F11m9tn0f4v!19sChIJAxah1hDBVTcRHkFIWec3VeE?authuser=0&hl=en&g_ep=EgoyMDI2MDkwMi4wIJJjKgBIAVAD&rclk=1,3.9,196,"House: 1/1(2nd floor), Road : Avenue 1, Section: 2, Block: D, Mirpur, Mirpur 1, Dhaka",23.8027919,90.3542678
Yellow Knife,Restaurant,Mirpur 1,https://www.google.com/maps/place/Yellow+Knife/data=!4m7!3m6!1s0x3755c1e11e85f8d7:0x994ead3f4fc2edb9!8m2!3d23.8010412!4d90.3543212!16s%2Fg%2F11syrl2hbm!19sChIJ1_iFHuHBVTcRue3CTz-tTpk?authuser=0&hl=en&g_ep=EgoyMDI2MDkwMi4wIJJjKgBIAVAD&rclk=1,3.9,338,"26, 29 Zoo Road, Mirpur 1, Dhaka",23.8010412,90.3543212
Food Castle,Restaurant,Mirpur 1,https://www.google.com/maps/place/Food+Castle/data=!4m7!3m6!1s0x3755c0e67c1a0e37:0x6197e435c8b70b07!8m2!3d23.8012081!4d90.35166!16s%2Fg%2F11bz_wgz46!19sChIJNw4afObAVTcRBwu3yDXkl2E?authuser=0&hl=en&g_ep=EgoyMDI2MDkwMi4wIJJjKgBIAVAD&rclk=1,4,118,"Shop No 3, 3rd Avenue, Mirpur 1, Dhaka",23.8012081,90.35166
Melting Pot (Mirpur 1),Restaurant,Mirpur 1,https://www.google.com/maps/place/Melting+Pot+%28Mirpur+1%29/data=!4m7!3m6!1s0x3755c112f6a6e0c9:0xa6472e92a6ccac00!8m2!3d23.8004315!4d90.3554348!16s%2Fg%2F11p649gr8c!19sChIJyeCm9hLBVTcRAKzMppIuR6Y?authuser=0&hl=en&g_ep=EgoyMDI2MDkwMi4wIJJjKgBIAVAD&rclk=1,4,212,"Sony Square, 3rd floor, Road# 2, Block# D · Casual restaurant chain for fondue meals, Mirpur 1, Dhaka",23.8004315,90.3554348
Burger Lab Mirpur-1,Restaurant,Mirpur 1,https://www.google.com/maps/place/Burger+Lab+Mirpur-1/data=!4m7!3m6!1s0x3755c144745891b7:0xd0681c8ee537af55!8m2!3d23.8022456!4d90.3529599!16s%2Fg%2F11j205wbyz!19sChIJt5FYdETBVTcRVa835Y4caNA?authuser=0&hl=en&g_ep=EgoyMDI2MDkwMi4wIJJjKgBIAVAD&rclk=1,4.4,923,"2, 2 Zoo Road, Mirpur 1, Dhaka",23.8022456,90.3529599
Joyti's World | Chinese Restaurant | Mirpur,Restaurant,Mirpur 10,https://www.google.com/maps/place/Joyti%27s+World+%7C+Chinese+Restaurant+%7C+Mirpur/data=!4m7!3m6!1s0x3755c1853018af45:0x62f19a605048a2d4!8m2!3d23.8053856!4d90.3673223!16s%2Fg%2F11nqpj7hr8!19sChIJRa8YMIXBVTcR1KJIUGCa8WI?authuser=0&hl=en&g_ep=EgoyMDI2MDkwMi4wIJJjKgBIAVAD&rclk=1,4.3,1.2K,"Mirpur 10, Dhaka",23.8053856,90.3673223
Metro Escape,Restaurant,Mirpur 10,https://www.google.com/maps/place/Metro+Escape/data=!4m7!3m6!1s0x3755c1b54e8b0297:0x441277b7ff4e6b0f!8m2!3d23.8183549!4d90.3651982!16s%2Fg%2F11ry7lc37j!19sChIJlwKLTrXBVTcRD2tO_7d3EkQ?authuser=0&hl=en&g_ep=EgoyMDI2MDkwMi4wIJJjKgBIAVAD&rclk=1,4,864,"Mirpur 10, Dhaka",23.8183549,90.3651982
Meghboroni (মেঘবরণী),Restaurant,Mirpur 10,https://www.google.com/maps/place/Meghboroni+%28%E0%A6%AE%E0%A7%87%E0%A6%98%E0%A6%AC%E0%A6%B0%E0%A6%A3%E0%A7%80%29/data=!4m7!3m6!1s0x3755c70017d60c87:0xacbd2288113679bc!8m2!3d23.8130301!4d90.3750825!16s%2Fg%2F11xg_32j18!19sChIJhwzWFwDHVTcRvHk2EYgivaw?authuser=0&hl=en&g_ep=EgoyMDI2MDkwMi4wIJJjKgBIAVAD&rclk=1,4.1,165,"Plot 1/1, Lane, 14 Avenue 5, Mirpur 10, Dhaka",23.8130301,90.3750825
T&C,Restaurant,Mirpur 10,https://www.google.com/maps/place/T%26C/data=!4m7!3m6!1s0x3755c1000afa702f:0x49e373052e0fe7e0!8m2!3d23.8058162!4d90.3650618!16s%2Fg%2F11vrfz189g!19sChIJL3D6CgDBVTcR4OcPLgVz40k?authuser=0&hl=en&g_ep=EgoyMDI2MDkwMi4wIJJjKgBIAVAD&rclk=1,4.1,378,"R948+82F, Mirpur Rd, Mirpur 10, Dhaka",23.8058162,90.3650618
Dhaka Cafe,Restaurant,Mirpur 10,https://www.google.com/maps/place/Dhaka+Cafe/data=!4m7!3m6!1s0x3755c7f4b1ece413:0x883b0954039fa01!8m2!3d23.8092724!4d90.3752294!16s%2Fg%2F11yxhj5957!19sChIJE-TssfTHVTcRAfo5QJWwgwg?authuser=0&hl=en&g_ep=EgoyMDI2MDkwMi4wIJJjKgBIAVAD&rclk=1,4.2,32,"H: 9/1, Lane: 18, Block: C, Mirpur : 10 1216, Mirpur 10, Dhaka",23.8092724,90.3752294
Rabbani Hotel & Restaurant,Restaurant,Mirpur 10,https://www.google.com/maps/place/Rabbani+Hotel+%26+Restaurant/data=!4m7!3m6!1s0x3755c0d5896ba8e9:0x927e0f4b4a8da084!8m2!3d23.8101639!4d90.3718166!16s%2Fg%2F11hczgqwbl!19sChIJ6ahridXAVTcRhKCNSksPfpI?authuser=0&hl=en&g_ep=EgoyMDI2MDkwMi4wIJJjKgBIAVAD&rclk=1,4.1,10.8K,"Plot# 55, Avenue# 1, Block# B Roundabout, Mirpur 10, Dhaka",23.8101639,90.3718166
Rabbani Hotel and Restaurant,Restaurant,Mirpur 10,https://www.google.com/maps/place/Rabbani+Hotel+and+Restaurant/data=!4m7!3m6!1s0x3755c126f6997cf3:0x9f32337673d76568!8m2!3d23.8057779!4d90.3692466!16s%2Fg%2F11lllx6mrm!19sChIJ83yZ9ibBVTcRaGXXc3YzMp8?authuser=0&hl=en&g_ep=EgoyMDI2MDkwMi4wIJJjKgBIAVAD&rclk=1,4,170,"Amena Estate, 232 Begum Rokeya Avenue, Mirpur 10, Dhaka",23.8057779,90.3692466
The Clays BD,Restaurant,Banani,https://www.google.com/maps/place/The+Clays+BD/data=!4m7!3m6!1s0x3755c7004da600cd:0x425e0fdc9d2ae74d!8m2!3d23.7913346!4d90.4015778!16s%2Fg%2F11msfltf13!19sChIJzQCmTQDHVTcRTecqndwPXkI?authuser=0&hl=en&g_ep=EgoyMDI2MDkwMi4wIJJjKgBIAVAD&rclk=1,4.5,99,"Banani, Dhaka",23.7913346,90.4015778
Soya,Restaurant,Mirpur 10,https://www.google.com/maps/place/Soya/data=!4m7!3m6!1s0x3755c1deceee9291:0xaae600ccf9d8b7ea!8m2!3d23.8101287!4d90.3662141!16s%2Fg%2F11sx51d5zb!19sChIJkZLuzt7BVTcR6rfY-cwA5qo?authuser=0&hl=en&g_ep=EgoyMDI2MDkwMi4wIJJjKgBIAVAD&rclk=1,4.3,1.2K,"House 1/2, Hyperion Krishnachura Heights, Avenue 5, Mirpur 10, Dhaka",23.8101287,90.3662141
Delicious Cuisine Mirpur 11,Restaurant,Mirpur 11,https://www.google.com/maps/place/Delicious+Cuisine+Mirpur+11/data=!4m7!3m6!1s0x3755c166c4cf7c2b:0x38c899746ecfeeac!8m2!3d23.8173618!4d90.3659635!16s%2Fg%2F11h5pt573n!19sChIJK3zPxGbBVTcRrO7PbnSZyDg?authuser=0&hl=en&g_ep=EgoyMDI2MDkwMi4wIJJjKgBIAVAD&rclk=1,4,891,"Block A, House 18, Main Road No. 3, Mirpur 11, Dhaka",23.8173618,90.3659635
Assurance Farm Cafe- Benaroshi Polli,Restaurant,Mirpur 10,https://www.google.com/maps/place/Assurance+Farm+Cafe-+Benaroshi+Polli/data=!4m7!3m6!1s0x3755c0d5fc07f4f7:0x42dc3503ad9fa5a7!8m2!3d23.8098168!4d90.3705014!16s%2Fg%2F11clvt_q3_!19sChIJ9_QH_NXAVTcRp6WfrQM13EI?authuser=0&hl=en&g_ep=EgoyMDI2MDkwMi4wIJJjKgBIAVAD&rclk=1,4,3.8K,"Mirpur 10, Dhaka",23.8098168,90.3705014
Piyang King Thai and Chinese Restaurant - Mirpur-10,Restaurant,Mirpur 10,https://www.google.com/maps/place/Piyang+King+Thai+and+Chinese+Restaurant+-+Mirpur-10/data=!4m7!3m6!1s0x3755c0d448acaaa5:0xefbc24561336a288!8m2!3d23.8065146!4d90.3720975!16s%2Fg%2F1pycdrxlg!19sChIJpaqsSNTAVTcRiKI2E1YkvO8?authuser=0&hl=en&g_ep=EgoyMDI2MDkwMi4wIJJjKgBIAVAD&rclk=1,3.8,400,"Plot 19 , Main Road, 1 Roundabout, Mirpur 10, Dhaka",23.8065146,90.3720975
Cornucopia,Restaurant,Mirpur 10,https://www.google.com/maps/place/Cornucopia/data=!4m7!3m6!1s0x3755c1ebb3bbcb8d:0x64238cdaa5c2aff4!8m2!3d23.8085258!4d90.3727885!16s%2Fg%2F11h_z6tg8f!19sChIJjcu7s-vBVTcR9K_CpdqMI2Q?authuser=0&hl=en&g_ep=EgoyMDI2MDkwMi4wIJJjKgBIAVAD&rclk=1,4.2,285,"House no. 6, Road 18, Block B Roundabout, Mirpur 10, Dhaka",23.8085258,90.3727885
Pizza Star - Mirpur 10,Restaurant,Mirpur 10,https://www.google.com/maps/place/Pizza+Star+-+Mirpur+10/data=!4m7!3m6!1s0x3755c103bf102111:0xf621e6e5a65a792!8m2!3d23.808595!4d90.3714269!16s%2Fg%2F11j79fqz3s!19sChIJESEQvwPBVTcRkqdlWm4eYg8?authuser=0&hl=en&g_ep=EgoyMDI2MDkwMi4wIJJjKgBIAVAD&rclk=1,4.4,108,"House 1, Lane No 10, Block B, 1216, Mirpur 10, Dhaka",23.808595,90.3714269
ঢাকাই খানা Dhakai Khana,Restaurant,Mirpur 10,https://www.google.com/maps/place/%E0%A6%A2%E0%A6%BE%E0%A6%95%E0%A6%BE%E0%A6%87+%E0%A6%96%E0%A6%BE%E0%A6%A8%E0%A6%BE+Dhakai+Khana/data=!4m7!3m6!1s0x3755c100347ec681:0x8fe77d7666b2b912!8m2!3d23.8083993!4d90.3733176!16s%2Fg%2F11w2c9qbxp!19sChIJgcZ-NADBVTcRErmyZnZ9548?authuser=0&hl=en&g_ep=EgoyMDI2MDkwMi4wIJJjKgBIAVAD&rclk=1,4.2,16,"Mirpur 10, Dhaka",23.8083993,90.3733176
"Four Seasons Restaurant, Mirpur-11",Restaurant,Mirpur 11,"https://www.google.com/maps/place/Four+Seasons+Restaurant,+Mirpur-11/data=!4m7!3m6!1s0x3755c1fb5f171bf5:0x459a6b5bf0b27028!8m2!3d23.8158875!4d90.3656778!16s%2Fg%2F11svh5nfp8!19sChIJ9RsXX_vBVTcRKHCy8FtrmkU?authuser=0&hl=en&g_ep=EgoyMDI2MDkwMi4wIJJjKgBIAVAD&rclk=1",4,80,"Mirpur 11, Dhaka",23.8158875,90.3656778
Burger Town - Mirpur,Restaurant,Mirpur 10,https://www.google.com/maps/place/Burger+Town+-+Mirpur/data=!4m7!3m6!1s0x3755c14f41bc82f9:0xce02b92eba5c838!8m2!3d23.8094215!4d90.3676907!16s%2Fg%2F11pbbk84tf!19sChIJ-YK8QU_BVTcROMil65Ir4Aw?authuser=0&hl=en&g_ep=EgoyMDI2MDkwMi4wIJJjKgBIAVAD&rclk=1,4.8,45,"House No. -2, Road No. – 4,Block – A, Section – 6 Mirpur -10, Kacci Bhai er Niche Mirpur Bangladesh, Mirpur 10, Dhaka",23.8094215,90.3676907
Darjeeling Momo Station Bangladesh Mirpur 10,Restaurant,Mirpur 10,https://www.google.com/maps/place/Darjeeling+Momo+Station+Bangladesh+Mirpur+10/data=!4m7!3m6!1s0x3755c1af0ed5bfed:0x78b1b0268a405569!8m2!3d23.8106551!4d90.3682378!16s%2Fg%2F11vf87cgmf!19sChIJ7b_VDq_BVTcRaVVAiiawsXg?authuser=0&hl=en&g_ep=EgoyMDI2MDkwMi4wIJJjKgBIAVAD&rclk=1,4,213,"Mirpur 10, Dhaka",23.8106551,90.3682378
Kathbadam Restaurant,Restaurant,Mirpur 10,https://www.google.com/maps/place/Kathbadam+Restaurant/data=!4m7!3m6!1s0x3755c0d9e8a311c1:0xca85a18f2d79707e!8m2!3d23.8059159!4d90.3652276!16s%2Fg%2F1q6jgr_mc!19sChIJwRGj6NnAVTcRfnB5LY-hhco?authuser=0&hl=en&g_ep=EgoyMDI2MDkwMi4wIJJjKgBIAVAD&rclk=1,3.7,1.1K,"Dasura Tower (2nd Floor), Mirpur Road, Mirpur 10, Dhaka",23.8059159,90.3652276
Kudos Mirpur,Restaurant,Mirpur 10,https://www.google.com/maps/place/Kudos+Mirpur/data=!4m7!3m6!1s0x3755c100b9068f65:0x1c3c82a01d30bbf1!8m2!3d23.8103867!4d90.3612617!16s%2Fg%2F11jlw_y1q2!19sChIJZY8GuQDBVTcR8bswHaCCPBw?authuser=0&hl=en&g_ep=EgoyMDI2MDkwMi4wIJJjKgBIAVAD&rclk=1,4.1,1.0K,"Block F, Shop No, 2 Road No. 5, Mirpur 10, Dhaka",23.8103867,90.3612617
Takeout Mirpur 11,Restaurant,Mirpur 11,https://www.google.com/maps/place/Takeout+Mirpur+11/data=!4m7!3m6!1s0x3755c1ba6ef23523:0xc100c3eb73432181!8m2!3d23.8180955!4d90.3652048!16s%2Fg%2F11ft8skr_g!19sChIJIzXybrrBVTcRgSFDc-vDAME?authuser=0&hl=en&g_ep=EgoyMDI2MDkwMi4wIJJjKgBIAVAD&rclk=1,4.2,1.1K,"Mirpur 11, Dhaka",23.8180955,90.3652048
Sky Moon Lounge & Rooftop,Restaurant,Mirpur 11,https://www.google.com/maps/place/Sky+Moon+Lounge+%26+Rooftop/data=!4m7!3m6!1s0x3755c51cb1cdd0f3:0x536b10329f7c528d!8m2!3d23.8182664!4d90.3658619!16s%2Fg%2F11m5zjt383!19sChIJ89DNsRzFVTcRjVJ8nzIQa1M?authuser=0&hl=en&g_ep=EgoyMDI2MDkwMi4wIJJjKgBIAVAD&rclk=1,3.8,147,"Mirpur 11, Dhaka",23.8182664,90.3658619
"Station by Chef's Table, Mirpur",Restaurant,Mirpur 11,"https://www.google.com/maps/place/Station+by+Chef%27s+Table,+Mirpur/data=!4m7!3m6!1s0x3755c141a2d657f9:0xe239d06547c96cf5!8m2!3d23.8146685!4d90.3662086!16s%2Fg%2F11z5pbflvv!19sChIJ-VfWokHBVTcR9WzJR2XQOeI?authuser=0&hl=en&g_ep=EgoyMDI2MDkwMi4wIJJjKgBIAVAD&rclk=1",3.3,62,"Mirpur 11, Dhaka",23.8146685,90.3662086
Metro Cuisine,Restaurant,Mirpur 11,https://www.google.com/maps/place/Metro+Cuisine/data=!4m7!3m6!1s0x3755c1f378a75f0d:0x33d5a12b6c41e004!8m2!3d23.8183795!4d90.3652304!16s%2Fg%2F11kbb0yydh!19sChIJDV-nePPBVTcRBOBBbCuh1TM?authuser=0&hl=en&g_ep=EgoyMDI2MDkwMi4wIJJjKgBIAVAD&rclk=1,3.6,225,"Mirpur 11, Dhaka",23.8183795,90.3652304
"Shawarma House, Mirpur 11.5",Restaurant,Mirpur 11,"https://www.google.com/maps/place/Shawarma+House,+Mirpur+11.5/data=!4m7!3m6!1s0x3755c13aed897487:0x5d185eee395f0d80!8m2!3d23.8245625!4d90.364075!16s%2Fg%2F11b6vf2hy_!19sChIJh3SJ7TrBVTcRgA1fOe5eGF0?authuser=0&hl=en&g_ep=EgoyMDI2MDkwMi4wIJJjKgBIAVAD&rclk=1",3.9,1.1K,"Mirpur 11, Dhaka",23.8245625,90.364075
Food Valley (Vooter Mela) Restaurant,Restaurant,Mirpur 11,https://www.google.com/maps/place/Food+Valley+%28Vooter+Mela%29+Restaurant/data=!4m7!3m6!1s0x3755c125478bcaaf:0x98059b4b12fc89e2!8m2!3d23.81817!4d90.365804!16s%2Fg%2F11c6_dgzz3!19sChIJr8qLRyXBVTcR4on8EkubBZg?authuser=0&hl=en&g_ep=EgoyMDI2MDkwMi4wIJJjKgBIAVAD&rclk=1,4,948,"Mirpur 11, Dhaka",23.81817,90.365804
The Buffet Stories - Mirpur,Restaurant,Mirpur 11,https://www.google.com/maps/place/The+Buffet+Stories+-+Mirpur/data=!4m7!3m6!1s0x3755c1e816065549:0x20269b79d8d48786!8m2!3d23.81807!4d90.3652585!16s%2Fg%2F11j1msh7gs!19sChIJSVUGFujBVTcRhofU2HmbJiA?authuser=0&hl=en&g_ep=EgoyMDI2MDkwMi4wIJJjKgBIAVAD&rclk=1,3.7,2.8K,"House 16/17, RM Centre, 7th Floor, Mirpur 11, Dhaka",23.81807,90.3652585
Galleria Restaurant and Cafe,Restaurant,Mirpur 11,https://www.google.com/maps/place/Galleria+Restaurant+and+Cafe/data=!4m7!3m6!1s0x3755c13ab1543e45:0x98ec151ff686567a!8m2!3d23.8229845!4d90.3645129!16s%2Fg%2F11f5030khh!19sChIJRT5UsTrBVTcRelaG9h8V7Jg?authuser=0&hl=en&g_ep=EgoyMDI2MDkwMi4wIJJjKgBIAVAD&rclk=1,4.1,845,"2nd Floor, City Club Market, Road No #01, Mirpur 11, Dhaka",23.8229845,90.3645129
Hungry Eyes 1 Mirpur- 11,Restaurant,Mirpur 11,https://www.google.com/maps/place/Hungry+Eyes+1+Mirpur-+11/data=!4m7!3m6!1s0x3755c128baa71f43:0x8ea3b69339544491!8m2!3d23.8157579!4d90.3653675!16s%2Fg%2F11ggw7r_3w!19sChIJQx-nuijBVTcRkURUOZO2o44?authuser=0&hl=en&g_ep=EgoyMDI2MDkwMi4wIJJjKgBIAVAD&rclk=1,4.5,1.2K,"Mirpur 11, Dhaka",23.8157579,90.3653675
Chilis Restaurant (Mirpur-12),Restaurant,Mirpur 12,https://www.google.com/maps/place/Chilis+Restaurant+%28Mirpur-12%29/data=!4m7!3m6!1s0x3755c14b4cabb4bd:0xc6d495da2f60ba5a!8m2!3d23.8296359!4d90.3635315!16s%2Fg%2F11r61c2pn3!19sChIJvbSrTEvBVTcRWrpgL9qV1MY?authuser=0&hl=en&g_ep=EgoyMDI2MDkwMi4wIJJjKgBIAVAD&rclk=1,4,643,"Road No.12, Mirpur 12, Dhaka",23.8296359,90.3635315
Herfy Mirpur 12,Restaurant,Mirpur 12,https://www.google.com/maps/place/Herfy+Mirpur+12/data=!4m7!3m6!1s0x3755c178a15b8be7:0x5bd5c458b7827aa!8m2!3d23.8295712!4d90.3635721!16s%2Fg%2F11yftcqmyl!19sChIJ54tboXjBVTcRqid4i0VcvQU?authuser=0&hl=en&g_ep=EgoyMDI2MDkwMi4wIJJjKgBIAVAD&rclk=1,4.5,103,"House-01, Haji Kujrat Ali Mollah Super Market, Mirpur 12, Dhaka",23.8295712,90.3635721
BiyeBari Restaurant - Mirpur 12,Restaurant,Mirpur 12,https://www.google.com/maps/place/BiyeBari+Restaurant+-+Mirpur+12/data=!4m7!3m6!1s0x3755c1558adeaf25:0x9d0c39df01e5a5d2!8m2!3d23.8294677!4d90.3636016!16s%2Fg%2F11tfw7ky6_!19sChIJJa_eilXBVTcR0qXlAd85DJ0?authuser=0&hl=en&g_ep=EgoyMDI2MDkwMi4wIJJjKgBIAVAD&rclk=1,3.9,272,"Mirpur 12, Dhaka",23.8294677,90.3636016
"Eldora Restaurant, Mirpur 12, Dhaka.",Restaurant,Mirpur 12,"https://www.google.com/maps/place/Eldora+Restaurant,+Mirpur+12,+Dhaka./data=!4m7!3m6!1s0x3755c1cf6776a94b:0xe43e43d4df70a85e!8m2!3d23.8271286!4d90.3644536!16s%2Fg%2F11n9pxjd0q!19sChIJS6l2Z8_BVTcRXqhw39RDPuQ?authuser=0&hl=en&g_ep=EgoyMDI2MDkwMi4wIJJjKgBIAVAD&rclk=1",4.1,9,"Mirpur 12, Dhaka",23.8271286,90.3644536
Sunset Beans - Mirpur 12,Restaurant,Mirpur 12,https://www.google.com/maps/place/Sunset+Beans+-+Mirpur+12/data=!4m7!3m6!1s0x3755c7007be635fb:0x289b2c8b6dd87218!8m2!3d23.8290688!4d90.3636274!16s%2Fg%2F11x394wzww!19sChIJ-zXmewDHVTcRGHLYbYssmyg?authuser=0&hl=en&g_ep=EgoyMDI2MDkwMi4wIJJjKgBIAVAD&rclk=1,3.1,164,"Sujat Nagar, Safura Trade City, 1, 142 Sena Nibas Road, Mirpur 12, Dhaka",23.8290688,90.3636274
Buffet Lounge Mirpur 12,Restaurant,Mirpur 12,https://www.google.com/maps/place/Buffet+Lounge+Mirpur+12/data=!4m7!3m6!1s0x3755c17ff7d9275b:0x23e7ee929f2bb58d!8m2!3d23.8289134!4d90.3637156!16s%2Fg%2F11vcn8wn1w!19sChIJWyfZ93_BVTcRjbUrn5Lu5yM?authuser=0&hl=en&g_ep=EgoyMDI2MDkwMi4wIJJjKgBIAVAD&rclk=1,3.7,1.5K,"Safura Tower City, 1, Sujat Nagar, 142 Sena Nibas Road, Mirpur 12, Dhaka",23.8289134,90.3637156
Chillox Mirpur 12,Restaurant,Mirpur 12,https://www.google.com/maps/place/Chillox+Mirpur+12/data=!4m7!3m6!1s0x3755c1c63926229b:0x89004beb3a1e754f!8m2!3d23.8299805!4d90.3636416!16s%2Fg%2F11svfg9yhz!19sChIJmyImOcbBVTcRT3UeOutLAIk?authuser=0&hl=en&g_ep=EgoyMDI2MDkwMi4wIJJjKgBIAVAD&rclk=1,3.9,557,"Mirpur 12, Dhaka",23.8299805,90.3636416
Crust and Beans Mirpur 12,Restaurant,Mirpur 12,https://www.google.com/maps/place/Crust+and+Beans+Mirpur+12/data=!4m7!3m6!1s0x3755c1e527ad6f49:0xdca66f7a3f978fc9!8m2!3d23.8272465!4d90.3644021!16s%2Fg%2F11ks0gb9tw!19sChIJSW-tJ-XBVTcRyY-XP3pvptw?authuser=0&hl=en&g_ep=EgoyMDI2MDkwMi4wIJJjKgBIAVAD&rclk=1,3.9,167,"Safura Tower, Road -7, Holding -45, Block-A, Mirpur, Mirpur 12, Dhaka",23.8272465,90.3644021
Melting Pot (Mirpur 12),Restaurant,Mirpur 12,https://www.google.com/maps/place/Melting+Pot+%28Mirpur+12%29/data=!4m7!3m6!1s0x3755c1b3214fbb57:0x25598e816513bbfe!8m2!3d23.8298349!4d90.3636471!16s%2Fg%2F11k585xdh0!19sChIJV7tPIbPBVTcR_rsTZYGOWSU?authuser=0&hl=en&g_ep=EgoyMDI2MDkwMi4wIJJjKgBIAVAD&rclk=1,4.2,403,"2 No Harunabad, Ramzannessa Super Market (1st floor Front Side, 142 Senanibash Road · Casual restaurant chain for fondue meals, Mirpur 12, Dhaka",23.8298349,90.3636471
Signature Food Court,Restaurant,Mirpur 12,https://www.google.com/maps/place/Signature+Food+Court/data=!4m7!3m6!1s0x3755c169a9ebf2af:0x4f375e1b94f726f8!8m2!3d23.8285588!4d90.3637387!16s%2Fg%2F11h4dxmh4n!19sChIJr_LrqWnBVTcR-Cb3lBteN08?authuser=0&hl=en&g_ep=EgoyMDI2MDkwMi4wIJJjKgBIAVAD&rclk=1,4,1.6K,"Mirpur 12, Dhaka",23.8285588,90.3637387
Food Engineering Pallabi,Restaurant,Mirpur 11,https://www.google.com/maps/place/Food+Engineering+Pallabi/data=!4m7!3m6!1s0x3755c1501143576b:0xb90da83c89c304ac!8m2!3d23.8272624!4d90.3644521!16s%2Fg%2F11l2f1ljdt!19sChIJa1dDEVDBVTcRrATDiTyoDbk?authuser=0&hl=en&g_ep=EgoyMDI2MDkwMi4wIJJjKgBIAVAD&rclk=1,4.3,165,"House#45 Rd No. 7, Mirpur 11, Dhaka",23.8272624,90.3644521
Cravito,Restaurant,Mirpur 12,https://www.google.com/maps/place/Cravito/data=!4m7!3m6!1s0x3755c1b152b1e0e7:0x654b1a407be88ed9!8m2!3d23.8285089!4d90.3706354!16s%2Fg%2F11zb8r0q8k!19sChIJ5-CxUrHBVTcR2Y7oe0AaS2U?authuser=0&hl=en&g_ep=EgoyMDI2MDkwMi4wIJJjKgBIAVAD&rclk=1,5,30,"Block D, House 25 Road 29, Mirpur 12, Dhaka",23.8285089,90.3706354
Khana's Mirpur 12,Restaurant,Mirpur 12,https://www.google.com/maps/place/Khana%27s+Mirpur+12/data=!4m7!3m6!1s0x3755c14800697b57:0x73ec1c05542687a!8m2!3d23.8272653!4d90.3643781!16s%2Fg%2F11thp415q7!19sChIJV3tpAEjBVTcRemhCVcDBPgc?authuser=0&hl=en&g_ep=EgoyMDI2MDkwMi4wIJJjKgBIAVAD&rclk=1,4,540,"Mirpur 12, Dhaka",23.8272653,90.3643781
Al Baraka Hotel & Restaurant (Unit 2),Restaurant,Mirpur 12,https://www.google.com/maps/place/Al+Baraka+Hotel+%26+Restaurant+%28Unit+2%29/data=!4m7!3m6!1s0x3755c12ac4735813:0x73d3562c2215d54a!8m2!3d23.8281583!4d90.3638135!16s%2Fg%2F11snmq8svp!19sChIJE1hzxCrBVTcRStUVIixW03M?authuser=0&hl=en&g_ep=EgoyMDI2MDkwMi4wIJJjKgBIAVAD&rclk=1,4,565,"Mirpur 12, Dhaka",23.8281583,90.3638135
Arabian,Restaurant,Mirpur 12,https://www.google.com/maps/place/Arabian/data=!4m7!3m6!1s0x3755c156e67910b3:0x74d27206bbed1e81!8m2!3d23.8272231!4d90.3643922!16s%2Fg%2F11vbrwqwgf!19sChIJsxB55lbBVTcRgR7tuwZy0nQ?authuser=0&hl=en&g_ep=EgoyMDI2MDkwMi4wIJJjKgBIAVAD&rclk=1,3.9,168,"Mirpur 12, Dhaka",23.8272231,90.3643922
Mirpur-12,Restaurant,Mirpur 12,https://www.google.com/maps/place/Mirpur-12/data=!4m7!3m6!1s0x3755c10070ca0757:0x85912ceed9265ce!8m2!3d23.8282463!4d90.3637609!16s%2Fg%2F11xh8q4xbh!19sChIJVwfKcADBVTcRzmWS7c4SWQg?authuser=0&hl=en&g_ep=EgoyMDI2MDkwMi4wIJJjKgBIAVAD&rclk=1,4.5,21,"12 Mirpur Rd, Mirpur 12, Dhaka",23.8282463,90.3637609
Banolata Coffee Shop and Restaurant,Restaurant,Mirpur 12,https://www.google.com/maps/place/Banolata+Coffee+Shop+and+Restaurant/data=!4m7!3m6!1s0x3755c13aec680941:0x3a99c12f4c444057!8m2!3d23.8242999!4d90.3640589!16s%2Fg%2F11clwfxhjz!19sChIJQQlo7DrBVTcRV0BETC_BmTo?authuser=0&hl=en&g_ep=EgoyMDI2MDkwMi4wIJJjKgBIAVAD&rclk=1,4.1,1.1K,"Mirpur 12, Dhaka",23.8242999,90.3640589
Bismillah Biriyani House,Restaurant,Mirpur 12,https://www.google.com/maps/place/Bismillah+Biriyani+House/data=!4m7!3m6!1s0x3755c168eb71fa07:0xcbfdadd7958118f7!8m2!3d23.8289452!4d90.367935!16s%2Fg%2F11qggb0sh0!19sChIJB_px62jBVTcR9xiBldet_cs?authuser=0&hl=en&g_ep=EgoyMDI2MDkwMi4wIJJjKgBIAVAD&rclk=1,4.2,415,"R9H9+H5F, Road No. 1, Mirpur 12, Dhaka",23.8289452,90.367935
Grand Prince Chinese & Convention Hall,Restaurant,Mirpur 12,https://www.google.com/maps/place/Grand+Prince+Chinese+%26+Convention+Hall/data=!4m7!3m6!1s0x3755c1df7a24b943:0x1f5aa537b4c62f3!8m2!3d23.8287686!4d90.3637173!16s%2Fg%2F11gjxtj795!19sChIJQ7kket_BVTcR82JMe1Oq9QE?authuser=0&hl=en&g_ep=EgoyMDI2MDkwMi4wIJJjKgBIAVAD&rclk=1,4.1,1.9K,"Mirpur 12, Dhaka",23.8287686,90.3637173
Abesh Hotel and Restaurant (Branch- 02),Restaurant,Mirpur 12,https://www.google.com/maps/place/Abesh+Hotel+and+Restaurant+%28Branch-+02%29/data=!4m7!3m6!1s0x3755c17561522fb1:0x434fb33e00d55cea!8m2!3d23.828986!4d90.3643265!16s%2Fg%2F11vd8wzqjp!19sChIJsS9SYXXBVTcR6lzVAD6zT0M?authuser=0&hl=en&g_ep=EgoyMDI2MDkwMi4wIJJjKgBIAVAD&rclk=1,4,1.5K,"Mirpur 12, Dhaka",23.828986,90.3643265
Xinxian Restaurant | Mirpur-10,Restaurant,Mirpur 10,https://www.google.com/maps/place/Xinxian+Restaurant+%7C+Mirpur-10/data=!4m7!3m6!1s0x3755c100c1326271:0x1cc1b788469ff935!8m2!3d23.812559!4d90.3668544!16s%2Fg%2F1tf6q4b9!19sChIJcWIywQDBVTcRNfmfRoi3wRw?authuser=0&hl=en&g_ep=EgoyMDI2MDkwMi4wIJJjKgBIAVAD&rclk=1,4,3.5K,"Plot-11 Road No. 8, Mirpur 10, Dhaka",23.812559,90.3668544
Sushiology,Restaurant,Mirpur 1,https://www.google.com/maps/place/Sushiology/data=!4m7!3m6!1s0x3755c100594d9be5:0x60dcc41ccb19b0fd!8m2!3d23.8038496!4d90.3553878!16s%2Fg%2F11yvqyt1j2!19sChIJ5ZtNWQDBVTcR_bAZyxzE3GA?authuser=0&hl=en&g_ep=EgoyMDI2MDkwMi4wIJJjKgBIAVAD&rclk=1,4.4,69,"Section 2, House 26, Road Avenue 1, Block A, Mirpur 1, Dhaka",23.8038496,90.3553878
Domino's Pizza Mirpur 12,Restaurant,Mirpur 12,https://www.google.com/maps/place/Domino%27s+Pizza+Mirpur+12/data=!4m7!3m6!1s0x3755c10fad63dfc5:0x3bb30d7639bf89db!8m2!3d23.827288!4d90.3643934!16s%2Fg%2F11pb3m6fmr!19sChIJxd9jrQ_BVTcR24m_OXYNszs?authuser=0&hl=en&g_ep=EgoyMDI2MDkwMi4wIJJjKgBIAVAD&rclk=1,3.9,938,"Mirpur 12, Dhaka",23.827288,90.3643934
Yum Cha District,Restaurant,Dhanmondi,https://www.google.com/maps/place/Yum+Cha+District/data=!4m7!3m6!1s0x3755b9eb4d364957:0x788455bc07f83ddf!8m2!3d23.7454063!4d90.3715008!16s%2Fg%2F11h1yqhwcl!19sChIJV0k2Teu5VTcR3z34B7xVhHg?authuser=0&hl=en&g_ep=EgoyMDI2MDkwMi4wIJJjKgBIAVAD&rclk=1,4.4,4.4K,"Level 5, Hs 42 & 43, 9/A Satmasjid Road · Low-key choice for Asian fusion food, Dhanmondi, Dhaka",23.7454063,90.3715008
Zing Restaurant,Restaurant,Dhanmondi,https://www.google.com/maps/place/Zing+Restaurant/data=!4m7!3m6!1s0x3755bf0a6cdb106f:0x2d3ee5146f561cf7!8m2!3d23.7475403!4d90.3699268!16s%2Fg%2F11vt8xtf6y!19sChIJbxDbbAq_VTcR9xxWbxTlPi0?authuser=0&hl=en&g_ep=EgoyMDI2MDkwMi4wIJJjKgBIAVAD&rclk=1,4.5,111,"Green Rowshanara Tower, 755 Satmasjid Road, Dhanmondi, Dhaka",23.7475403,90.3699268
NOSH Dhanmondi,Restaurant,Dhanmondi,https://www.google.com/maps/place/NOSH+Dhanmondi/data=!4m7!3m6!1s0x3755b900598da20d:0xb4689440f945ea34!8m2!3d23.7392189!4d90.3787859!16s%2Fg%2F11yjmclz_9!19sChIJDaKNWQC5VTcRNOpF-UCUaLQ?authuser=0&hl=en&g_ep=EgoyMDI2MDkwMi4wIJJjKgBIAVAD&rclk=1,4.4,334,"House# 32/A, Road# 2, Dhanmondi, Dhaka",23.7392189,90.3787859
HASH,Restaurant,Dhanmondi,https://www.google.com/maps/place/HASH/data=!4m7!3m6!1s0x3755b9004b82413b:0x57af72539549e4c0!8m2!3d23.7389525!4d90.3786835!16s%2Fg%2F11wfy7mb29!19sChIJO0GCSwC5VTcRwORJlVNyr1c?authuser=0&hl=en&g_ep=EgoyMDI2MDkwMi4wIJJjKgBIAVAD&rclk=1,4.4,332,"LEVEL - 10 (A), PLOT - 32, RANGS FORTUNE SQUARE, ROAD - 02 Road No 6, Dhanmondi, Dhaka",23.7389525,90.3786835
Ginza Dhanmondi,Restaurant,Dhanmondi,https://www.google.com/maps/place/Ginza+Dhanmondi/data=!4m7!3m6!1s0x3755bf061b5ae349:0x3d4e060069737323!8m2!3d23.7482218!4d90.3697298!16s%2Fg%2F11svttmk1d!19sChIJSeNaGwa_VTcRI3NzaQAGTj0?authuser=0&hl=en&g_ep=EgoyMDI2MDkwMi4wIJJjKgBIAVAD&rclk=1,4.4,541,"Level 6, 58 Satmasjid Road, Dhanmondi, Dhaka",23.7482218,90.3697298
The Forest Lounge,Restaurant,Dhanmondi,https://www.google.com/maps/place/The+Forest+Lounge/data=!4m7!3m6!1s0x3755bfac2d1600cf:0x6482df743b58215d!8m2!3d23.7461225!4d90.3717017!16s%2Fg%2F11n_s3fmcp!19sChIJzwAWLay_VTcRXSFYO3TfgmQ?authuser=0&hl=en&g_ep=EgoyMDI2MDkwMi4wIJJjKgBIAVAD&rclk=1,4.1,2.8K,"House 54, Road 10/A, Satmasjid Road, Dhanmondi, Dhaka",23.7461225,90.3717017
"Pinewood: Cafe + Kitchen Dhanmondi, Road-6",Restaurant,Dhanmondi,"https://www.google.com/maps/place/Pinewood:+Cafe+%2B+Kitchen+Dhanmondi,+Road-6/data=!4m7!3m6!1s0x3755b975f4654c39:0xf80202353097bc6a!8m2!3d23.7442939!4d90.3841138!16s%2Fg%2F11n15sz_yv!19sChIJOUxl9HW5VTcRaryXMDUCAvg?authuser=0&hl=en&g_ep=EgoyMDI2MDkwMi4wIJJjKgBIAVAD&rclk=1",4.3,3.5K,"4 Road No 6, Dhanmondi, Dhaka",23.7442939,90.3841138
Grand Lounge Restaurant,Restaurant,Dhanmondi,https://www.google.com/maps/place/Grand+Lounge+Restaurant/data=!4m7!3m6!1s0x3755bf0023c3c801:0x6b1715723d47da15!8m2!3d23.7461679!4d90.3716859!16s%2Fg%2F11vwwht9b4!19sChIJAcjDIwC_VTcRFdpHPXIVF2s?authuser=0&hl=en&g_ep=EgoyMDI2MDkwMi4wIJJjKgBIAVAD&rclk=1,4.2,691,"House # 54, Road # 10/A, Satmasjid Road, Dhanmondi, Dhaka",23.7461679,90.3716859
Zolio,Restaurant,Dhanmondi,https://www.google.com/maps/place/Zolio/data=!4m7!3m6!1s0x3755b9004d767bf7:0x53e4549a9e1c70d9!8m2!3d23.7405489!4d90.3751457!16s%2Fg%2F11yqccy2kt!19sChIJ93t2TQC5VTcR2XAcnppU5FM?authuser=0&hl=en&g_ep=EgoyMDI2MDkwMi4wIJJjKgBIAVAD&rclk=1,4.3,159,"Suvastu Rialto Tower Plot 53/1,Road 4/A, Satmasjid Road, Dhanmondi, Dhaka",23.7405489,90.3751457
Ambrosia Infinity Lounge,Restaurant,Dhanmondi,https://www.google.com/maps/place/Ambrosia+Infinity+Lounge/data=!4m7!3m6!1s0x3755bf2568c8b96b:0xbf80c86be7174467!8m2!3d23.7460889!4d90.3715872!16s%2Fg%2F11l681b49_!19sChIJa7nIaCW_VTcRZ0QX52vIgL8?authuser=0&hl=en&g_ep=EgoyMDI2MDkwMi4wIJJjKgBIAVAD&rclk=1,4.3,2.1K,"10th Floor), House #54, Imperial Amin Ahmed Centre, 10/A Satmasjid Road, Dhanmondi, Dhaka",23.7460889,90.3715872
Garlic 'n Ginger - Dhanmondi,Restaurant,Dhanmondi,https://www.google.com/maps/place/Garlic+%27n+Ginger+-+Dhanmondi/data=!4m7!3m6!1s0x3755bf4a08abd233:0xeff4d998a5173ae5!8m2!3d23.7462631!4d90.3715836!16s%2Fg%2F11g0h331v5!19sChIJM9KrCEq_VTcR5ToXpZjZ9O8?authuser=0&hl=en&g_ep=EgoyMDI2MDkwMi4wIJJjKgBIAVAD&rclk=1,4.2,2.8K,"7th floor, House: 54, 10/A Satmasjid Road, Dhanmondi, Dhaka",23.7462631,90.3715836
Pinewood Cafe n' Restaurant,Restaurant,Dhanmondi,https://www.google.com/maps/place/Pinewood+Cafe+n%27+Restaurant/data=!4m7!3m6!1s0x3755b8ad383924c9:0x80f76abbc0238789!8m2!3d23.7547419!4d90.372793!16s%2Fg%2F11cn9r7f2d!19sChIJySQ5OK24VTcRiYcjwLtq94A?authuser=0&hl=en&g_ep=EgoyMDI2MDkwMi4wIJJjKgBIAVAD&rclk=1,4.2,4.5K,"House #352/A, Road No. 16, Dhanmondi, Dhaka",23.7547419,90.372793
Zen,Restaurant,Dhanmondi,https://www.google.com/maps/place/Zen/data=!4m7!3m6!1s0x3755b9516dc36407:0xd9cafdd1109a5b00!8m2!3d23.738899!4d90.378856!16s%2Fg%2F11vcvfhhc8!19sChIJB2TDbVG5VTcRAFuaENH9ytk?authuser=0&hl=en&g_ep=EgoyMDI2MDkwMi4wIJJjKgBIAVAD&rclk=1,4.3,1.0K,"3rd floor, Rangs Fortune Square, Plot 32 Road No. 2, Dhanmondi, Dhaka",23.738899,90.378856
Ozz Cafe,Restaurant,Dhanmondi,https://www.google.com/maps/place/Ozz+Cafe/data=!4m7!3m6!1s0x3755bf50215d2885:0x73b4574a678e2e65!8m2!3d23.7515687!4d90.3666725!16s%2Fg%2F11c5t2yjtg!19sChIJhShdIVC_VTcRZS6OZ0pXtHM?authuser=0&hl=en&g_ep=EgoyMDI2MDkwMi4wIJJjKgBIAVAD&rclk=1,4.4,8.3K,"Bangladesh Eye Hospital, House-133, Road-9/A, New Captain Road Er pichone, Dhanmondi, Dhaka",23.7515687,90.3666725
Roadside Kitchen Dhanmondi,Restaurant,Dhanmondi,https://www.google.com/maps/place/Roadside+Kitchen+Dhanmondi/data=!4m7!3m6!1s0x3755bf71dcc4f8c3:0x10552d915d714666!8m2!3d23.7535035!4d90.3693586!16s%2Fg%2F11q84l5289!19sChIJw_jE3HG_VTcRZkZxXZEtVRA?authuser=0&hl=en&g_ep=EgoyMDI2MDkwMi4wIJJjKgBIAVAD&rclk=1,4.4,1.2K,"Road No. 27, Location: 1, 3 Block#D, Dhanmondi, Dhaka",23.7535035,90.3693586
Adda Multi Cuisine Restaurant,Restaurant,Dhanmondi,https://www.google.com/maps/place/Adda+Multi+Cuisine+Restaurant/data=!4m7!3m6!1s0x3755b8b707dbe5c9:0x86b86f9f0817e879!8m2!3d23.7417534!4d90.3824807!16s%2Fg%2F11b_1mq710!19sChIJyeXbB7e4VTcReegXCJ9vuIY?authuser=0&hl=en&g_ep=EgoyMDI2MDkwMi4wIJJjKgBIAVAD&rclk=1,4,3.0K,"House#8,Road#4 · Laid-back restaurant for diverse fare, Dhanmondi, Dhaka",23.7417534,90.3824807
Steakout Dhanmondi,Restaurant,Dhanmondi,https://www.google.com/maps/place/Steakout+Dhanmondi/data=!4m7!3m6!1s0x3755b90037c87ca3:0x2954f2d852e81bcf!8m2!3d23.7394491!4d90.3757379!16s%2Fg%2F11wps3979w!19sChIJo3zINwC5VTcRzxvoUtjyVCk?authuser=0&hl=en&g_ep=EgoyMDI2MDkwMi4wIJJjKgBIAVAD&rclk=1,4.2,438,"House#53, Block-C, Level#5, Bus Stand, ANZ square, Satmasjid Road, Dhanmondi, Dhaka",23.7394491,90.3757379
Deck 13,Restaurant,Dhanmondi,https://www.google.com/maps/place/Deck+13/data=!4m7!3m6!1s0x3755bf4e394877d1:0x8cf9bb90e107da2f!8m2!3d23.7497222!4d90.3686111!16s%2Fg%2F11c60cwkp7!19sChIJ0XdIOU6_VTcRL9oH4ZC7-Yw?authuser=0&hl=en&g_ep=EgoyMDI2MDkwMi4wIJJjKgBIAVAD&rclk=1,4.2,1.5K,"Navana GH Heights, House 67 Satmasjid Road, Dhanmondi, Dhaka",23.7497222,90.3686111
Chakhwi Restaurant,Restaurant,Dhanmondi,https://www.google.com/maps/place/Chakhwi+Restaurant/data=!4m7!3m6!1s0x3755b90045085cd3:0xe643df5e9c2441e9!8m2!3d23.7509831!4d90.3777979!16s%2Fg%2F11ym880_1k!19sChIJ01wIRQC5VTcR6UEknF7fQ-Y?authuser=0&hl=en&g_ep=EgoyMDI2MDkwMi4wIJJjKgBIAVAD&rclk=1,4.9,10,"Dhanmondi, Dhaka",23.7509831,90.3777979
Travel East Dhanmondi,Restaurant,Dhanmondi,https://www.google.com/maps/place/Travel+East+Dhanmondi/data=!4m7!3m6!1s0x3755bf2bae6def4f:0x88962fd9e61d102d!8m2!3d23.7512527!4d90.3676549!16s%2Fg%2F11l30q39h4!19sChIJT-9triu_VTcRLRAd5tkvlog?authuser=0&hl=en&g_ep=EgoyMDI2MDkwMi4wIJJjKgBIAVAD&rclk=1,4.1,467,"Concord MK Heritage, 776 Satmasjid Road, Dhanmondi, Dhaka",23.7512527,90.3676549
Dim Sum Town Dhanmondi,Restaurant,Dhanmondi,https://www.google.com/maps/place/Dim+Sum+Town+Dhanmondi/data=!4m7!3m6!1s0x3755b9780ebe876b:0x17f2ad362c30aa3d!8m2!3d23.7384381!4d90.3780727!16s%2Fg%2F11l5vyl_gy!19sChIJa4e-Dni5VTcRPaowLDat8hc?authuser=0&hl=en&g_ep=EgoyMDI2MDkwMi4wIJJjKgBIAVAD&rclk=1,4.3,977,"Level 5, Ahmad & Kazi Tower, House 35 2, Dhanmondi, Dhaka",23.7384381,90.3780727
Boomers Café,Restaurant,Dhanmondi,https://www.google.com/maps/place/Boomers+Caf%C3%A9/data=!4m7!3m6!1s0x3755bf4b25dbb43f:0x822770a41bb3841e!8m2!3d23.7425087!4d90.3742292!16s%2Fg%2F1hjhdsxpx!19sChIJP7TbJUu_VTcRHoSzG6RwJ4I?authuser=0&hl=en&g_ep=EgoyMDI2MDkwMi4wIJJjKgBIAVAD&rclk=1,4.1,3.5K,"Anam Rangs Plaza, (3rd Floor House No:61, Rd No:6/A, Dhanmondi, Dhaka",23.7425087,90.3742292
YENZO,Restaurant,Dhanmondi,https://www.google.com/maps/place/YENZO/data=!4m7!3m6!1s0x3755bf0042bd2bc7:0x77981cb20d8f2005!8m2!3d23.75125!4d90.3676667!16s%2Fg%2F11y99mk_by!19sChIJxyu9QgC_VTcRBSCPDbIcmHc?authuser=0&hl=en&g_ep=EgoyMDI2MDkwMi4wIJJjKgBIAVAD&rclk=1,4.1,230,"5th Floor, 776 (New Satmasjid Road, Dhanmondi, Dhaka",23.75125,90.3676667
Alfresco Dhanmondi,Restaurant,Dhanmondi,https://www.google.com/maps/place/Alfresco+Dhanmondi/data=!4m7!3m6!1s0x3755bf518e268fb7:0xa6d634da9843279b!8m2!3d23.7530041!4d90.3694449!16s%2Fg%2F11cr_wz6zj!19sChIJt48mjlG_VTcRmydDmNo01qY?authuser=0&hl=en&g_ep=EgoyMDI2MDkwMi4wIJJjKgBIAVAD&rclk=1,4.1,3.0K,"Rangs Nasim Square, H.No 275/D (Old), 46 kha (new), 2nd Floor, Road No. 16, Dhanmondi, Dhaka",23.7530041,90.3694449
Tree House Dhanmondi,Restaurant,Dhanmondi,https://www.google.com/maps/place/Tree+House+Dhanmondi/data=!4m7!3m6!1s0x3755b9a78d5d075d:0xc32027b256be2017!8m2!3d23.738899!4d90.378856!16s%2Fg%2F11sgl1cp9g!19sChIJXQddjae5VTcRFyC-VrInIMM?authuser=0&hl=en&g_ep=EgoyMDI2MDkwMi4wIJJjKgBIAVAD&rclk=1,4.2,343,"11th Floor, Rangs Fortune Square, Plot 32 Road No. 2, Dhanmondi, Dhaka",23.738899,90.378856
Lake Town Restaurant,Restaurant,Dhanmondi,https://www.google.com/maps/place/Lake+Town+Restaurant/data=!4m7!3m6!1s0x3755b9dd3688f671:0xb4aff009d8ac4565!8m2!3d23.7465466!4d90.3776362!16s%2Fg%2F11rn4lcwb4!19sChIJcfaINt25VTcRZUWs2Anwr7Q?authuser=0&hl=en&g_ep=EgoyMDI2MDkwMi4wIJJjKgBIAVAD&rclk=1,4.1,719,"dingi, ধানমণ্ডি ৮নং ব্রিজ, Road: 12/A, just after, Dhanmondi, Dhaka",23.7465466,90.3776362
Izakaya,Restaurant,Dhanmondi,https://www.google.com/maps/place/Izakaya/data=!4m7!3m6!1s0x3755bf1bbb2e61b5:0x77ebc5865b4d7310!8m2!3d23.7475403!4d90.3699268!16s%2Fg%2F11f7pc9dsf!19sChIJtWEuuxu_VTcREHNNW4bF63c?authuser=0&hl=en&g_ep=EgoyMDI2MDkwMi4wIJJjKgBIAVAD&rclk=1,4.4,2.2K,"Level – 9, Green Rawshanara Tower, 755 Satmasjid Road, Dhanmondi, Dhaka",23.7475403,90.3699268
Four Seasons Restaurant,Restaurant,Dhanmondi,https://www.google.com/maps/place/Four+Seasons+Restaurant/data=!4m7!3m6!1s0x3755bf51d17f43f7:0xea58246ff2bee9c!8m2!3d23.7514996!4d90.3680918!16s%2Fg%2F1ths_tln!19sChIJ90N_0VG_VTcRnO4r_0aCpQ4?authuser=0&hl=en&g_ep=EgoyMDI2MDkwMi4wIJJjKgBIAVAD&rclk=1,4.1,4.4K,"new, 27, House No. 59 A, Road No. 16, Old Satmasjid Road, Dhanmondi, Dhaka",23.7514996,90.3680918
Rooftop Soi3,Restaurant,Dhanmondi,https://www.google.com/maps/place/Rooftop+Soi3/data=!4m7!3m6!1s0x3755bfb031edbf11:0x4b284347cdec5cfe!8m2!3d23.7466875!4d90.3706241!16s%2Fg%2F11spwbmvxd!19sChIJEb_tMbC_VTcR_lzszUdDKEs?authuser=0&hl=en&g_ep=EgoyMDI2MDkwMi4wIJJjKgBIAVAD&rclk=1,4.1,654,"Green City Square, 750 Satmasjid Road, Dhanmondi, Dhaka",23.7466875,90.3706241
Chillox Dhanmondi,Restaurant,Dhanmondi,https://www.google.com/maps/place/Chillox+Dhanmondi/data=!4m7!3m6!1s0x3755b8caa7eca729:0x6db329263b9d0b51!8m2!3d23.7401093!4d90.3748411!16s%2Fg%2F11g8nz4cgg!19sChIJKafsp8q4VTcRUQudOyYps20?authuser=0&hl=en&g_ep=EgoyMDI2MDkwMi4wIJJjKgBIAVAD&rclk=1,4.3,9.4K,"Level 2, AMM Center, Road 3A 1209 (Near Jigatola Bus Stand, Beside Japan Friendship Hospital) 1209, Dhanmondi, Dhaka",23.7401093,90.3748411
Pizzaburg Dhanmondi,Restaurant,Dhanmondi,https://www.google.com/maps/place/Pizzaburg+Dhanmondi/data=!4m7!3m6!1s0x3755bf74980f5567:0xa8f94209a249848d!8m2!3d23.7474018!4d90.3703192!16s%2Fg%2F11k1jqgqcc!19sChIJZ1UPmHS_VTcRjYRJoglC-ag?authuser=0&hl=en&g_ep=EgoyMDI2MDkwMi4wIJJjKgBIAVAD&rclk=1,4.8,15.0K,"754 Satmasjid Road, Dhanmondi, Dhaka",23.7474018,90.3703192
Cafe São Paulo Dhanmondi 27,Restaurant,Dhanmondi,https://www.google.com/maps/place/Cafe+S%C3%A3o+Paulo+Dhanmondi+27/data=!4m7!3m6!1s0x3755bfc8fb126001:0x804b55dc5a2d4406!8m2!3d23.755663!4d90.3742405!16s%2Fg%2F11pkkpnkl9!19sChIJAWAS-8i_VTcRBkQtWtxVS4A?authuser=0&hl=en&g_ep=EgoyMDI2MDkwMi4wIJJjKgBIAVAD&rclk=1,4.3,692,"27 (old), (16 New, Rancon, 390 B Road, Dhanmondi, Dhaka",23.755663,90.3742405
The Lone Star Steakhouse Dhanmondi,Restaurant,Dhanmondi,https://www.google.com/maps/place/The+Lone+Star+Steakhouse+Dhanmondi/data=!4m7!3m6!1s0x3755bfd8e068e993:0xce7bf84f2ccaad06!8m2!3d23.7467311!4d90.3713308!16s%2Fg%2F11ppdcnw5s!19sChIJk-lo4Ni_VTcRBq3KLE_4e84?authuser=0&hl=en&g_ep=EgoyMDI2MDkwMi4wIJJjKgBIAVAD&rclk=1,4.2,1.2K,"2nd Floor, House No 99, Road No 11/A, Satmasjid Road, Dhanmondi, Dhaka",23.7467311,90.3713308
Royal Buffet ~ Dhanmondi,Restaurant,Dhanmondi,https://www.google.com/maps/place/Royal+Buffet+~+Dhanmondi/data=!4m7!3m6!1s0x3755b8b708022433:0x80329178fba5d475!8m2!3d23.7420333!4d90.3825148!16s%2Fg%2F11bxjsdkyw!19sChIJMyQCCLe4VTcRddSl-3iRMoA?authuser=0&hl=en&g_ep=EgoyMDI2MDkwMi4wIJJjKgBIAVAD&rclk=1,3.9,2.4K,"House#8/A, Road#4, Royal Palaza (5th Floor), Mirpur Rd, Dhanmondi, Dhaka",23.7420333,90.3825148
Khao San - Dhanmondi,Restaurant,Dhanmondi,https://www.google.com/maps/place/Khao+San+-+Dhanmondi/data=!4m7!3m6!1s0x3755b95781389031:0x8f10083dc740c908!8m2!3d23.7382796!4d90.37821!16s%2Fg%2F11kb96p144!19sChIJMZA4gVe5VTcRCMlAxz0IEI8?authuser=0&hl=en&g_ep=EgoyMDI2MDkwMi4wIJJjKgBIAVAD&rclk=1,4.2,927,"Level 5, Ahmad & Kazi Tower, House 35 2, Dhanmondi, Dhaka",23.7382796,90.37821
Uthan Cafe n Restaurant,Restaurant,Dhanmondi,https://www.google.com/maps/place/Uthan+Cafe+n+Restaurant/data=!4m7!3m6!1s0x3755b8ad46468f15:0x6c44b9834ed99064!8m2!3d23.7453425!4d90.3749646!16s%2Fg%2F11g6xbsx7l!19sChIJFY9GRq24VTcRZJDZToO5RGw?authuser=0&hl=en&g_ep=EgoyMDI2MDkwMi4wIJJjKgBIAVAD&rclk=1,4,782,"House- 65, Ground Floor, Rd No. 8A, Dhanmondi, Dhaka",23.7453425,90.3749646
Shang High Dhanmondi,Restaurant,Dhanmondi,https://www.google.com/maps/place/Shang+High+Dhanmondi/data=!4m7!3m6!1s0x3755b909043ecf5f:0xc98a12cc639e669d!8m2!3d23.7404843!4d90.3751577!16s%2Fg%2F11xsvk2jnz!19sChIJX88-BAm5VTcRnWaeY8wSisk?authuser=0&hl=en&g_ep=EgoyMDI2MDkwMi4wIJJjKgBIAVAD&rclk=1,4.2,474,"Level 3, Suvastu Rialto Tower, 53/1 Sat Masjid Road, Road No. 4A, Dhanmondi, Dhaka",23.7404843,90.3751577
Xinxian Restaurant,Restaurant,Dhanmondi,https://www.google.com/maps/place/Xinxian+Restaurant/data=!4m7!3m6!1s0x3755b8b169603469:0xbe64ea815aaeecf4!8m2!3d23.7456098!4d90.3843484!16s%2Fg%2F1tf5zn92!19sChIJaTRgabG4VTcR9OyuWoHqZL4?authuser=0&hl=en&g_ep=EgoyMDI2MDkwMi4wIJJjKgBIAVAD&rclk=1,4.1,4.7K,"House no. 7, Road no. 8, Dhanmondi, Dhaka",23.7456098,90.3843484
Secret Recipe Dhanmondi Flagship,Restaurant,Dhanmondi,https://www.google.com/maps/place/Secret+Recipe+Dhanmondi+Flagship/data=!4m7!3m6!1s0x3755bf4c6e9c6c5f:0xc9cce84fbb10fddf!8m2!3d23.746107!4d90.3716482!16s%2Fg%2F11f1n6h0jf!19sChIJX2ycbky_VTcR3_0Qu0_ozMk?authuser=0&hl=en&g_ep=EgoyMDI2MDkwMi4wIJJjKgBIAVAD&rclk=1,4.1,4.0K,"181/1 (old), 54 (new), Road no. 20 (old 10/A (new), Ground Floor, Dhanmondi, Dhaka",23.746107,90.3716482
Chilis Dhanmondi,Restaurant,Dhanmondi,https://www.google.com/maps/place/Chilis+Dhanmondi/data=!4m7!3m6!1s0x3755b8ad9ebbccb5:0x394c5046b177a91b!8m2!3d23.7520523!4d90.3774185!16s%2Fg%2F1thw0jgt!19sChIJtcy7nq24VTcRG6l3sUZQTDk?authuser=0&hl=en&g_ep=EgoyMDI2MDkwMi4wIJJjKgBIAVAD&rclk=1,4,2.3K,"House no. 2, Road, 32 Mirpur Rd · Lively chain for Tex-Mex & American eats, Dhanmondi, Dhaka",23.7520523,90.3774185
Orabi restaurant Dhanmondi,Restaurant,Dhanmondi,https://www.google.com/maps/place/Orabi+restaurant+Dhanmondi/data=!4m7!3m6!1s0x3755bff0da3944e3:0xc22f87d1e819152f!8m2!3d23.744652!4d90.3720318!16s%2Fg%2F11hdqy3jys!19sChIJ40Q52vC_VTcRLxUZ6NGHL8I?authuser=0&hl=en&g_ep=EgoyMDI2MDkwMi4wIJJjKgBIAVAD&rclk=1,4.1,152,"8th Floor, 736 Satmasjid Road, Dhanmondi, Dhaka",23.744652,90.3720318
Khao San - Gulshan,Restaurant,Gulshan 1,https://www.google.com/maps/place/Khao+San+-+Gulshan/data=!4m7!3m6!1s0x3755c71d9c30fbdf:0x45dddc7d9b83c2d4!8m2!3d23.7819231!4d90.4160159!16s%2Fg%2F11vt0k8y82!19sChIJ3_swnB3HVTcR1MKDm33c3UU?authuser=0&hl=en&g_ep=EgoyMDI2MDkwMi4wIJJjKgBIAVAD&rclk=1,4.3,654,"Level 1, House 1 Rd 23, Gulshan 1, Dhaka",23.7819231,90.4160159
Oro Dhaka,Restaurant,Gulshan 1,https://www.google.com/maps/place/Oro+Dhaka/data=!4m7!3m6!1s0x3755c7d805d2e0f9:0x257b7243fb0a2fb8!8m2!3d23.7860817!4d90.4165866!16s%2Fg%2F11hyvklgs7!19sChIJ-eDSBdjHVTcRuC8K-0NyeyU?authuser=0&hl=en&g_ep=EgoyMDI2MDkwMi4wIJJjKgBIAVAD&rclk=1,4.4,656,"6/A, Rangs FC 2 corner of Rd 32 and, Gulshan Ave, Gulshan 1, Dhaka",23.7860817,90.4165866
Woodhouse Grill Gulshan,Restaurant,Gulshan 1,https://www.google.com/maps/place/Woodhouse+Grill+Gulshan/data=!4m7!3m6!1s0x3755c7007851ff23:0x4eab6f5d1b19dde8!8m2!3d23.7773796!4d90.4161902!16s%2Fg%2F11y8l_2xvr!19sChIJI_9ReADHVTcR6N0ZG11vq04?authuser=0&hl=en&g_ep=EgoyMDI2MDkwMi4wIJJjKgBIAVAD&rclk=1,4.8,1.2K,"Plot SW(I, Bay's 23, 6 Road Gulshan Avenue, Gulshan 1, Dhaka",23.7773796,90.4161902
Yum Cha District,Restaurant,Gulshan 1,https://www.google.com/maps/place/Yum+Cha+District/data=!4m7!3m6!1s0x3755c7ed6c30ac9b:0xc99fbe966df1c503!8m2!3d23.7818071!4d90.4173639!16s%2Fg%2F11q2yfvjym!19sChIJm6wwbO3HVTcRA8XxbZa-n8k?authuser=0&hl=en&g_ep=EgoyMDI2MDkwMi4wIJJjKgBIAVAD&rclk=1,4.4,2.9K,"60A Rd 131, Gulshan 1, Dhaka",23.7818071,90.4173639
MANZO Restaurant Dhaka,Restaurant,Gulshan 1,https://www.google.com/maps/place/MANZO+Restaurant+Dhaka/data=!4m7!3m6!1s0x3755c7f976bc8d95:0xd0a7fec236daf188!8m2!3d23.7891724!4d90.4166786!16s%2Fg%2F11srwxxjhs!19sChIJlY28dvnHVTcRiPHaNsL-p9A?authuser=0&hl=en&g_ep=EgoyMDI2MDkwMi4wIJJjKgBIAVAD&rclk=1,4.4,481,"Gulshan 1, Dhaka",23.7891724,90.4166786
Lezzet Rooftop Gulshan,Restaurant,Gulshan 1,https://www.google.com/maps/place/Lezzet+Rooftop+Gulshan/data=!4m7!3m6!1s0x3755c791db6c4425:0xa723c6a78a1a3f12!8m2!3d23.7806597!4d90.4172133!16s%2Fg%2F11z2c30tkn!19sChIJJURs25HHVTcREj8aiqfGI6c?authuser=0&hl=en&g_ep=EgoyMDI2MDkwMi4wIJJjKgBIAVAD&rclk=1,3.7,27,"AWR U Tower (17th Floor), 35 South Gulshan Avenue, Circle, Gulshan 1, Dhaka",23.7806597,90.4172133
RUYI BARBECUE,Restaurant,Gulshan 1,https://www.google.com/maps/place/RUYI+BARBECUE/data=!4m7!3m6!1s0x3755c70042479a89:0xde3e25d92b6a75ee!8m2!3d23.7846417!4d90.4172643!16s%2Fg%2F11wtzw0069!19sChIJiZpHQgDHVTcR7nVqK9klPt4?authuser=0&hl=en&g_ep=EgoyMDI2MDkwMi4wIJJjKgBIAVAD&rclk=1,4.6,277,"Gulshan 1, Dhaka",23.7846417,90.4172643
Konami Dhaka,Restaurant,Gulshan 1,https://www.google.com/maps/place/Konami+Dhaka/data=!4m7!3m6!1s0x3755c700281b36f3:0xe837229a4a1324ae!8m2!3d23.7816314!4d90.4174804!16s%2Fg%2F11y2bwpv0r!19sChIJ8zYbKADHVTcRriQTSpoiN-g?authuser=0&hl=en&g_ep=EgoyMDI2MDkwMi4wIJJjKgBIAVAD&rclk=1,4.6,99,"House- 58/B, Rd 131, Gulshan 1, Dhaka",23.7816314,90.4174804
Adana Sofrasi,Restaurant,Gulshan 1,https://www.google.com/maps/place/Adana+Sofrasi/data=!4m7!3m6!1s0x3755c77abb99db5d:0x61183c6c01d410cb!8m2!3d23.7860817!4d90.4165866!16s%2Fg%2F11yrpx6fsp!19sChIJXduZu3rHVTcRyxDUAWw8GGE?authuser=0&hl=en&g_ep=EgoyMDI2MDkwMi4wIJJjKgBIAVAD&rclk=1,4.4,251,"2nd Floor, Unit - B2 Plot - 6/A, Rangs FC Square, Road - 32 Gulshan Ave, Gulshan 1, Dhaka",23.7860817,90.4165866
Prego,Restaurant,Gulshan 1,https://www.google.com/maps/place/Prego/data=!4m7!3m6!1s0x3755c7861ec56e89:0x594a1d3cdd50e674!8m2!3d23.793223!4d90.414601!16s%2Fg%2F11m7sm_sz7!19sChIJiW7FHobHVTcRdOZQ3TwdSlk?authuser=0&hl=en&g_ep=EgoyMDI2MDkwMi4wIJJjKgBIAVAD&rclk=1,4.3,271,"Gulshan 1, Dhaka",23.793223,90.414601
Nawab Chatga,Restaurant,Gulshan 1,https://www.google.com/maps/place/Nawab+Chatga/data=!4m7!3m6!1s0x3755c79e9e0a4a29:0xccd00dd2e120be19!8m2!3d23.7806519!4d90.4157662!16s%2Fg%2F11bxfj698j!19sChIJKUoKnp7HVTcRGb4g4dIN0Mw?authuser=0&hl=en&g_ep=EgoyMDI2MDkwMi4wIJJjKgBIAVAD&rclk=1,4.2,3.2K,"Gulshan 1, Dhaka",23.7806519,90.4157662
TukTuk Express - Gulshan 1,Restaurant,Gulshan 1,https://www.google.com/maps/place/TukTuk+Express+-+Gulshan+1/data=!4m7!3m6!1s0x3755c7670d2141bb:0x9800286778c84710!8m2!3d23.7835172!4d90.4162695!16s%2Fg%2F11nbh38400!19sChIJu0EhDWfHVTcREEfIeGcoAJg?authuser=0&hl=en&g_ep=EgoyMDI2MDkwMi4wIJJjKgBIAVAD&rclk=1,3.8,116,"House-2, 2nd floor, Rd 24, Gulshan 1, Dhaka",23.7835172,90.4162695
Bliss art lounge restaurant and bar,Restaurant,Gulshan 1,https://www.google.com/maps/place/Bliss+art+lounge+restaurant+and+bar/data=!4m7!3m6!1s0x3755c74543152d79:0xbd384c0aa059844e!8m2!3d23.7810111!4d90.4163454!16s%2Fg%2F11y_qmp14k!19sChIJeS0VQ0XHVTcRToRZoApMOL0?authuser=0&hl=en&g_ep=EgoyMDI2MDkwMi4wIJJjKgBIAVAD&rclk=1,4.2,5,"Gulshan 1, Dhaka",23.7810111,90.4163454
Takeout Gulshan,Restaurant,Gulshan 1,https://www.google.com/maps/place/Takeout+Gulshan/data=!4m7!3m6!1s0x3755c76fc52f2495:0x2f4c8c8d5075e1a9!8m2!3d23.7770049!4d90.4166953!16s%2Fg%2F11w1cm9hs6!19sChIJlSQvxW_HVTcRqeF1UI2MTC8?authuser=0&hl=en&g_ep=EgoyMDI2MDkwMi4wIJJjKgBIAVAD&rclk=1,4.3,79,"Crystal Palace (L-2-Plot-22, Road-140, South Avenue, Gulshan 1, Dhaka",23.7770049,90.4166953
C'Paris,Restaurant,Gulshan 1,https://www.google.com/maps/place/C%27Paris/data=!4m7!3m6!1s0x3755c731f8def139:0x306d9f7fd49cfd21!8m2!3d23.781867!4d90.4177317!16s%2Fg%2F11yhg1b_9k!19sChIJOfHe-DHHVTcRIf2c1H-fbTA?authuser=0&hl=en&g_ep=EgoyMDI2MDkwMi4wIJJjKgBIAVAD&rclk=1,3.9,233,"House 60D, 131 Road, Gulshan 1, Dhaka",23.781867,90.4177317
Purnima Restaurant - Gulshan - 1,Restaurant,Gulshan 1,https://www.google.com/maps/place/Purnima+Restaurant+-+Gulshan+-+1/data=!4m7!3m6!1s0x3755c79ea9778ca1:0x49834515d5315e9a!8m2!3d23.7808142!4d90.4168854!16s%2Fg%2F11_dt1dzd!19sChIJoYx3qZ7HVTcRml4x1RVFg0k?authuser=0&hl=en&g_ep=EgoyMDI2MDkwMi4wIJJjKgBIAVAD&rclk=1,3.8,1.6K,"50, Habib Market, Gulshan Avenue, Opposite Navana Tower, Gulshan 1, Dhaka",23.7808142,90.4168854
Beyond Buffet (Gulshan),Restaurant,Gulshan 1,https://www.google.com/maps/place/Beyond+Buffet+%28Gulshan%29/data=!4m7!3m6!1s0x3755c77c60fa5bd9:0x11e355eb7c3efe2c!8m2!3d23.7923972!4d90.4158284!16s%2Fg%2F11r16cwsmd!19sChIJ2Vv6YHzHVTcRLP4-fOtV4xE?authuser=0&hl=en&g_ep=EgoyMDI2MDkwMi4wIJJjKgBIAVAD&rclk=1,4,4.2K,"Gulshan 1, Dhaka",23.7923972,90.4158284
Madchef & Cheez! Gulshan 1 (Cloud Kitchen),Restaurant,Gulshan 1,https://www.google.com/maps/place/Madchef+%26+Cheez!+Gulshan+1+%28Cloud+Kitchen%29/data=!4m7!3m6!1s0x3755c7bcd72edcff:0x32b802fea5f335ec!8m2!3d23.7755422!4d90.4175583!16s%2Fg%2F11lt2_s4mj!19sChIJ_9wu17zHVTcR7DXzpf4CuDI?authuser=0&hl=en&g_ep=EgoyMDI2MDkwMi4wIJJjKgBIAVAD&rclk=1,3.9,163,"QCG9+627, Rd 137, Gulshan 1, Dhaka",23.7755422,90.4175583
Garlic 'n Ginger Gulshan,Restaurant,Gulshan 1,https://www.google.com/maps/place/Garlic+%27n+Ginger+Gulshan/data=!4m7!3m6!1s0x3755c7e95d687ebb:0x531f8c667f642773!8m2!3d23.7797364!4d90.4171103!16s%2Fg%2F11nyc54r4x!19sChIJu35oXenHVTcRcydkf2aMH1M?authuser=0&hl=en&g_ep=EgoyMDI2MDkwMi4wIJJjKgBIAVAD&rclk=1,4,1.4K,"Gulshan 1, Dhaka",23.7797364,90.4171103
Khushboo Restaurant,Restaurant,Gulshan 1,https://www.google.com/maps/place/Khushboo+Restaurant/data=!4m7!3m6!1s0x3755c7994ba5a7d1:0xc3b11df53c43a7f8!8m2!3d23.7818601!4d90.4174499!16s%2Fg%2F11bxfqxdbw!19sChIJ0aelS5nHVTcR-KdDPPUdscM?authuser=0&hl=en&g_ep=EgoyMDI2MDkwMi4wIJJjKgBIAVAD&rclk=1,4.1,1.4K,"House no 60/B, Road No 131, 2nd Floor 60/B, Rd 131, Gulshan 1, Dhaka",23.7818601,90.4174499
Fakhruddin Biriyani & Restaurant - Gulshan 1,Restaurant,Gulshan 1,https://www.google.com/maps/place/Fakhruddin+Biriyani+%26+Restaurant+-+Gulshan+1/data=!4m7!3m6!1s0x3755c799535e683b:0x44624270e32442f2!8m2!3d23.7805773!4d90.4173447!16s%2Fg%2F12hxg2dxj!19sChIJO2heU5nHVTcR8kIk43BCYkQ?authuser=0&hl=en&g_ep=EgoyMDI2MDkwMi4wIJJjKgBIAVAD&rclk=1,3.8,2.7K,"Gulshan 1, Dhaka",23.7805773,90.4173447
Daily Daawat- Gulshan 1,Restaurant,Gulshan 1,https://www.google.com/maps/place/Daily+Daawat-+Gulshan+1/data=!4m7!3m6!1s0x3755c7000c1329b7:0x38c95b93bb52e6e5!8m2!3d23.7834896!4d90.4162259!16s%2Fg%2F11xknjp0vj!19sChIJtykTDADHVTcR5eZSu5NbyTg?authuser=0&hl=en&g_ep=EgoyMDI2MDkwMi4wIJJjKgBIAVAD&rclk=1,4.2,204,"House-2 (1st floor, Rd 24, Gulshan 1, Dhaka",23.7834896,90.4162259
Chef's Table - Gulshan 1,Restaurant,Gulshan 1,https://www.google.com/maps/place/Chef%27s+Table+-+Gulshan+1/data=!4m7!3m6!1s0x3755c75aa1a2eff1:0x5506bbb5a5f9873e!8m2!3d23.7768976!4d90.4160541!16s%2Fg%2F11kq2xgvx1!19sChIJ8e-ioVrHVTcRPof5pbW7BlU?authuser=0&hl=en&g_ep=EgoyMDI2MDkwMi4wIJJjKgBIAVAD&rclk=1,4.4,1.8K,"United House, Gulshan 1, Dhaka",23.7768976,90.4160541
Al-Amar Lebanese Cuisine Gulshan,Restaurant,Gulshan 1,https://www.google.com/maps/place/Al-Amar+Lebanese+Cuisine+Gulshan/data=!4m7!3m6!1s0x3755c7ebd1020bf9:0xd39276376248b6c0!8m2!3d23.7860603!4d90.4167539!16s%2Fg%2F11rg13wlqg!19sChIJ-QsC0evHVTcRwLZIYjd2ktM?authuser=0&hl=en&g_ep=EgoyMDI2MDkwMi4wIJJjKgBIAVAD&rclk=1,4.4,593,"Level 12, House 6/A, Rangs FC Square, Rd 32, Gulshan 1, Dhaka",23.7860603,90.4167539
Handi (Gulshan Branch),Restaurant,Gulshan 1,https://www.google.com/maps/place/Handi+%28Gulshan+Branch%29/data=!4m7!3m6!1s0x3755c7a6d13ff1a1:0xb802d7ecabf37694!8m2!3d23.789392!4d90.4161025!16s%2Fg%2F11bxfwdjw1!19sChIJofE_0abHVTcRlHbzq-zXArg?authuser=0&hl=en&g_ep=EgoyMDI2MDkwMi4wIJJjKgBIAVAD&rclk=1,4,3.8K,"House no -108, Gulshan Avenue Road, Flamingo Point, 3rd Floor (Adjacent to Azad Masjid) Dhaka, Bangladesh, Gulshan 1, Dhaka",23.789392,90.4161025
PD-Panda Dumplings 熊猫饺子,Restaurant,Gulshan 1,https://www.google.com/maps/place/PD-Panda+Dumplings+%E7%86%8A%E7%8C%AB%E9%A5%BA%E5%AD%90/data=!4m7!3m6!1s0x3755c7e72afd1913:0x193566ed454b5ce!8m2!3d23.7879595!4d90.4168594!16s%2Fg%2F11qh26rx65!19sChIJExn9KufHVTcRzrVU1G5WkwE?authuser=0&hl=en&g_ep=EgoyMDI2MDkwMi4wIJJjKgBIAVAD&rclk=1,4.2,2.2K,"Gulshan 1, Dhaka",23.7879595,90.4168594
Fish & Co. (Gulshan 1),Restaurant,Gulshan 1,https://www.google.com/maps/place/Fish+%26+Co.+%28Gulshan+1%29/data=!4m7!3m6!1s0x3755c7208517a793:0x5400277cca93457a!8m2!3d23.7773505!4d90.4163108!16s%2Fg%2F11bbwncmgl!19sChIJk6cXhSDHVTcRekWTynwnAFQ?authuser=0&hl=en&g_ep=EgoyMDI2MDkwMi4wIJJjKgBIAVAD&rclk=1,4.3,3.9K,"Bay's 23 Gulshan Avenue, Plot-6 (Ground Floor), Block-SW(I, Bir Uttam Mir Shawkat Sarak, Gulshan 1, Dhaka",23.7773505,90.4163108
Izakaya Gulshan,Restaurant,Gulshan 2,https://www.google.com/maps/place/Izakaya+Gulshan/data=!4m7!3m6!1s0x3755c7005a010f37:0xe04647b27cbeff81!8m2!3d23.798585!4d90.4123614!16s%2Fg%2F11xfhfj76s!19sChIJNw8BWgDHVTcRgf--fLJHRuA?authuser=0&hl=en&g_ep=EgoyMDI2MDkwMi4wIJJjKgBIAVAD&rclk=1,4.5,92,"House 12/B, 5th Floor, Rd 55, Gulshan 2, Dhaka",23.798585,90.4123614
The Grove Bistro,Restaurant,Gulshan 2,https://www.google.com/maps/place/The+Grove+Bistro/data=!4m7!3m6!1s0x3755c7e8631ff7ab:0x20a244f263d33abe!8m2!3d23.7951945!4d90.4148383!16s%2Fg%2F11hdphyhhj!19sChIJq_cfY-jHVTcRvjrTY_JEoiA?authuser=0&hl=en&g_ep=EgoyMDI2MDkwMi4wIJJjKgBIAVAD&rclk=1,4.5,1.6K,"Level 12, Hamid Tower, Gulshan Circle 2, 22 DIT II Cir, Gulshan 2, Dhaka",23.7951945,90.4148383
Cilantro Gulshan 2,Restaurant,Gulshan 2,https://www.google.com/maps/place/Cilantro+Gulshan+2/data=!4m7!3m6!1s0x3755c70013b1ce33:0x4f6e4b5f1b6215bd!8m2!3d23.7957847!4d90.4149676!16s%2Fg%2F11z54qzpyh!19sChIJM86xEwDHVTcRvRViG19Lbk8?authuser=0&hl=en&g_ep=EgoyMDI2MDkwMi4wIJJjKgBIAVAD&rclk=1,4.5,6,"Gulshan 2, Dhaka",23.7957847,90.4149676
Green & Pepper,Restaurant,Gulshan 2,https://www.google.com/maps/place/Green+%26+Pepper/data=!4m7!3m6!1s0x3755c7f143ae9cc3:0xb4dee4aab0bcccd3!8m2!3d23.7936204!4d90.4163151!16s%2Fg%2F11vjjcqd0x!19sChIJw5yuQ_HHVTcR08y8sKrk3rQ?authuser=0&hl=en&g_ep=EgoyMDI2MDkwMi4wIJJjKgBIAVAD&rclk=1,4.3,197,"House: 19, Rd 95, Gulshan 2, Dhaka",23.7936204,90.4163151
Almajlis Arabian Restaurant | مطعم المجلس العربي,Restaurant,Gulshan 2,https://www.google.com/maps/place/Almajlis+Arabian+Restaurant+%7C+%D9%85%D8%B7%D8%B9%D9%85+%D8%A7%D9%84%D9%85%D8%AC%D9%84%D8%B3+%D8%A7%D9%84%D8%B9%D8%B1%D8%A8%D9%8A%E2%80%AD/data=!4m7!3m6!1s0x3755c7000d948035:0x7a97a0691b849f6d!8m2!3d23.7952571!4d90.4130772!16s%2Fg%2F11y9b6v1tn!19sChIJNYCUDQDHVTcRbZ-EG2mgl3o?authuser=0&hl=en&g_ep=EgoyMDI2MDkwMi4wIJJjKgBIAVAD&rclk=1,4.6,785,"Gulshan 2, Dhaka",23.7952571,90.4130772
Chef's Table - Gulshan 2,Restaurant,Gulshan 2,https://www.google.com/maps/place/Chef%27s+Table+-+Gulshan+2/data=!4m7!3m6!1s0x3755c7429b9b4369:0xb10937f2b0542529!8m2!3d23.7957308!4d90.4149481!16s%2Fg%2F11f7bgg1tf!19sChIJaUObm0LHVTcRKSVUsPI3CbE?authuser=0&hl=en&g_ep=EgoyMDI2MDkwMi4wIJJjKgBIAVAD&rclk=1,4.5,10.3K,"Gulshan 2, Dhaka",23.7957308,90.4149481
Roohani-Gulshan,Restaurant,Gulshan 2,https://www.google.com/maps/place/Roohani-Gulshan/data=!4m7!3m6!1s0x3755c70007222bb9:0x58d235aa6dafbbb7!8m2!3d23.7944742!4d90.4144563!16s%2Fg%2F11yn_vnhfk!19sChIJuSsiBwDHVTcRt7uvbao10lg?authuser=0&hl=en&g_ep=EgoyMDI2MDkwMi4wIJJjKgBIAVAD&rclk=1,4.7,18,"Gulshan 2, Dhaka",23.7944742,90.4144563
MOJA Korean Fusion Restaurant,Restaurant,Gulshan 2,https://www.google.com/maps/place/MOJA+Korean+Fusion+Restaurant/data=!4m7!3m6!1s0x3755c700291cf5a7:0x4fe17b35edbd0e7d!8m2!3d23.7953106!4d90.4147699!16s%2Fg%2F11x2pyll6j!19sChIJp_UcKQDHVTcRfQ697TV74U8?authuser=0&hl=en&g_ep=EgoyMDI2MDkwMi4wIJJjKgBIAVAD&rclk=1,4.8,360,"Gulshan 2, Dhaka",23.7953106,90.4147699
The Fish Lounge Gulshan2,Restaurant,Gulshan 2,https://www.google.com/maps/place/The+Fish+Lounge+Gulshan2/data=!4m7!3m6!1s0x3755c70f75d46a09:0xb4a94bb1f6f566b1!8m2!3d23.7957644!4d90.4148178!16s%2Fg%2F11y_rgc656!19sChIJCWrUdQ_HVTcRsWb19rFLqbQ?authuser=0&hl=en&g_ep=EgoyMDI2MDkwMi4wIJJjKgBIAVAD&rclk=1,4.6,14,"Chef's Table, Rd 90, Gulshan 2, Dhaka",23.7957644,90.4148178
Galito's Gulshan-2,Restaurant,Gulshan 2,https://www.google.com/maps/place/Galito%27s+Gulshan-2/data=!4m7!3m6!1s0x3755c7297858a587:0x3ff59a3d5bbe0714!8m2!3d23.8002619!4d90.4119515!16s%2Fg%2F11tg491hds!19sChIJh6VYeCnHVTcRFAe-Wz2a9T8?authuser=0&hl=en&g_ep=EgoyMDI2MDkwMi4wIJJjKgBIAVAD&rclk=1,4.3,1.2K,"House: 175/A, 177 Gulshan North Ave, Road: 61 Galito's, Gulshan 2, Dhaka",23.8002619,90.4119515
Laughing Buddha,Restaurant,Gulshan 2,https://www.google.com/maps/place/Laughing+Buddha/data=!4m7!3m6!1s0x3755c7526d08077f:0x2290472dcbc9631d!8m2!3d23.7959676!4d90.4132913!16s%2Fg%2F11j2fpz536!19sChIJfwcIbVLHVTcRHWPJyy1HkCI?authuser=0&hl=en&g_ep=EgoyMDI2MDkwMi4wIJJjKgBIAVAD&rclk=1,4.4,1.3K,"Gulshan 2, Dhaka",23.7959676,90.4132913
Bistro-E,Restaurant,Gulshan 2,https://www.google.com/maps/place/Bistro-E/data=!4m7!3m6!1s0x3755c7a5d712e84f:0x836398f3c3864042!8m2!3d23.7960897!4d90.4174215!16s%2Fg%2F11bvt4nslb!19sChIJT-gS16XHVTcRQkCGw_OYY4M?authuser=0&hl=en&g_ep=EgoyMDI2MDkwMi4wIJJjKgBIAVAD&rclk=1,4.4,2.1K,"Gulshan 2, Dhaka",23.7960897,90.4174215
Baan Busaba,Restaurant,Gulshan 2,https://www.google.com/maps/place/Baan+Busaba/data=!4m7!3m6!1s0x3755c7003c961f4f:0xd7944c828f8c4dea!8m2!3d23.7952758!4d90.4147493!16s%2Fg%2F11yhd07llm!19sChIJTx-WPADHVTcR6k2Mj4JMlNc?authuser=0&hl=en&g_ep=EgoyMDI2MDkwMi4wIJJjKgBIAVAD&rclk=1,4.1,188,"Gulshan 2, Dhaka",23.7952758,90.4147493
Sukumvit Thai Restaurant,Restaurant,Gulshan 2,https://www.google.com/maps/place/Sukumvit+Thai+Restaurant/data=!4m7!3m6!1s0x3755c700550141b7:0x88351339f8e585c1!8m2!3d23.7949294!4d90.4132524!16s%2Fg%2F11mlv1lldl!19sChIJt0EBVQDHVTcRwYXl-DkTNYg?authuser=0&hl=en&g_ep=EgoyMDI2MDkwMi4wIJJjKgBIAVAD&rclk=1,4.2,94,"Level-5, Elegant Tower, House-42 Rd 52, Gulshan 2, Dhaka",23.7949294,90.4132524
Fish & Co. (Gulshan 2),Restaurant,Gulshan 2,https://www.google.com/maps/place/Fish+%26+Co.+%28Gulshan+2%29/data=!4m7!3m6!1s0x3755c7a798cca1ad:0x3031e6952bc32d32!8m2!3d23.798977!4d90.4121527!16s%2Fg%2F11n9d8hy98!19sChIJraHMmKfHVTcRMi3DK5XmMTA?authuser=0&hl=en&g_ep=EgoyMDI2MDkwMi4wIJJjKgBIAVAD&rclk=1,4.3,89,"Evergreen Meher Tower. House. 12/A (1st Floor), Road, 55 Gulshan North Ave, Gulshan 2, Dhaka",23.798977,90.4121527
MEHMAAN NAWAZI,Restaurant,Gulshan 2,https://www.google.com/maps/place/MEHMAAN+NAWAZI/data=!4m7!3m6!1s0x3755c74066c4c4d7:0x9e9f935fa83565bb!8m2!3d23.7946797!4d90.4145763!16s%2Fg%2F11z8g41pg3!19sChIJ18TEZkDHVTcRu2U1qF-Tn54?authuser=0&hl=en&g_ep=EgoyMDI2MDkwMi4wIJJjKgBIAVAD&rclk=1,5,3,"Gulshan 2, Dhaka",23.7946797,90.4145763
"Spaghetti Jazz, Dhaka",Restaurant,Gulshan 2,"https://www.google.com/maps/place/Spaghetti+Jazz,+Dhaka/data=!4m7!3m6!1s0x3755c7a6f8cab4eb:0x13f527876dcd7594!8m2!3d23.7952438!4d90.4143379!16s%2Fg%2F1ts3czt9!19sChIJ67TK-KbHVTcRlHXNbYcn9RM?authuser=0&hl=en&g_ep=EgoyMDI2MDkwMi4wIJJjKgBIAVAD&rclk=1",4.2,1.1K,"Gulshan 2, Dhaka",23.7952438,90.4143379
Takumi,Restaurant,Gulshan 2,https://www.google.com/maps/place/Takumi/data=!4m7!3m6!1s0x3755c705628580b1:0xa3ea2c0df80bb7eb!8m2!3d23.7897842!4d90.4194769!16s%2Fg%2F11q946b58j!19sChIJsYCFYgXHVTcR67cL-A0s6qM?authuser=0&hl=en&g_ep=EgoyMDI2MDkwMi4wIJJjKgBIAVAD&rclk=1,4.6,594,"Plot9 1st Floor, Zahirul Tower, 9 Rd No 113/A, Gulshan 2, Dhaka",23.7897842,90.4194769
China Garden Restaurant Ltd.,Restaurant,Gulshan 2,https://www.google.com/maps/place/China+Garden+Restaurant+Ltd./data=!4m7!3m6!1s0x3755c7743e880293:0xb5efbc2464d11455!8m2!3d23.793524!4d90.4184339!16s%2Fg%2F11rsr0_tb8!19sChIJkwKIPnTHVTcRVRTRZCS877U?authuser=0&hl=en&g_ep=EgoyMDI2MDkwMi4wIJJjKgBIAVAD&rclk=1,4.3,388,"House 14 Rd 101, Gulshan 2, Dhaka",23.793524,90.4184339
Ajo Idea Space,Restaurant,Gulshan 2,https://www.google.com/maps/place/Ajo+Idea+Space/data=!4m7!3m6!1s0x3755c76ba34f8725:0x759c4f2f6e24d2e5!8m2!3d23.7937228!4d90.4184461!16s%2Fg%2F11v9ymmlkg!19sChIJJYdPo2vHVTcR5dIkbi9PnHU?authuser=0&hl=en&g_ep=EgoyMDI2MDkwMi4wIJJjKgBIAVAD&rclk=1,4.3,603,"12 Rd 101, Gulshan 2, Dhaka",23.7937228,90.4184461
The Red Chamber,Restaurant,Gulshan 2,https://www.google.com/maps/place/The+Red+Chamber/data=!4m7!3m6!1s0x3755c71ab71a7199:0x132f275e2d5f1391!8m2!3d23.7951889!4d90.4148153!16s%2Fg%2F11q2yh5k4t!19sChIJmXEatxrHVTcRkRNfLV4nLxM?authuser=0&hl=en&g_ep=EgoyMDI2MDkwMi4wIJJjKgBIAVAD&rclk=1,4.2,557,"Gulshan 2, Dhaka",23.7951889,90.4148153
Teppanyaki Dhaka,Restaurant,Gulshan 2,https://www.google.com/maps/place/Teppanyaki+Dhaka/data=!4m7!3m6!1s0x3755c700321cec77:0x2af03467f0ba8e79!8m2!3d23.7938824!4d90.4132231!16s%2Fg%2F11y46d_nmq!19sChIJd-wcMgDHVTcReY668Gc08Co?authuser=0&hl=en&g_ep=EgoyMDI2MDkwMi4wIJJjKgBIAVAD&rclk=1,4.5,100,"2, Sanmar Tower, 4th & 5th Floor, 38/A Rd 35, Gulshan 2, Dhaka",23.7938824,90.4132231
Brio: Italian Restaurant,Restaurant,Gulshan 2,https://www.google.com/maps/place/Brio:+Italian+Restaurant/data=!4m7!3m6!1s0x3755c7e113b10877:0xa5ed036b6414a637!8m2!3d23.7957609!4d90.4133504!16s%2Fg%2F11ww6mzfd5!19sChIJdwixE-HHVTcRN6YUZGsD7aU?authuser=0&hl=en&g_ep=EgoyMDI2MDkwMi4wIJJjKgBIAVAD&rclk=1,4.4,204,"2nd Floor, House 10 Rd 53, Gulshan 2, Dhaka",23.7957609,90.4133504
Istanbul Restaurant Dhaka,Restaurant,Gulshan 2,https://www.google.com/maps/place/Istanbul+Restaurant+Dhaka/data=!4m7!3m6!1s0x3755c7a2383edaf9:0x98a598c8a0cda9de!8m2!3d23.7957609!4d90.4133504!16s%2Fg%2F1hjh9ks4h!19sChIJ-do-OKLHVTcR3qnNoMiYpZg?authuser=0&hl=en&g_ep=EgoyMDI2MDkwMi4wIJJjKgBIAVAD&rclk=1,4.1,1.9K,"QCW7+79W, House-10, Road-53, Gulshan Circle-2, Top of Weavers Level-6 Dhaka, Gulshan 2, Dhaka",23.7957609,90.4133504
Gulshan banani,Restaurant,Banani,https://www.google.com/maps/place/Gulshan+banani/data=!4m7!3m6!1s0x3755c7003ec4eab1:0xcf6d52d4c0ae30c6!8m2!3d23.7936205!4d90.4066004!16s%2Fg%2F11zbdmmh9r!19sChIJserEPgDHVTcRxjCuwNRSbc8?authuser=0&hl=en&g_ep=EgoyMDI2MDkwMi4wIJJjKgBIAVAD&rclk=1,4,391,"Gulshan 2, Dhaka",23.7936205,90.4066004
The New Gulshan Plaza Restaurant,Restaurant,Gulshan 2,https://www.google.com/maps/place/The+New+Gulshan+Plaza+Restaurant/data=!4m7!3m6!1s0x3755c7a71d31f5ef:0xf9152afb6ee7661d!8m2!3d23.7936503!4d90.4143306!16s%2Fg%2F11c6v4zyys!19sChIJ7_UxHafHVTcRHWbnbvsqFfk?authuser=0&hl=en&g_ep=EgoyMDI2MDkwMi4wIJJjKgBIAVAD&rclk=1,4.2,4.2K,"33 Rd 45, Gulshan 2, Dhaka",23.7936503,90.4143306
Flambe Restaurant,Restaurant,Gulshan 2,https://www.google.com/maps/place/Flambe+Restaurant/data=!4m7!3m6!1s0x3755c709ac680d91:0x133a97e3e78ce732!8m2!3d23.7951392!4d90.4101987!16s%2Fg%2F11f_q_ld_l!19sChIJkQ1orAnHVTcRMueM5-OXOhM?authuser=0&hl=en&g_ep=EgoyMDI2MDkwMi4wIJJjKgBIAVAD&rclk=1,4.3,1.4K,"Block-NW K Building, House no: 06, Rd No. 50, Gulshan 2, Dhaka",23.7951392,90.4101987
Umai,Restaurant,Gulshan 2,https://www.google.com/maps/place/Umai/data=!4m7!3m6!1s0x3755c70867602393:0xd133208685b37b4d!8m2!3d23.796943!4d90.4105417!16s%2Fg%2F11cn9zb2nj!19sChIJkyNgZwjHVTcRTXuzhYYgM9E?authuser=0&hl=en&g_ep=EgoyMDI2MDkwMi4wIJJjKgBIAVAD&rclk=1,4.3,706,"8 Rd No. 50, Gulshan 2, Dhaka",23.796943,90.4105417
Shu Xiang Yuan Chinese Restaurant,Restaurant,Gulshan 2,https://www.google.com/maps/place/Shu+Xiang+Yuan+Chinese+Restaurant/data=!4m7!3m6!1s0x3755c7002eb8fa73:0x5fc232fe3e1a3dc4!8m2!3d23.7951387!4d90.4145971!16s%2Fg%2F11zd3ybdmw!19sChIJc_q4LgDHVTcRxD0aPv4ywl8?authuser=0&hl=en&g_ep=EgoyMDI2MDkwMi4wIJJjKgBIAVAD&rclk=1,5,4,"Level 10, Hamid Tower, Gulshan 2, Dhaka",23.7951387,90.4145971
Sultan's Dine Gulshan Branch,Restaurant,Gulshan 2,https://www.google.com/maps/place/Sultan%27s+Dine+Gulshan+Branch/data=!4m7!3m6!1s0x3755c7110a869885:0xe58ef928dd171985!8m2!3d23.7948391!4d90.4133531!16s%2Fg%2F11h08nqby8!19sChIJhZiGChHHVTcRhRkX3Sj5juU?authuser=0&hl=en&g_ep=EgoyMDI2MDkwMi4wIJJjKgBIAVAD&rclk=1,4.3,11.8K,"1st floor, House: 41 Road: 52 · Informal place for kacchi biryani, Gulshan 2, Dhaka",23.7948391,90.4133531
Cafe Celebrita,Restaurant,Gulshan 2,https://www.google.com/maps/place/Cafe+Celebrita/data=!4m7!3m6!1s0x3755c7b0462636e5:0xcf4f10554df1af43!8m2!3d23.7935316!4d90.4143406!16s%2Fg%2F11rfsflfv8!19sChIJ5TYmRrDHVTcRQ6_xTVUQT88?authuser=0&hl=en&g_ep=EgoyMDI2MDkwMi4wIJJjKgBIAVAD&rclk=1,4.5,44,"QCV7+HPC, Rd 45, Gulshan 2, Dhaka",23.7935316,90.4143406
Gulshan 2 street food market,Restaurant,Gulshan 2,https://www.google.com/maps/place/Gulshan+2+street+food+market/data=!4m7!3m6!1s0x3755c700219f89b3:0x2fed959782284136!8m2!3d23.7950953!4d90.4135248!16s%2Fg%2F11z1sp7r9b!19sChIJs4mfIQDHVTcRNkEogpeV7S8?authuser=0&hl=en&g_ep=EgoyMDI2MDkwMi4wIJJjKgBIAVAD&rclk=1,5,1,"Gulshan 2, Dhaka",23.7950953,90.4135248
Crowne Plaza Dhaka Gulshan Crowne Plaza Dhaka Gulshan,Restaurant,Gulshan 2,https://www.google.com/maps/place/Crowne+Plaza+Dhaka+Gulshan+Crowne+Plaza+Dhaka+Gulshan/data=!4m7!3m6!1s0x3755c7e1a5a549af:0x93bffc3fd62bf0d4!8m2!3d23.7946034!4d90.4137002!16s%2Fg%2F11v9v9mcbl!19sChIJr0mlpeHHVTcR1PAr1j_8v5M?authuser=0&hl=en&g_ep=EgoyMDI2MDkwMi4wIJJjKgBIAVAD&rclk=1,4.6,70,"Gulshan 2, Dhaka",23.7946034,90.4137002
Lahab,Restaurant,Gulshan 2,https://www.google.com/maps/place/Lahab/data=!4m7!3m6!1s0x3755c7b4f932b4eb:0xce75f1802459fde5!8m2!3d23.8042298!4d90.4150535!16s%2Fg%2F11xgnv2zvk!19sChIJ67Qy-bTHVTcR5f1ZJIDxdc4?authuser=0&hl=en&g_ep=EgoyMDI2MDkwMi4wIJJjKgBIAVAD&rclk=1,4.4,31,"House No. 9/D, Rd No 71, Gulshan 2, Dhaka",23.8042298,90.4150535
ভাগ্যকূল কাচ্চি & ক্যাটারিং - BHAGGOKUL KACCHI & CATERING,Restaurant,Gulshan 2,https://www.google.com/maps/place/%E0%A6%AD%E0%A6%BE%E0%A6%97%E0%A7%8D%E0%A6%AF%E0%A6%95%E0%A7%82%E0%A6%B2+%E0%A6%95%E0%A6%BE%E0%A6%9A%E0%A7%8D%E0%A6%9A%E0%A6%BF+%26+%E0%A6%95%E0%A7%8D%E0%A6%AF%E0%A6%BE%E0%A6%9F%E0%A6%BE%E0%A6%B0%E0%A6%BF%E0%A6%82+-+BHAGGOKUL+KACCHI+%26+CATERING/data=!4m7!3m6!1s0x3755c700442b9e7b:0x1903899328a895f3!8m2!3d23.7941284!4d90.4144189!16s%2Fg%2F11mt2t9k8l!19sChIJe54rRADHVTcR85WoKJOJAxk?authuser=0&hl=en&g_ep=EgoyMDI2MDkwMi4wIJJjKgBIAVAD&rclk=1,4.6,16,"Gulshan 2, Dhaka",23.7941284,90.4144189
Bamboo shoot Gulshan,Restaurant,Gulshan 2,https://www.google.com/maps/place/Bamboo+shoot+Gulshan/data=!4m7!3m6!1s0x3755c7a1bce90fc3:0x7edd08f9123d1698!8m2!3d23.7886695!4d90.4161534!16s%2Fg%2F11cn9856mh!19sChIJww_pvKHHVTcRmBY9EvkI3X4?authuser=0&hl=en&g_ep=EgoyMDI2MDkwMi4wIJJjKgBIAVAD&rclk=1,4.2,1.2K,"Gulshan 2, Dhaka",23.7886695,90.4161534
El Toro Mexican Restaurant,Restaurant,Gulshan 2,https://www.google.com/maps/place/El+Toro+Mexican+Restaurant/data=!4m7!3m6!1s0x3755c7a731c83cb9:0xe9171ec112300c84!8m2!3d23.7929525!4d90.4141695!16s%2Fg%2F1tdflmn6!19sChIJuTzIMafHVTcRhAwwEsEeF-k?authuser=0&hl=en&g_ep=EgoyMDI2MDkwMi4wIJJjKgBIAVAD&rclk=1,4.1,1.2K,"Gulshan 2, Dhaka",23.7929525,90.4141695
The Beast,Restaurant,Gulshan 2,https://www.google.com/maps/place/The+Beast/data=!4m7!3m6!1s0x3755c7f8e0388bf7:0x142ada60fd2ff453!8m2!3d23.79459!4d90.41395!16s%2Fg%2F11m7shbbfp!19sChIJ94s44PjHVTcRU_Qv_WDaKhQ?authuser=0&hl=en&g_ep=EgoyMDI2MDkwMi4wIJJjKgBIAVAD&rclk=1,4.2,49,"Four Points by Sheraton Dhaka, Gulshan 6/A North Avenue Commercial Area, Gulshan 2, Dhaka",23.79459,90.41395
Yoshi Banani,Restaurant,Banani,https://www.google.com/maps/place/Yoshi+Banani/data=!4m7!3m6!1s0x3755c70234393a29:0x33e087f03fc2f0c7!8m2!3d23.7914753!4d90.4046279!16s%2Fg%2F11yt7bxcnk!19sChIJKTo5NALHVTcRx_DCP_CH4DM?authuser=0&hl=en&g_ep=EgoyMDI2MDkwMi4wIJJjKgBIAVAD&rclk=1,4.5,210,"House:-94, Level: Ground Floor, Road: 13/A, Block: D, Bangladesh, 1213, Banani, Dhaka",23.7914753,90.4046279
Tree House,Restaurant,Banani,https://www.google.com/maps/place/Tree+House/data=!4m7!3m6!1s0x3755c70bf5ffef8b:0x416ead0b368bb186!8m2!3d23.7913392!4d90.4077514!16s%2Fg%2F11ckvlzfpw!19sChIJi-__9QvHVTcRhrGLNgutbkE?authuser=0&hl=en&g_ep=EgoyMDI2MDkwMi4wIJJjKgBIAVAD&rclk=1,4.2,2.9K,"13/E , house #135 Opposite of Prescription Point, Rd No. 13E, Banani, Dhaka",23.7913392,90.4077514
Cielo Rooftop Banani,Restaurant,Banani,https://www.google.com/maps/place/Cielo+Rooftop+Banani/data=!4m7!3m6!1s0x3755c70bc87301cf:0x14a8ce349ca99087!8m2!3d23.7911101!4d90.4029509!16s%2Fg%2F11ljs1pk21!19sChIJzwFzyAvHVTcRh5CpnDTOqBQ?authuser=0&hl=en&g_ep=EgoyMDI2MDkwMi4wIJJjKgBIAVAD&rclk=1,4.1,1.5K,"99 Road No. 11, Banani, Dhaka",23.7911101,90.4029509
Texas Flame,Restaurant,Banani,https://www.google.com/maps/place/Texas+Flame/data=!4m7!3m6!1s0x3755c707a67ee919:0x3ab10566e519573a!8m2!3d23.790139!4d90.4081749!16s%2Fg%2F11v02zj409!19sChIJGel-pgfHVTcROlcZ5WYFsTo?authuser=0&hl=en&g_ep=EgoyMDI2MDkwMi4wIJJjKgBIAVAD&rclk=1,4.9,4.1K,"House 25,8th Floor(Lift 7, Road No. 11, Banani, Dhaka",23.790139,90.4081749
Woodhouse Grill Banani,Restaurant,Banani,https://www.google.com/maps/place/Woodhouse+Grill+Banani/data=!4m7!3m6!1s0x3755c70a5169e8cb:0x3e971102cbeddfd9!8m2!3d23.7908477!4d90.4031427!16s%2Fg%2F11fx8wvkn6!19sChIJy-hpUQrHVTcR2d_tywIRlz4?authuser=0&hl=en&g_ep=EgoyMDI2MDkwMi4wIJJjKgBIAVAD&rclk=1,4.6,9.4K,"Level 4, BTI Laureate, House 56, Block F Road No. 11, Banani, Dhaka",23.7908477,90.4031427
Ruen Busaba,Restaurant,Banani,https://www.google.com/maps/place/Ruen+Busaba/data=!4m7!3m6!1s0x3755c703dab41965:0x78bb08ad8e40d357!8m2!3d23.7913462!4d90.4061205!16s%2Fg%2F11sw2hmkfc!19sChIJZRm02gPHVTcRV9NAjq0Iu3g?authuser=0&hl=en&g_ep=EgoyMDI2MDkwMi4wIJJjKgBIAVAD&rclk=1,4.3,708,"Block D, House 62 Rd 10, Banani, Dhaka",23.7913462,90.4061205
Bosco Cafe and Bistro,Restaurant,Banani,https://www.google.com/maps/place/Bosco+Cafe+and+Bistro/data=!4m7!3m6!1s0x3755c70072f737c3:0xbf6dd92dfa0ceb07!8m2!3d23.7908543!4d90.4062545!16s%2Fg%2F11ml182trx!19sChIJwzf3cgDHVTcRB-sM-i3Zbb8?authuser=0&hl=en&g_ep=EgoyMDI2MDkwMi4wIJJjKgBIAVAD&rclk=1,4.6,73,"Lavel-6, House-57 Road No. 11, Banani, Dhaka",23.7908543,90.4062545
Tu do Restaurant,Restaurant,Banani,https://www.google.com/maps/place/Tu+do+Restaurant/data=!4m7!3m6!1s0x3755c567c7ec84ff:0x2ec0eb3c4056d1f0!8m2!3d23.7898093!4d90.4036356!16s%2Fg%2F11lv8ytwjh!19sChIJ_4Tsx2fFVTcR8NFWQDzrwC4?authuser=0&hl=en&g_ep=EgoyMDI2MDkwMi4wIJJjKgBIAVAD&rclk=1,4.6,1.0K,"House- 59 Road No.7, Banani, Dhaka",23.7898093,90.4036356
Boho | Banani,Restaurant,Banani,https://www.google.com/maps/place/Boho+%7C+Banani/data=!4m7!3m6!1s0x3755c7004443ab1f:0xc56ebf8569ea3bb6!8m2!3d23.7907794!4d90.4056252!16s%2Fg%2F11w1ksrg_d!19sChIJH6tDRADHVTcRtjvqaYW_bsU?authuser=0&hl=en&g_ep=EgoyMDI2MDkwMi4wIJJjKgBIAVAD&rclk=1,4,639,"11 Block D Bridge, Banani, Dhaka",23.7907794,90.4056252
Rustic Eatery Banani,Restaurant,Banani,https://www.google.com/maps/place/Rustic+Eatery+Banani/data=!4m7!3m6!1s0x3755c75fd36cb63d:0x4f0fca8206f0b3ad!8m2!3d23.7925825!4d90.4043176!16s%2Fg%2F11p15tbg1k!19sChIJPbZs01_HVTcRrbPwBoLKD08?authuser=0&hl=en&g_ep=EgoyMDI2MDkwMi4wIJJjKgBIAVAD&rclk=1,4.2,1.6K,"House 2 Road 8, block D, Banani, Dhaka",23.7925825,90.4043176
Arrowhead Grill,Restaurant,Banani,https://www.google.com/maps/place/Arrowhead+Grill/data=!4m7!3m6!1s0x3755c758072c5455:0xc85602fb379429b!8m2!3d23.7907266!4d90.4041698!16s%2Fg%2F11t5kmgvww!19sChIJVVQsB1jHVTcRm0J5sy9ghQw?authuser=0&hl=en&g_ep=EgoyMDI2MDkwMi4wIJJjKgBIAVAD&rclk=1,4.6,3.1K,"Level 4, House 32, Block G Road No. 11, Banani, Dhaka",23.7907266,90.4041698
Meat Theory,Restaurant,Banani,https://www.google.com/maps/place/Meat+Theory/data=!4m7!3m6!1s0x3755c7ee1ec9a48f:0x6201fa6bf1b506e5!8m2!3d23.7911131!4d90.4010529!16s%2Fg%2F11h4fhywpp!19sChIJj6TJHu7HVTcR5Qa18Wv6AWI?authuser=0&hl=en&g_ep=EgoyMDI2MDkwMi4wIJJjKgBIAVAD&rclk=1,4.8,5.8K,"Tower B11, Level 14 Plot 43, Block F Road No. 11, Banani, Dhaka",23.7911131,90.4010529
Takeout Banani,Restaurant,Banani,https://www.google.com/maps/place/Takeout+Banani/data=!4m7!3m6!1s0x3755c7120ec9e20f:0x8889d4d79e711995!8m2!3d23.7931073!4d90.4057487!16s%2Fg%2F11bvv5lnw2!19sChIJD-LJDhLHVTcRlRlxntfUiYg?authuser=0&hl=en&g_ep=EgoyMDI2MDkwMi4wIJJjKgBIAVAD&rclk=1,4.4,5.9K,"Plot No. 35, Abedin Tower, 1st Floor, Road No 17, Kemal Ataturk Ave, Banani, Dhaka",23.7931073,90.4057487
Alfresco Banani,Restaurant,Banani,https://www.google.com/maps/place/Alfresco+Banani/data=!4m7!3m6!1s0x3755c70deb283103:0xc748ef315ea10517!8m2!3d23.7935128!4d90.4037559!16s%2Fg%2F11c429wgj3!19sChIJAzEo6w3HVTcRFwWhXjHvSMc?authuser=0&hl=en&g_ep=EgoyMDI2MDkwMi4wIJJjKgBIAVAD&rclk=1,4.2,3.3K,"Tower-A, House - 13, Road - 17, Bir Uttam Aminul Haque Sarak, Banani, Dhaka",23.7935128,90.4037559
Madchef | Banani,Restaurant,Banani,https://www.google.com/maps/place/Madchef+%7C+Banani/data=!4m7!3m6!1s0x3755c70ea0e7b8af:0xb4be20df81868d9e!8m2!3d23.7900096!4d90.4091706!16s%2Fg%2F11bxdytpw0!19sChIJr7jnoA7HVTcRno2Ggd8gvrQ?authuser=0&hl=en&g_ep=EgoyMDI2MDkwMi4wIJJjKgBIAVAD&rclk=1,4.3,4.0K,"5th Floor, Plot 47, Block H Road No. 11, Banani, Dhaka",23.7900096,90.4091706
The Secret Garden Banani,Restaurant,Banani,https://www.google.com/maps/place/The+Secret+Garden+Banani/data=!4m7!3m6!1s0x3755c7e1ef5d8479:0x6d2eacc7a4788043!8m2!3d23.7924647!4d90.4094797!16s%2Fg%2F11ljyj03y2!19sChIJeYRd7-HHVTcRQ4B4pMesLm0?authuser=0&hl=en&g_ep=EgoyMDI2MDkwMi4wIJJjKgBIAVAD&rclk=1,4.3,29,"28 Rd No. 19/A, Banani, Dhaka",23.7924647,90.4094797
Grill Theory,Restaurant,Banani,https://www.google.com/maps/place/Grill+Theory/data=!4m7!3m6!1s0x3755c7f937b8db1b:0x5f150521b52d6c23!8m2!3d23.7902021!4d90.4080521!16s%2Fg%2F11x8jbmjkh!19sChIJG9u4N_nHVTcRI2wttSEFFV8?authuser=0&hl=en&g_ep=EgoyMDI2MDkwMi4wIJJjKgBIAVAD&rclk=1,4.8,451,"House 25, Block H, BFC Building, Level-3, Road No. 11, Banani, Dhaka",23.7902021,90.4080521
Food Engineering Banani,Restaurant,Banani,https://www.google.com/maps/place/Food+Engineering+Banani/data=!4m7!3m6!1s0x3755c7532e9f29cb:0x2525ec8256892689!8m2!3d23.7901573!4d90.4080679!16s%2Fg%2F11lc_69xwq!19sChIJyymfLlPHVTcRiSaJVoLsJSU?authuser=0&hl=en&g_ep=EgoyMDI2MDkwMi4wIJJjKgBIAVAD&rclk=1,4.4,47,"House 25, Level-12, Lift-11, Genetic, Rd No. 11, Banani, Dhaka",23.7901573,90.4080679
Texas Restaurant | Steak & Seafood Affordable Luxury in Banani.,Restaurant,Banani,https://www.google.com/maps/place/Texas+Restaurant+%7C+Steak+%26+Seafood+Affordable+Luxury+in+Banani./data=!4m7!3m6!1s0x3755c799753ea11d:0xe1b47995a85a8261!8m2!3d23.7937943!4d90.4051393!16s%2Fg%2F11xmgjv971!19sChIJHaE-dZnHVTcRYYJaqJV5tOE?authuser=0&hl=en&g_ep=EgoyMDI2MDkwMi4wIJJjKgBIAVAD&rclk=1,4.5,61,"Banani, Dhaka",23.7937943,90.4051393
DUNE DHAKA,Restaurant,Banani,https://www.google.com/maps/place/DUNE+DHAKA/data=!4m7!3m6!1s0x3755c7aa708306d7:0xa8659451dcaea887!8m2!3d23.7899196!4d90.4081695!16s%2Fg%2F11zbfb6c7p!19sChIJ1waDcKrHVTcRh6iu3FGUZag?authuser=0&hl=en&g_ep=EgoyMDI2MDkwMi4wIJJjKgBIAVAD&rclk=1,4,201,"Block H, House 27 Road 12A, Banani, Dhaka",23.7899196,90.4081695
Star Kabab & Restaurant,Restaurant,Banani,https://www.google.com/maps/place/Star+Kabab+%26+Restaurant/data=!4m7!3m6!1s0x3755c7005430d77b:0x987d760eda694fe!8m2!3d23.793236!4d90.4028755!16s%2Fg%2F11yjsn05c5!19sChIJe9cwVADHVTcR_pSm7WDXhwk?authuser=0&hl=en&g_ep=EgoyMDI2MDkwMi4wIJJjKgBIAVAD&rclk=1,4.2,1.2K,"Block-C, House #15 Road #17, Banani, Dhaka",23.793236,90.4028755
Chillox Banani,Restaurant,Banani,https://www.google.com/maps/place/Chillox+Banani/data=!4m7!3m6!1s0x3755c70e693d17fd:0x4573fd56c6132efa!8m2!3d23.790192!4d90.4080726!16s%2Fg%2F11gglr_3w7!19sChIJ_Rc9aQ7HVTcR-i4Txlb9c0U?authuser=0&hl=en&g_ep=EgoyMDI2MDkwMi4wIJJjKgBIAVAD&rclk=1,4.4,5.8K,"12 and 11, Intersection of road, 1st Floor, House 25, Genetic, Rd No. 11, Banani, Dhaka",23.790192,90.4080726
Turkish Bazaar & Restaurant,Restaurant,Banani,https://www.google.com/maps/place/Turkish+Bazaar+%26+Restaurant/data=!4m7!3m6!1s0x3755c70c20fd0d1f:0x4ac6f8856e86d94f!8m2!3d23.7918905!4d90.4067266!16s%2Fg%2F11g_h748g!19sChIJHw39IAzHVTcRT9mGboX4xko?authuser=0&hl=en&g_ep=EgoyMDI2MDkwMi4wIJJjKgBIAVAD&rclk=1,4.2,1.3K,"House 48/E, 131 Road No 13C, Banani, Dhaka",23.7918905,90.4067266
Amrit restaurant,Restaurant,Banani,https://www.google.com/maps/place/Amrit+restaurant/data=!4m7!3m6!1s0x3755c77f51ca42a7:0xcec1a898239faea6!8m2!3d23.7932824!4d90.4043256!16s%2Fg%2F11h90_09st!19sChIJp0LKUX_HVTcRpq6fI5iowc4?authuser=0&hl=en&g_ep=EgoyMDI2MDkwMi4wIJJjKgBIAVAD&rclk=1,4.6,992,"21 Road No. 17, Banani, Dhaka",23.7932824,90.4043256
Jatra Biroti,Restaurant,Banani,https://www.google.com/maps/place/Jatra+Biroti/data=!4m7!3m6!1s0x3755c74ca9bedaf3:0x73a3b1d50765ce98!8m2!3d23.7927891!4d90.4093005!16s%2Fg%2F11g0vzbz4f!19sChIJ89q-qUzHVTcRmM5lB9Wxo3M?authuser=0&hl=en&g_ep=EgoyMDI2MDkwMi4wIJJjKgBIAVAD&rclk=1,4.1,4.4K,"House No, 63 Road No. 17/A · Bright eatery serving veggie food, Banani, Dhaka",23.7927891,90.4093005
Paturi Banani,Restaurant,Banani,https://www.google.com/maps/place/Paturi+Banani/data=!4m7!3m6!1s0x3755c70c7c381e51:0xfea6c3ab028946a2!8m2!3d23.7904975!4d90.4048496!16s%2Fg%2F11d_tgf8zz!19sChIJUR44fAzHVTcRokaJAqvDpv4?authuser=0&hl=en&g_ep=EgoyMDI2MDkwMi4wIJJjKgBIAVAD&rclk=1,4.2,1.5K,"Block G, House No, 38 Rd No. 11, Banani, Dhaka",23.7904975,90.4048496
Kindred Food Garden Banani,Restaurant,Banani,https://www.google.com/maps/place/Kindred+Food+Garden+Banani/data=!4m7!3m6!1s0x3755c7bc61c82d81:0x671f1d252e1830f4!8m2!3d23.7915925!4d90.402745!16s%2Fg%2F11k4v39tzy!19sChIJgS3IYbzHVTcR9DAYLiUdH2c?authuser=0&hl=en&g_ep=EgoyMDI2MDkwMi4wIJJjKgBIAVAD&rclk=1,4.3,141,"Block - C, Plot - 93 Road No. 6, Banani, Dhaka",23.7915925,90.402745
Time Out,Restaurant,Banani,https://www.google.com/maps/place/Time+Out/data=!4m7!3m6!1s0x3755c79e6f2d143b:0xe596c5b10b804a53!8m2!3d23.7922831!4d90.4092631!16s%2Fg%2F11bxj9hpxh!19sChIJOxQtb57HVTcRU0qAC7HFluU?authuser=0&hl=en&g_ep=EgoyMDI2MDkwMi4wIJJjKgBIAVAD&rclk=1,4.2,2.4K,"House, 77 Rd No. 19/A, Banani, Dhaka",23.7922831,90.4092631
Boithok,Restaurant,Banani,https://www.google.com/maps/place/Boithok/data=!4m7!3m6!1s0x3755c7ed69bea597:0x4f36e62ceb615320!8m2!3d23.7897829!4d90.4011234!16s%2Fg%2F11hytgr9kw!19sChIJl6W-ae3HVTcRIFNh6yzmNk8?authuser=0&hl=en&g_ep=EgoyMDI2MDkwMi4wIJJjKgBIAVAD&rclk=1,4.2,1.4K,"18 Rd No 4, Banani, Dhaka",23.7897829,90.4011234
Pagla Baburchi,Restaurant,Banani,https://www.google.com/maps/place/Pagla+Baburchi/data=!4m7!3m6!1s0x3755c74f637dcac9:0x9959986363244214!8m2!3d23.7904054!4d90.4081286!16s%2Fg%2F11mq2jv9hc!19sChIJycp9Y0_HVTcRFEIkY2OYWZk?authuser=0&hl=en&g_ep=EgoyMDI2MDkwMi4wIJJjKgBIAVAD&rclk=1,4.1,1.6K,"116 Road No. 11, Banani, Dhaka",23.7904054,90.4081286
O' Play Restaurant,Restaurant,Banani,https://www.google.com/maps/place/O%27+Play+Restaurant/data=!4m7!3m6!1s0x3755c7f947deaa97:0x7c67b70cb149d95c!8m2!3d23.7892403!4d90.4075315!16s%2Fg%2F11fkd_9gdg!19sChIJl6reR_nHVTcRXNlJsQy3Z3w?authuser=0&hl=en&g_ep=EgoyMDI2MDkwMi4wIJJjKgBIAVAD&rclk=1,4.2,1.8K,"Block H, House 36 Road No.7, Banani, Dhaka",23.7892403,90.4075315
Turkey Bliss,Restaurant,Banani,https://www.google.com/maps/place/Turkey+Bliss/data=!4m7!3m6!1s0x3755c700749e06df:0xa9257a8901164787!8m2!3d23.7910913!4d90.4016749!16s%2Fg%2F11y57f213j!19sChIJ3waedADHVTcRh0cWAYl6Jak?authuser=0&hl=en&g_ep=EgoyMDI2MDkwMi4wIJJjKgBIAVAD&rclk=1,4.4,706,"Plot 1, Level 2, Block F Road No. 11, Banani, Dhaka",23.7910913,90.4016749
Loki Restaurant & Bar,Restaurant,Banani,https://www.google.com/maps/place/Loki+Restaurant+%26+Bar/data=!4m7!3m6!1s0x3755c7c031ebf667:0xfcffc21d393279f9!8m2!3d23.7936857!4d90.4051834!16s%2Fg%2F11ry5j3gly!19sChIJZ_brMcDHVTcR-XkyOR3C__w?authuser=0&hl=en&g_ep=EgoyMDI2MDkwMi4wIJJjKgBIAVAD&rclk=1,4.4,860,"Banani, Dhaka",23.7936857,90.4051834
Al Grissino Dhaka,Restaurant,Banani,https://www.google.com/maps/place/Al+Grissino+Dhaka/data=!4m7!3m6!1s0x3755c7bd6c414e95:0x4ff760574e14751e!8m2!3d23.7924326!4d90.4083566!16s%2Fg%2F11mv_qbx02!19sChIJlU5BbL3HVTcRHnUUTldg908?authuser=0&hl=en&g_ep=EgoyMDI2MDkwMi4wIJJjKgBIAVAD&rclk=1,4.6,120,"house no 77 B, 1230 Rd 12, Banani, Dhaka",23.7924326,90.4083566
Sky View Lounge ~ Shantinagar,Restaurant,Shantinagar,https://www.google.com/maps/place/Sky+View+Lounge+~+Shantinagar/data=!4m7!3m6!1s0x3755b860827aa5ad:0xde06b37feca2a8d4!8m2!3d23.7390365!4d90.4154963!16s%2Fg%2F11ckz861nk!19sChIJraV6gmC4VTcR1Kii7H-zBt4?authuser=0&hl=en&g_ep=EgoyMDI2MDkwMi4wIJJjKgBIAVAD&rclk=1,4.1,2.8K,"118, Sky View Trade Center, 21 Floor, 27, Shilpachariya Joynul Abedin Road Old, 2 Bazar Rd, Shantinagar, Dhaka",23.7390365,90.4154963
ZURR,Restaurant,Shantinagar,https://www.google.com/maps/place/ZURR/data=!4m7!3m6!1s0x3755b96caf49fe11:0xd7b575b7665bc685!8m2!3d23.7392546!4d90.4158842!16s%2Fg%2F11yxxsbzs9!19sChIJEf5Jr2y5VTcRhcZbZrd1tdc?authuser=0&hl=en&g_ep=EgoyMDI2MDkwMi4wIJJjKgBIAVAD&rclk=1,4,199,"Flat 3F(2nd floor, Sheltech Astra, house 158 Rd, Shantinagar, Dhaka",23.7392546,90.4158842
Rustic Eatery ~ Shantinagar,Restaurant,Shantinagar,https://www.google.com/maps/place/Rustic+Eatery+~+Shantinagar/data=!4m7!3m6!1s0x3755b90047499e5f:0x79230c9f1a43698f!8m2!3d23.7391662!4d90.4158219!16s%2Fg%2F11vz0lmggn!19sChIJX55JRwC5VTcRj2lDGp8MI3k?authuser=0&hl=en&g_ep=EgoyMDI2MDkwMi4wIJJjKgBIAVAD&rclk=1,4.3,334,"158 Rd, Shantinagar, Dhaka",23.7391662,90.4158219
KOYO Restaurant,Restaurant,Shantinagar,https://www.google.com/maps/place/KOYO+Restaurant/data=!4m7!3m6!1s0x3755b9002c97c849:0xc0b8b543bfcf10d4!8m2!3d23.7392546!4d90.4158842!16s%2Fg%2F11xdztpvc1!19sChIJSciXLAC5VTcR1BDPv0O1uMA?authuser=0&hl=en&g_ep=EgoyMDI2MDkwMi4wIJJjKgBIAVAD&rclk=1,3.7,155,"158 Rd, Shantinagar, Dhaka",23.7392546,90.4158842
Ghuri rooftop,Restaurant,Shantinagar,https://www.google.com/maps/place/Ghuri+rooftop/data=!4m7!3m6!1s0x3755b9ef8d9ece25:0x205c54bdd873be7c!8m2!3d23.7403789!4d90.4107911!16s%2Fg%2F11mdb2vm4q!19sChIJJc6eje-5VTcRfL5z2L1UXCA?authuser=0&hl=en&g_ep=EgoyMDI2MDkwMi4wIJJjKgBIAVAD&rclk=1,4,128,"Holdin No122, Lift 09, Mokka Eye Hospital, Bir Uttam Samsul Alam Road, Beside Bailey Road and Habibullah Bahar University College, Shantinagar, Dhaka",23.7403789,90.4107911
SORA,Restaurant,Shantinagar,https://www.google.com/maps/place/SORA/data=!4m7!3m6!1s0x3755b9002d1870a9:0x9c7ae6e48f991a69!8m2!3d23.74216!4d90.411644!16s%2Fg%2F11wfqm6m3q!19sChIJqXAYLQC5VTcRaRqZj-Tmepw?authuser=0&hl=en&g_ep=EgoyMDI2MDkwMi4wIJJjKgBIAVAD&rclk=1,3.9,226,"118 Bailey Rd, Shantinagar, Dhaka",23.74216,90.411644
Secret Recipe Shantinagar,Restaurant,Shantinagar,https://www.google.com/maps/place/Secret+Recipe+Shantinagar/data=!4m7!3m6!1s0x3755b860260fe789:0x7a90f3172ba1f655!8m2!3d23.741223!4d90.4126059!16s%2Fg%2F11g01w_71g!19sChIJiecPJmC4VTcRVfahKxfzkHo?authuser=0&hl=en&g_ep=EgoyMDI2MDkwMi4wIJJjKgBIAVAD&rclk=1,4.1,1.1K,"Shantinagar, Dhaka",23.741223,90.4126059
Satiate,Restaurant,Shantinagar,https://www.google.com/maps/place/Satiate/data=!4m7!3m6!1s0x3755b971ed65f883:0x6c0f5b61143137da!8m2!3d23.741916!4d90.4107052!16s%2Fg%2F11svfc68zl!19sChIJg_hl7XG5VTcR2jcxFGFbD2w?authuser=0&hl=en&g_ep=EgoyMDI2MDkwMi4wIJJjKgBIAVAD&rclk=1,3.8,419,"1 Bailey Rd, Shantinagar, Dhaka",23.741916,90.4107052
Little Arabia Restaurant,Restaurant,Shantinagar,https://www.google.com/maps/place/Little+Arabia+Restaurant/data=!4m7!3m6!1s0x3755c7a199e5306d:0x2c543a959e99c941!8m2!3d23.7395897!4d90.4144586!16s%2Fg%2F11cjhl0mg6!19sChIJbTDlmaHHVTcRQcmZnpU6VCw?authuser=0&hl=en&g_ep=EgoyMDI2MDkwMi4wIJJjKgBIAVAD&rclk=1,4.1,991,"140, Al Amin Tower, 141 Rd, Shantinagar, Dhaka",23.7395897,90.4144586
Midnight Sun-3,Restaurant,Shantinagar,https://www.google.com/maps/place/Midnight+Sun-3/data=!4m7!3m6!1s0x3755b8f563bf35df:0x176b4b3bb425967b!8m2!3d23.7369696!4d90.4123102!16s%2Fg%2F1hcbjt5hf!19sChIJ3zW_Y_W4VTcRe5YltDtLaxc?authuser=0&hl=en&g_ep=EgoyMDI2MDkwMi4wIJJjKgBIAVAD&rclk=1,3.8,813,"56 VIP Rd, Shantinagar, Dhaka",23.7369696,90.4123102
Canvas zone,Restaurant,Shantinagar,https://www.google.com/maps/place/Canvas+zone/data=!4m7!3m6!1s0x3755b92bd69e8de5:0xf94952cbbb3836aa!8m2!3d23.7412903!4d90.4113925!16s%2Fg%2F11rh_f9zrj!19sChIJ5Y2e1iu5VTcRqjY4u8tSSfk?authuser=0&hl=en&g_ep=EgoyMDI2MDkwMi4wIJJjKgBIAVAD&rclk=1,4,157,"1 Bazar Rd, Shantinagar, Dhaka",23.7412903,90.4113925
SpoonLight Restaurant,Restaurant,Shantinagar,https://www.google.com/maps/place/SpoonLight+Restaurant/data=!4m7!3m6!1s0x3755b9e9e1841795:0xd8ae08f22c4c55e1!8m2!3d23.7364811!4d90.4125214!16s%2Fg%2F11z1srv_q2!19sChIJlReE4em5VTcR4VVMLPIIrtg?authuser=0&hl=en&g_ep=EgoyMDI2MDkwMi4wIJJjKgBIAVAD&rclk=1,5,8,"35/A Purana Paltan Line, VIP Rd, Shantinagar, Dhaka",23.7364811,90.4125214
Hungry,Restaurant,Shantinagar,https://www.google.com/maps/place/Hungry/data=!4m7!3m6!1s0x3755b95cad22c827:0x6e3d954000f85e38!8m2!3d23.7365032!4d90.4133385!16s%2Fg%2F11z4_cgr75!19sChIJJ8girVy5VTcROF74AECVPW4?authuser=0&hl=en&g_ep=EgoyMDI2MDkwMi4wIJJjKgBIAVAD&rclk=1,5,1,"Vashani Bhaban, 51 Rd, Shantinagar, Dhaka",23.7365032,90.4133385
Khana's Shantinagar,Restaurant,Shantinagar,https://www.google.com/maps/place/Khana%27s+Shantinagar/data=!4m7!3m6!1s0x3755b98079ddd451:0xe39ccd539b7eb3aa!8m2!3d23.7391752!4d90.415822!16s%2Fg%2F11smrfch22!19sChIJUdTdeYC5VTcRqrN-m1PNnOM?authuser=0&hl=en&g_ep=EgoyMDI2MDkwMi4wIJJjKgBIAVAD&rclk=1,4,335,"158 Rd, Shantinagar, Dhaka",23.7391752,90.415822
Dhaka Ruti House,Restaurant,Shantinagar,https://www.google.com/maps/place/Dhaka+Ruti+House/data=!4m7!3m6!1s0x3755b85e4d1a2b25:0x38d0650a6f421235!8m2!3d23.7369399!4d90.4148722!16s%2Fg%2F1pzwy8s0t!19sChIJJSsaTV64VTcRNRJCbwpl0Dg?authuser=0&hl=en&g_ep=EgoyMDI2MDkwMi4wIJJjKgBIAVAD&rclk=1,3.9,142,"101 VIP Rd, Shantinagar, Dhaka",23.7369399,90.4148722
"Bellavista, Dhaka.",Restaurant,Shantinagar,"https://www.google.com/maps/place/Bellavista,+Dhaka./data=!4m7!3m6!1s0x3755b85e572fa011:0xdcd1355d4c454cc6!8m2!3d23.736284!4d90.4153441!16s%2Fg%2F11c5fywsjd!19sChIJEaAvV164VTcRxkxFTF010dw?authuser=0&hl=en&g_ep=EgoyMDI2MDkwMi4wIJJjKgBIAVAD&rclk=1",4,295,"Shantinagar, Dhaka",23.736284,90.4153441
Zestora By Irin,Restaurant,Shantinagar,https://www.google.com/maps/place/Zestora+By+Irin/data=!4m7!3m6!1s0x3755b9a5946bdc49:0x229a68e782d9fbd7!8m2!3d23.7417893!4d90.4139669!16s%2Fg%2F11nbnpxw4j!19sChIJSdxrlKW5VTcR1_vZgudomiI?authuser=0&hl=en&g_ep=EgoyMDI2MDkwMi4wIJJjKgBIAVAD&rclk=1,4.3,1.2K,"Shantinagar, Dhaka",23.7417893,90.4139669
CPH Cafeteria (rooftop),Restaurant,Shantinagar,https://www.google.com/maps/place/CPH+Cafeteria+%28rooftop%29/data=!4m7!3m6!1s0x3755b9a1847a229f:0xf1010581f8c26d2d!8m2!3d23.736651!4d90.417515!16s%2Fg%2F11sm1n_j0c!19sChIJnyJ6hKG5VTcRLW3C-IEFAfE?authuser=0&hl=en&g_ep=EgoyMDI2MDkwMi4wIJJjKgBIAVAD&rclk=1,4.2,58,"Shantinagar, Dhaka",23.736651,90.417515
Domino’s Pizza Shantinagar,Restaurant,Shantinagar,https://www.google.com/maps/place/Domino%E2%80%99s+Pizza+Shantinagar/data=!4m7!3m6!1s0x3755b937f19ce02b:0x277f680cbb31e0dd!8m2!3d23.7410039!4d90.4124761!16s%2Fg%2F11vb81xyqm!19sChIJK-Cc8Te5VTcR3eAxuwxofyc?authuser=0&hl=en&g_ep=EgoyMDI2MDkwMi4wIJJjKgBIAVAD&rclk=1,3.9,112,"Shantinagar, Dhaka",23.7410039,90.4124761
Chillox Khilgaon,Restaurant,Khilgaon,https://www.google.com/maps/place/Chillox+Khilgaon/data=!4m7!3m6!1s0x3755b96ac8fea239:0xbb3a2f813eb935ee!8m2!3d23.7524788!4d90.4176482!16s%2Fg%2F11p545d027!19sChIJOaL-yGq5VTcR7jW5PoEvOrs?authuser=0&hl=en&g_ep=EgoyMDI2MDkwMi4wIJJjKgBIAVAD&rclk=1,4.1,2.1K,"1st Floor, 397/B Chowdhury Para, Shahid Baki Rd, Khilgaon, Dhaka",23.7524788,90.4176482
Boomers Cafe,Restaurant,Shantinagar,https://www.google.com/maps/place/Boomers+Cafe/data=!4m7!3m6!1s0x3755b88b01c9d7e1:0x23a4389d9291aec5!8m2!3d23.7417767!4d90.41004!16s%2Fg%2F1hhkp3jw7!19sChIJ4dfJAYu4VTcRxa6Rkp04pCM?authuser=0&hl=en&g_ep=EgoyMDI2MDkwMi4wIJJjKgBIAVAD&rclk=1,4,3.5K,"Navana Baily Star (3rd Floor) 9 Nawratan Colony, New Bailey Rd, Shantinagar, Dhaka",23.7417767,90.41004
Bird's Eye Roof Top Restaurant and Convention Hall,Restaurant,Shantinagar,https://www.google.com/maps/place/Bird%27s+Eye+Roof+Top+Restaurant+and+Convention+Hall/data=!4m7!3m6!1s0x3755b8f62e2bbed5:0x88dfb61ee8f36255!8m2!3d23.7304015!4d90.4121767!16s%2Fg%2F11clgpwpvz!19sChIJ1b4rLva4VTcRVWLz6B6234g?authuser=0&hl=en&g_ep=EgoyMDI2MDkwMi4wIJJjKgBIAVAD&rclk=1,4.2,2.5K,"Shantinagar, Dhaka",23.7304015,90.4121767
Old Terrace Khilgaon,Restaurant,Khilgaon,https://www.google.com/maps/place/Old+Terrace+Khilgaon/data=!4m7!3m6!1s0x3755b97ce3537ccd:0x6d49c98172f81e52!8m2!3d23.7525597!4d90.4183702!16s%2Fg%2F11myn7skkh!19sChIJzXxT43y5VTcRUh74coHJSW0?authuser=0&hl=en&g_ep=EgoyMDI2MDkwMi4wIJJjKgBIAVAD&rclk=1,4,9,"394/B, Shahid Baki Road, opposite to Brac Bank., Khilgaon, Dhaka",23.7525597,90.4183702
Cafe Hoi Choi,Restaurant,Shantinagar,https://www.google.com/maps/place/Cafe+Hoi+Choi/data=!4m7!3m6!1s0x3755b85e339862f1:0x82eb1c4dce6da9a4!8m2!3d23.7373051!4d90.4147785!16s%2Fg%2F11g6btv9g5!19sChIJ8WKYM164VTcRpKltzk0c64I?authuser=0&hl=en&g_ep=EgoyMDI2MDkwMi4wIJJjKgBIAVAD&rclk=1,4.4,398,"104 Shanti Nagar Road, Shantinagar, Dhaka",23.7373051,90.4147785
Buffet Kingdom & Restaurant,Restaurant,Khilgaon,https://www.google.com/maps/place/Buffet+Kingdom+%26+Restaurant/data=!4m7!3m6!1s0x3755b902460775b3:0x4ed1de70c088a84!8m2!3d23.7522591!4d90.4181953!16s%2Fg%2F11z1kc_9dv!19sChIJs3UHRgK5VTcRhIoIDOcd7QQ?authuser=0&hl=en&g_ep=EgoyMDI2MDkwMi4wIJJjKgBIAVAD&rclk=1,3.6,59,"582/C Shahid Baki Rd, Khilgaon, Dhaka",23.7522591,90.4181953
The Pabulum Panthapath,Restaurant,Dhanmondi,https://www.google.com/maps/place/The+Pabulum+Panthapath/data=!4m7!3m6!1s0x3755b861780c1dcd:0xac2ac63aea4bd2ee!8m2!3d23.7530253!4d90.3830681!16s%2Fg%2F11dfq5z5tr!19sChIJzR0MeGG4VTcR7tJL6jrGKqw?authuser=0&hl=en&g_ep=EgoyMDI2MDkwMi4wIJJjKgBIAVAD&rclk=1,4.3,3.0K,"Dhanmondi, Dhaka",23.7530253,90.3830681
Secret Recipe - Bailey Road Standard,Restaurant,Shantinagar,https://www.google.com/maps/place/Secret+Recipe+-+Bailey+Road+Standard/data=!4m7!3m6!1s0x3755b88baa3bd5cb:0xa98a32062b6cf82a!8m2!3d23.7419681!4d90.4099807!16s%2Fg%2F11gg___z3t!19sChIJy9U7qou4VTcRKvhsKwYyiqk?authuser=0&hl=en&g_ep=EgoyMDI2MDkwMi4wIJJjKgBIAVAD&rclk=1,4.1,878,"3rd floor, 3 Bailey Rd, Shantinagar, Dhaka",23.7419681,90.4099807
Super Supper,Restaurant,Shantinagar,https://www.google.com/maps/place/Super+Supper/data=!4m7!3m6!1s0x3755b9c3e1fd4c53:0xe252d673175f1ee7!8m2!3d23.7354602!4d90.4105606!16s%2Fg%2F11h84xk9_h!19sChIJU0z94cO5VTcR5x5fF3PWUuI?authuser=0&hl=en&g_ep=EgoyMDI2MDkwMi4wIJJjKgBIAVAD&rclk=1,4.3,230,"First Floor, 176 Shahid Nazrul Islam Rd, Shantinagar, Dhaka",23.7354602,90.4105606
Dhaka Biriyani House & Restaurant,Restaurant,Shantinagar,https://www.google.com/maps/place/Dhaka+Biriyani+House+%26+Restaurant/data=!4m7!3m6!1s0x3755b88a8f9619cf:0xd11cfec558410aec!8m2!3d23.7412579!4d90.4118708!16s%2Fg%2F11gfhwsygb!19sChIJzxmWj4q4VTcR7ApBWMX-HNE?authuser=0&hl=en&g_ep=EgoyMDI2MDkwMi4wIJJjKgBIAVAD&rclk=1,3.8,58,"Shantinagar, Dhaka",23.7412579,90.4118708
Sung Garden,Restaurant,Shantinagar,https://www.google.com/maps/place/Sung+Garden/data=!4m7!3m6!1s0x3755b8f4fee75d47:0xeece549f2b6c7849!8m2!3d23.734011!4d90.409876!16s%2Fg%2F1tf22fwx!19sChIJR13n_vS4VTcRSXhsK59Uzu4?authuser=0&hl=en&g_ep=EgoyMDI2MDkwMi4wIJJjKgBIAVAD&rclk=1,4.1,1.8K,"Akram Tower,14th floor 15/5, Shahid Syed Nazrul Islam Sharani, 5 Bijoy Nagar Road, Shantinagar, Dhaka",23.734011,90.409876
Sultan's Dine - Baily Road,Restaurant,Shantinagar,https://www.google.com/maps/place/Sultan%27s+Dine+-+Baily+Road/data=!4m7!3m6!1s0x3755b9d47cc56d9f:0x4c5464824b39434b!8m2!3d23.7417324!4d90.4104204!16s%2Fg%2F11mncd4lbj!19sChIJn23FfNS5VTcRS0M5S4JkVEw?authuser=0&hl=en&g_ep=EgoyMDI2MDkwMi4wIJJjKgBIAVAD&rclk=1,3.9,3.1K,"9 Bailey Rd, Shantinagar, Dhaka",23.7417324,90.4104204
Water Garden Restaurant & Convention Hall,Restaurant,Shantinagar,https://www.google.com/maps/place/Water+Garden+Restaurant+%26+Convention+Hall/data=!4m7!3m6!1s0x3755b907ab37c071:0x2d7ee3abdec73111!8m2!3d23.7390179!4d90.416159!16s%2Fg%2F11h2p7_p7p!19sChIJccA3qwe5VTcRETHH3qvjfi0?authuser=0&hl=en&g_ep=EgoyMDI2MDkwMi4wIJJjKgBIAVAD&rclk=1,3.9,708,"Ideal point, 156 Rd, Shantinagar, Dhaka",23.7390179,90.416159
Yumm Numm Bistro - Khilgaon,Restaurant,Khilgaon,https://www.google.com/maps/place/Yumm+Numm+Bistro+-+Khilgaon/data=!4m7!3m6!1s0x3755b900251480c7:0xa9a84d260ed00f78!8m2!3d23.7515215!4d90.4236986!16s%2Fg%2F11ytgkwhty!19sChIJx4AUJQC5VTcReA_QDiZNqKk?authuser=0&hl=en&g_ep=EgoyMDI2MDkwMi4wIJJjKgBIAVAD&rclk=1,4.8,87,"Khilgaon, Dhaka",23.7515215,90.4236986
Alfresco,Restaurant,Khilgaon,https://www.google.com/maps/place/Alfresco/data=!4m7!3m6!1s0x3755b99c2779ebab:0xc0ae87e18cf0f194!8m2!3d23.7518199!4d90.4220235!16s%2Fg%2F11btlmnhwl!19sChIJq-t5J5y5VTcRlPHwjOGHrsA?authuser=0&hl=en&g_ep=EgoyMDI2MDkwMi4wIJJjKgBIAVAD&rclk=1,4.1,2.0K,"Khilgaon, Dhaka",23.7518199,90.4220235
pizzaburg khilgaon,Restaurant,Khilgaon,https://www.google.com/maps/place/pizzaburg+khilgaon/data=!4m7!3m6!1s0x3755b9ba869124d3:0xf33e1875fee202cd!8m2!3d23.7508372!4d90.4243393!16s%2Fg%2F11lrp44rrl!19sChIJ0ySRhrq5VTcRzQLi_nUYPvM?authuser=0&hl=en&g_ep=EgoyMDI2MDkwMi4wIJJjKgBIAVAD&rclk=1,4.8,12.6K,"Khilgaon, Dhaka",23.7508372,90.4243393
DC Prime Cuisine & Restaurant │ Best Restaurant In Khilgaon,Restaurant,Khilgaon,https://www.google.com/maps/place/DC+Prime+Cuisine+%26+Restaurant+%E2%94%82+Best+Restaurant+In+Khilgaon/data=!4m7!3m6!1s0x3755b9000a87a9ad:0x5fe755a8e1a028a!8m2!3d23.7522582!4d90.4181659!16s%2Fg%2F11xmcnym54!19sChIJramHCgC5VTcRigIajlp1_gU?authuser=0&hl=en&g_ep=EgoyMDI2MDkwMi4wIJJjKgBIAVAD&rclk=1,4.6,32,"Manama Chandradwip, 582/C Taltola Rd, Khilgaon, Dhaka",23.7522582,90.4181659
Cielo Rooftop Khilgaon,Restaurant,Khilgaon,https://www.google.com/maps/place/Cielo+Rooftop+Khilgaon/data=!4m7!3m6!1s0x3755b9003a4cb82f:0x30b487f0365dce0c!8m2!3d23.7518785!4d90.4172501!16s%2Fg%2F11lcvkgkfw!19sChIJL7hMOgC5VTcRDM5dNvCHtDA?authuser=0&hl=en&g_ep=EgoyMDI2MDkwMi4wIJJjKgBIAVAD&rclk=1,3.8,216,"589/C Shahid Baki Rd, Khilgaon, Dhaka",23.7518785,90.4172501
Fat Factory,Restaurant,Khilgaon,https://www.google.com/maps/place/Fat+Factory/data=!4m7!3m6!1s0x3755b9004e0cb69f:0x8f01aad9932155e9!8m2!3d23.7475864!4d90.4292678!16s%2Fg%2F11ml3n4ysx!19sChIJn7YMTgC5VTcR6VUhk9mqAY8?authuser=0&hl=en&g_ep=EgoyMDI2MDkwMi4wIJJjKgBIAVAD&rclk=1,4.4,29,"PCXH+3MG 1 A, 577, Road 16 Tilpapara Rd, Khilgaon, Dhaka",23.7475864,90.4292678
The Dining Lounge Khilgaon,Restaurant,Khilgaon,https://www.google.com/maps/place/The+Dining+Lounge+Khilgaon/data=!4m7!3m6!1s0x3755b87016c4fd69:0xb01d655b171013db!8m2!3d23.7519025!4d90.422929!16s%2Fg%2F11c5b5ksys!19sChIJaf3EFnC4VTcR2xMQF1tlHbA?authuser=0&hl=en&g_ep=EgoyMDI2MDkwMi4wIJJjKgBIAVAD&rclk=1,3.9,3.8K,"Shotodol Rose Heights, 373/B, Level 3, Shahid Baki Rd, Khilgaon, Dhaka",23.7519025,90.422929
Roadside Kitchen Khilgaon & Countryside Khilgaon,Restaurant,Khilgaon,https://www.google.com/maps/place/Roadside+Kitchen+Khilgaon+%26+Countryside+Khilgaon/data=!4m7!3m6!1s0x3755b9007b97c1df:0x207b7a06e4787f8f!8m2!3d23.7520794!4d90.4172862!16s%2Fg%2F11whs5y3cc!19sChIJ38GXewC5VTcRj3945AZ6eyA?authuser=0&hl=en&g_ep=EgoyMDI2MDkwMi4wIJJjKgBIAVAD&rclk=1,4.1,936,"588/C Malibagh Chowdhury Para Rd, Khilgaon, Dhaka",23.7520794,90.4172862
Fuoco,Restaurant,Khilgaon,https://www.google.com/maps/place/Fuoco/data=!4m7!3m6!1s0x3755b9ce8347ce99:0xbb2694603fbc7200!8m2!3d23.7522818!4d90.4212111!16s%2Fg%2F11vl93bg46!19sChIJmc5Hg865VTcRAHK8P2CUJrs?authuser=0&hl=en&g_ep=EgoyMDI2MDkwMi4wIJJjKgBIAVAD&rclk=1,4.7,2.9K,"381b Shahid Baki Rd, Khilgaon, Dhaka",23.7522818,90.4212111
Churrasco,Restaurant,Khilgaon,https://www.google.com/maps/place/Churrasco/data=!4m7!3m6!1s0x3755b9001a1cefef:0x7eeb50d0082618e2!8m2!3d23.751821!4d90.4220968!16s%2Fg%2F11wq9tw09t!19sChIJ7-8cGgC5VTcR4hgmCNBQ634?authuser=0&hl=en&g_ep=EgoyMDI2MDkwMi4wIJJjKgBIAVAD&rclk=1,4.2,114,"Khilgaon, Dhaka",23.751821,90.4220968
Secret Recipe,Restaurant,Khilgaon,https://www.google.com/maps/place/Secret+Recipe/data=!4m7!3m6!1s0x3755b87065e821ef:0x3579034ba981468f!8m2!3d23.7521968!4d90.4167938!16s%2Fg%2F11fy_gbd7d!19sChIJ7yHoZXC4VTcRj0aBqUsDeTU?authuser=0&hl=en&g_ep=EgoyMDI2MDkwMi4wIJJjKgBIAVAD&rclk=1,4.1,1.2K,"Khilgaon, Dhaka",23.7521968,90.4167938
Shiraj Chuigosto- Khilgaon,Restaurant,Khilgaon,https://www.google.com/maps/place/Shiraj+Chuigosto-+Khilgaon/data=!4m7!3m6!1s0x3755b99ba6b1372f:0xc839fb1675b7c585!8m2!3d23.7519872!4d90.417165!16s%2Fg%2F11l2p321g0!19sChIJLzexppu5VTcRhcW3dRb7Ocg?authuser=0&hl=en&g_ep=EgoyMDI2MDkwMi4wIJJjKgBIAVAD&rclk=1,4.4,752,"589/C Shahid Baki Rd, Khilgaon, Dhaka",23.7519872,90.417165
Butter & Grace Khilgaon,Restaurant,Khilgaon,https://www.google.com/maps/place/Butter+%26+Grace+Khilgaon/data=!4m7!3m6!1s0x3755b93e4d59f14f:0xf639cec498fdcb2!8m2!3d23.7516951!4d90.4237214!16s%2Fg%2F11z7pnxk5g!19sChIJT_FZTT65VTcRstyPSeycYw8?authuser=0&hl=en&g_ep=EgoyMDI2MDkwMi4wIJJjKgBIAVAD&rclk=1,3.5,18,"368/B Sky View Nazma Tower, Level-3, Taltola Road (Beside Taltola Market), Khilgaon, Dhaka",23.7516951,90.4237214
Sky View Lounge ~ Khilgaon,Restaurant,Khilgaon,https://www.google.com/maps/place/Sky+View+Lounge+~+Khilgaon/data=!4m7!3m6!1s0x3755b9ab7d9fff91:0xa42fe00c8e8d0bf7!8m2!3d23.7516294!4d90.4237039!16s%2Fg%2F11spg7l29s!19sChIJkf-ffau5VTcR9wuNjgzgL6Q?authuser=0&hl=en&g_ep=EgoyMDI2MDkwMi4wIJJjKgBIAVAD&rclk=1,3.7,82,"Shahid Baki Rd, Khilgaon, Dhaka",23.7516294,90.4237039
Kavan,Restaurant,Khilgaon,https://www.google.com/maps/place/Kavan/data=!4m7!3m6!1s0x3755b9d1a6a1aaa5:0xeca26b3d85e02d97!8m2!3d23.7524919!4d90.417621!16s%2Fg%2F11h01wr926!19sChIJpaqhptG5VTcRly3ghT1rouw?authuser=0&hl=en&g_ep=EgoyMDI2MDkwMi4wIJJjKgBIAVAD&rclk=1,3.8,1.7K,"397/B Chowdhury Para, Shahid Baki Rd, Khilgaon, Dhaka",23.7524919,90.417621
Da Rooftop,Restaurant,Khilgaon,https://www.google.com/maps/place/Da+Rooftop/data=!4m7!3m6!1s0x3755b87b67a7fd79:0x5dc7d0c04ceab363!8m2!3d23.7524554!4d90.417582!16s%2Fg%2F11f3ts6k_7!19sChIJef2nZ3u4VTcRY7PqTMDQx10?authuser=0&hl=en&g_ep=EgoyMDI2MDkwMi4wIJJjKgBIAVAD&rclk=1,4,1.8K,"397/b Chowdhury Para, Shahid Baki Rd, Khilgaon, Dhaka",23.7524554,90.417582
Pasta Club,Restaurant,Khilgaon,https://www.google.com/maps/place/Pasta+Club/data=!4m7!3m6!1s0x3755b94816ef301b:0xf5cb685d339cf606!8m2!3d23.7519363!4d90.4216124!16s%2Fg%2F11g4d2r4_x!19sChIJGzDvFki5VTcRBvacM11oy_U?authuser=0&hl=en&g_ep=EgoyMDI2MDkwMi4wIJJjKgBIAVAD&rclk=1,4,961,"QC2C+QJH, Shahid Baki Rd, Khilgaon, Dhaka",23.7519363,90.4216124
Apple Inn,Restaurant,Khilgaon,https://www.google.com/maps/place/Apple+Inn/data=!4m7!3m6!1s0x3755b9004203539f:0x405c7c07f648401c!8m2!3d23.7518764!4d90.4229387!16s%2Fg%2F11y6kmwccb!19sChIJn1MDQgC5VTcRHEBI9gd8XEA?authuser=0&hl=en&g_ep=EgoyMDI2MDkwMi4wIJJjKgBIAVAD&rclk=1,4,63,"3rd floor, Shotodol Rose Heights, 373/B Taltola Rd, Khilgaon, Dhaka",23.7518764,90.4229387
Jahan Restaurant,Restaurant,Khilgaon,https://www.google.com/maps/place/Jahan+Restaurant/data=!4m7!3m6!1s0x3755b9007e4e9fb3:0x5fe49d64ea573789!8m2!3d23.7522641!4d90.4182302!16s%2Fg%2F11nj1qg1wj!19sChIJs59OfgC5VTcRiTdX6mSd5F8?authuser=0&hl=en&g_ep=EgoyMDI2MDkwMi4wIJJjKgBIAVAD&rclk=1,4,12,"582/C Shahid Baki Rd, Khilgaon, Dhaka",23.7522641,90.4182302
Cafe Appeliano,Restaurant,Khilgaon,https://www.google.com/maps/place/Cafe+Appeliano/data=!4m7!3m6!1s0x3755b87abd1d81bb:0xbf40cc47c826d739!8m2!3d23.7520063!4d90.4214224!16s%2Fg%2F124s_vb8w!19sChIJu4EdvXq4VTcROdcmyEfMQL8?authuser=0&hl=en&g_ep=EgoyMDI2MDkwMi4wIJJjKgBIAVAD&rclk=1,4,3.9K,"568, Shahid Baki Rd, Khilgaon, Dhaka",23.7520063,90.4214224
Basilico,Restaurant,Khilgaon,https://www.google.com/maps/place/Basilico/data=!4m7!3m6!1s0x3755b87ca049dea1:0x242a77400b784121!8m2!3d23.7523216!4d90.4173272!16s%2Fg%2F11bvt14btv!19sChIJod5JoHy4VTcRIUF4C0B3KiQ?authuser=0&hl=en&g_ep=EgoyMDI2MDkwMi4wIJJjKgBIAVAD&rclk=1,4,1.4K,"399/B Shahid Baki Rd, Khilgaon, Dhaka",23.7523216,90.4173272
Vooter Adda,Restaurant,Khilgaon,https://www.google.com/maps/place/Vooter+Adda/data=!4m7!3m6!1s0x3755b9185ef93f01:0x68b0ca0d1a17618f!8m2!3d23.7524739!4d90.4205814!16s%2Fg%2F11h9kz4j3z!19sChIJAT_5Xhi5VTcRj2EXGg3KsGg?authuser=0&hl=en&g_ep=EgoyMDI2MDkwMi4wIJJjKgBIAVAD&rclk=1,4,1.9K,"First and Second Floor, Shahid Baki Rd, Khilgaon, Dhaka",23.7524739,90.4205814
Cafe Cherry Drops,Restaurant,Khilgaon,https://www.google.com/maps/place/Cafe+Cherry+Drops/data=!4m7!3m6!1s0x3755b87ac1c1ea69:0x16b74660789bce8!8m2!3d23.7521799!4d90.4204582!16s%2Fg%2F1yhbjt0_0!19sChIJaerBwXq4VTcR6LyJB2Z0awE?authuser=0&hl=en&g_ep=EgoyMDI2MDkwMi4wIJJjKgBIAVAD&rclk=1,4,2.2K,"572/A Shahid Baki Rd, Khilgaon, Dhaka",23.7521799,90.4204582
Ground Bistro,Restaurant,Khilgaon,https://www.google.com/maps/place/Ground+Bistro/data=!4m7!3m6!1s0x3755b9f4a8add4cd:0xc2a8aeeb10496ea!8m2!3d23.752525!4d90.4182146!16s%2Fg%2F11snp6z4nc!19sChIJzdStqPS5VTcR6pYEse6KKgw?authuser=0&hl=en&g_ep=EgoyMDI2MDkwMi4wIJJjKgBIAVAD&rclk=1,4.3,531,"394/B Shahid Baki Rd, Khilgaon, Dhaka",23.752525,90.4182146
The crust,Restaurant,Khilgaon,https://www.google.com/maps/place/The+crust/data=!4m7!3m6!1s0x3755b9f05b477177:0x20178fe75a571b19!8m2!3d23.75285!4d90.4179416!16s%2Fg%2F11mvpx8ft5!19sChIJd3FHW_C5VTcRGRtXWuePFyA?authuser=0&hl=en&g_ep=EgoyMDI2MDkwMi4wIJJjKgBIAVAD&rclk=1,4.9,12,"Khilgaon, Dhaka",23.75285,90.4179416
Kacchi Bhai - Khilgaon,Restaurant,Khilgaon,https://www.google.com/maps/place/Kacchi+Bhai+-+Khilgaon/data=!4m7!3m6!1s0x3755b9074f47be91:0x3d3b8127e7ba90c2!8m2!3d23.752021!4d90.4172146!16s%2Fg%2F11vf99lppb!19sChIJkb5HTwe5VTcRwpC65yeBOz0?authuser=0&hl=en&g_ep=EgoyMDI2MDkwMi4wIJJjKgBIAVAD&rclk=1,4.5,914,"598/C Shahid Baki Rd, Khilgaon, Dhaka",23.752021,90.4172146
Khana's,Restaurant,Khilgaon,https://www.google.com/maps/place/Khana%27s/data=!4m7!3m6!1s0x3755b87ce836e349:0x552d8575a3eab953!8m2!3d23.7525242!4d90.4176881!16s%2Fg%2F11c6w0szj9!19sChIJSeM26Hy4VTcRU7nqo3WFLVU?authuser=0&hl=en&g_ep=EgoyMDI2MDkwMi4wIJJjKgBIAVAD&rclk=1,4.2,1.9K,"2nd Floor, 397/B Shahid Baki Rd, Khilgaon, Dhaka",23.7525242,90.4176881
Nightingale Skyview,Restaurant,Khilgaon,https://www.google.com/maps/place/Nightingale+Skyview/data=!4m7!3m6!1s0x3755b87aa6b9de9b:0xc15d052b4eed9ac6!8m2!3d23.751854!4d90.4217127!16s%2Fg%2F11b8t6ps9l!19sChIJm965pnq4VTcRxprtTisFXcE?authuser=0&hl=en&g_ep=EgoyMDI2MDkwMi4wIJJjKgBIAVAD&rclk=1,4.3,21,"920/C Shahid Baki Rd, Khilgaon, Dhaka",23.751854,90.4217127
Tray Story,Restaurant,Khilgaon,https://www.google.com/maps/place/Tray+Story/data=!4m7!3m6!1s0x3755b9ee2cdbcde5:0x282c80fac5b07f27!8m2!3d23.7518819!4d90.4217781!16s%2Fg%2F11f9y8k9sz!19sChIJ5c3bLO65VTcRJ3-wxfqALCg?authuser=0&hl=en&g_ep=EgoyMDI2MDkwMi4wIJJjKgBIAVAD&rclk=1,4.1,1.1K,"QC2C+PMW, 920/C Shahid Baki Rd, Khilgaon, Dhaka",23.7518819,90.4217781
Apon Coffee House,Restaurant,Khilgaon,https://www.google.com/maps/place/Apon+Coffee+House/data=!4m7!3m6!1s0x3755b84ef83f14cd:0xd149c9c39897a2f!8m2!3d23.7521554!4d90.4219121!16s%2Fg%2F11clwnpr56!19sChIJzRQ_-E64VTcRL3qJOZycFA0?authuser=0&hl=en&g_ep=EgoyMDI2MDkwMi4wIJJjKgBIAVAD&rclk=1,4.3,9.7K,"381/B Shahid Baki Rd, Khilgaon, Dhaka",23.7521554,90.4219121
Pizzabar,Restaurant,Khilgaon,https://www.google.com/maps/place/Pizzabar/data=!4m7!3m6!1s0x3755b94b469971a7:0xde6312b9e0e73f38!8m2!3d23.752006!4d90.4214548!16s%2Fg%2F11v0ghdmqn!19sChIJp3GZRku5VTcROD_n4LkSY94?authuser=0&hl=en&g_ep=EgoyMDI2MDkwMi4wIJJjKgBIAVAD&rclk=1,4.3,42,"3td floor, 568 Taltola Rd, Khilgaon, Dhaka",23.752006,90.4214548
Pizzarian BD Khilgaon,Restaurant,Khilgaon,https://www.google.com/maps/place/Pizzarian+BD+Khilgaon/data=!4m7!3m6!1s0x3755b9003b93c5e1:0x2ed3e0792c5fc3ab!8m2!3d23.7528513!4d90.419993!16s%2Fg%2F11vjw6jw3j!19sChIJ4cWTOwC5VTcRq8NfLHng0y4?authuser=0&hl=en&g_ep=EgoyMDI2MDkwMi4wIJJjKgBIAVAD&rclk=1,4.5,78,"426/b Taltola Rd, Khilgaon, Dhaka",23.7528513,90.419993
Coco Cafe,Restaurant,Khilgaon,https://www.google.com/maps/place/Coco+Cafe/data=!4m7!3m6!1s0x3755b98d375b5e75:0x87e8bc232509398c!8m2!3d23.7522708!4d90.421828!16s%2Fg%2F11jzkv2tbx!19sChIJdV5bN425VTcRjDkJJSO86Ic?authuser=0&hl=en&g_ep=EgoyMDI2MDkwMi4wIJJjKgBIAVAD&rclk=1,4,229,"643 Shahid Baki Rd, Khilgaon, Dhaka",23.7522708,90.421828
Fry King - Khilgaon,Restaurant,Khilgaon,https://www.google.com/maps/place/Fry+King+-+Khilgaon/data=!4m7!3m6!1s0x3755b95b97468241:0xa1fd6eb379c0d11f!8m2!3d23.7513192!4d90.4235693!16s%2Fg%2F11nc2ztt_j!19sChIJQYJGl1u5VTcRH9HAebNu_aE?authuser=0&hl=en&g_ep=EgoyMDI2MDkwMi4wIJJjKgBIAVAD&rclk=1,5,2,"932/C, Shahid Baki Rd, Khilgaon, Dhaka",23.7513192,90.4235693
Crisp Khilgaon,Restaurant,Khilgaon,https://www.google.com/maps/place/Crisp+Khilgaon/data=!4m7!3m6!1s0x3755b9007c49cf97:0x29434a5ff9b6b854!8m2!3d23.7522158!4d90.4177785!16s%2Fg%2F11w1v98vvc!19sChIJl89JfAC5VTcRVLi2-V9KQyk?authuser=0&hl=en&g_ep=EgoyMDI2MDkwMi4wIJJjKgBIAVAD&rclk=1,4.1,29,"583 Shahid Baki Rd, Khilgaon, Dhaka",23.7522158,90.4177785
Herfy,Restaurant,Khilgaon,https://www.google.com/maps/place/Herfy/data=!4m7!3m6!1s0x3755c7cf48450667:0xcb0fb49cde8d6e13!8m2!3d23.7522184!4d90.4216055!16s%2Fg%2F11vcml42b5!19sChIJZwZFSM_HVTcRE26N3py0D8s?authuser=0&hl=en&g_ep=EgoyMDI2MDkwMi4wIJJjKgBIAVAD&rclk=1,4.4,430,"House 380, Block B, Khilgaon, Dhaka",23.7522184,90.4216055
The Food Garage,Restaurant,Dhanmondi,https://www.google.com/maps/search/?api=1&query=The+Food+Garage+Dhanmondi+Dhaka,4.4,2.8K,"Road 27, Dhanmondi, Dhaka",23.7485,90.3732
Sultan's Dine Dhanmondi,Restaurant,Dhanmondi,https://www.google.com/maps/search/?api=1&query=Sultans+Dine+Dhanmondi+Dhaka,4.6,8.5K,"Road 9/A, Satmasjid Road, Dhanmondi, Dhaka",23.749,90.3715
Kacchi Bhai Dhanmondi,Restaurant,Dhanmondi,https://www.google.com/maps/search/?api=1&query=Kacchi+Bhai+Dhanmondi+Dhaka,4.4,5.2K,"Satmasjid Road, Dhanmondi, Dhaka",23.7472,90.3728
Star Kabab & Restaurant Dhanmondi 2,Restaurant,Dhanmondi,https://www.google.com/maps/search/?api=1&query=Star+Kabab+Dhanmondi+Dhaka,4.4,6.8K,"House 54, Road 2, Dhanmondi, Dhaka",23.741,90.378
Bistro 24,Restaurant,Dhanmondi,https://www.google.com/maps/search/?api=1&query=Bistro+24+Dhanmondi+Dhaka,4.5,3.2K,"Road 11/A, Dhanmondi, Dhaka",23.747,90.3768
Takeout Dhanmondi,Restaurant,Dhanmondi,https://www.google.com/maps/search/?api=1&query=Takeout+Dhanmondi+Dhaka,4.3,4.5K,"Shimanto Square, Dhanmondi, Dhaka",23.7388,90.3735
Yum Cha District Dhanmondi,Restaurant,Dhanmondi,https://www.google.com/maps/search/?api=1&query=Yum+Cha+District+Dhanmondi+Dhaka,4.4,2.1K,"Road 27, Dhanmondi, Dhaka",23.7482,90.3745
Burger Lab Dhanmondi,Restaurant,Dhanmondi,https://www.google.com/maps/search/?api=1&query=Burger+Lab+Dhanmondi+Dhaka,4.2,1.8K,"Road 8/A, Dhanmondi, Dhaka",23.7448,90.373
Bar B Q Tonite Dhanmondi,Restaurant,Dhanmondi,https://www.google.com/maps/search/?api=1&query=Bar+B+Q+Tonite+Dhanmondi+Dhaka,4.1,2.5K,"Satmasjid Road, Dhanmondi, Dhaka",23.7435,90.376
The Forest Lounge Dhanmondi,Restaurant,Dhanmondi,https://www.google.com/maps/search/?api=1&query=The+Forest+Lounge+Dhanmondi+Dhaka,4.3,1.9K,"Navana GH Heights, Satmasjid Road, Dhanmondi, Dhaka",23.7458,90.3752
Syed Dohi Wala Dhanmondi,Restaurant,Dhanmondi,https://www.google.com/maps/search/?api=1&query=Syed+Dohi+Wala+Dhanmondi+Dhaka,4.5,1.6K,"Road 11, Dhanmondi, Dhaka",23.745,90.3775
Al-Amar Lebanese Restaurant Dhanmondi,Restaurant,Dhanmondi,https://www.google.com/maps/search/?api=1&query=Al+Amar+Dhanmondi+Dhaka,4.3,1.4K,"Satmasjid Road, Dhanmondi, Dhaka",23.7442,90.3755
Shawarma House Dhanmondi,Restaurant,Dhanmondi,https://www.google.com/maps/search/?api=1&query=Shawarma+House+Dhanmondi+Dhaka,4.1,2.3K,"Road 4, Dhanmondi, Dhaka",23.7425,90.377
Mainland China Gulshan 1,Restaurant,Gulshan 1,https://www.google.com/maps/search/?api=1&query=Mainland+China+Gulshan+1+Dhaka,4.4,3.1K,"Gulshan Avenue, Gulshan 1, Dhaka",23.779,90.4155
Izakaya Gulshan 1,Restaurant,Gulshan 1,https://www.google.com/maps/search/?api=1&query=Izakaya+Gulshan+1+Dhaka,4.5,1.9K,"Road 138, Gulshan 1, Dhaka",23.7775,90.4162
138 East Gulshan 1,Restaurant,Gulshan 1,https://www.google.com/maps/search/?api=1&query=138+East+Gulshan+1+Dhaka,4.3,2.4K,"House 10, Road 138, Gulshan 1, Dhaka",23.7782,90.4148
Dhaba Gulshan 1,Restaurant,Gulshan 1,https://www.google.com/maps/search/?api=1&query=Dhaba+Gulshan+1+Dhaka,4.2,2.8K,"Road 103, Gulshan 1, Dhaka",23.776,90.4135
Handi Restaurant Gulshan 1,Restaurant,Gulshan 1,https://www.google.com/maps/search/?api=1&query=Handi+Restaurant+Gulshan+1+Dhaka,4.1,2.1K,"Gulshan South Avenue, Gulshan 1, Dhaka",23.7798,90.4168
Kasturi Restaurant Gulshan 1,Restaurant,Gulshan 1,https://www.google.com/maps/search/?api=1&query=Kasturi+Restaurant+Gulshan+1+Dhaka,4.3,1.7K,"Police Plaza Concord, Gulshan 1, Dhaka",23.775,90.412
Pizza Guy Gulshan 1,Restaurant,Gulshan 1,https://www.google.com/maps/search/?api=1&query=Pizza+Guy+Gulshan+1+Dhaka,4.4,1.5K,"Road 136, Gulshan 1, Dhaka",23.7788,90.4152
Buraq Restaurant Gulshan 1,Restaurant,Gulshan 1,https://www.google.com/maps/search/?api=1&query=Buraq+Restaurant+Gulshan+1+Dhaka,4.1,1.2K,"DIT Market, Gulshan 1, Dhaka",23.777,90.416
Nando's Gulshan 1,Restaurant,Gulshan 1,https://www.google.com/maps/search/?api=1&query=Nandos+Gulshan+1+Dhaka,4.2,2.5K,"Circle, Gulshan 1, Dhaka",23.7785,90.4145
Izumi Japanese Kitchen,Restaurant,Gulshan 2,https://www.google.com/maps/search/?api=1&query=Izumi+Gulshan+2+Dhaka,4.6,2.4K,"House 24C, Road 113, Gulshan 2, Dhaka",23.7942,90.414
Khazana Gulshan 2,Restaurant,Gulshan 2,https://www.google.com/maps/search/?api=1&query=Khazana+Gulshan+2+Dhaka,4.4,1.9K,"House 9, Road 46, Gulshan 2, Dhaka",23.7925,90.415
The Great Kabab Factory Gulshan 2,Restaurant,Gulshan 2,https://www.google.com/maps/search/?api=1&query=The+Great+Kabab+Factory+Gulshan+2+Dhaka,4.3,1.6K,"Gulshan 2, Dhaka",23.795,90.4128
Chef's Table Unimart Gulshan 2,Restaurant,Gulshan 2,https://www.google.com/maps/search/?api=1&query=Chefs+Table+Unimart+Gulshan+2+Dhaka,4.5,6.2K,"Gulshan Centre Point, Gulshan 2, Dhaka",23.7938,90.4132
Prego at The Westin,Restaurant,Gulshan 2,https://www.google.com/maps/search/?api=1&query=Prego+The+Westin+Gulshan+2+Dhaka,4.6,1.8K,"Main Gulshan Avenue, Gulshan 2, Dhaka",23.793,90.4145
Nando's Gulshan 2,Restaurant,Gulshan 2,https://www.google.com/maps/search/?api=1&query=Nandos+Gulshan+2+Dhaka,4.2,2.8K,"Circle Road, Gulshan 2, Dhaka",23.7935,90.4138
Woodhouse Grill Gulshan 2,Restaurant,Gulshan 2,https://www.google.com/maps/search/?api=1&query=Woodhouse+Grill+Gulshan+2+Dhaka,4.4,1.7K,"Road 50, Gulshan 2, Dhaka",23.792,90.416
Spaghetti Jazz Gulshan 2,Restaurant,Gulshan 2,https://www.google.com/maps/search/?api=1&query=Spaghetti+Jazz+Gulshan+2+Dhaka,4.3,1.9K,"Gulshan 2, Dhaka",23.794,90.4125
Saltz Fine Seafood Gulshan 2,Restaurant,Gulshan 2,https://www.google.com/maps/search/?api=1&query=Saltz+Fine+Seafood+Gulshan+2+Dhaka,4.5,1.3K,"Road 53, Gulshan 2, Dhaka",23.7948,90.4155
Istanbul Restaurant Gulshan 2,Restaurant,Gulshan 2,https://www.google.com/maps/search/?api=1&query=Istanbul+Restaurant+Gulshan+2+Dhaka,4.3,2.1K,"Gulshan Avenue, Gulshan 2, Dhaka",23.7932,90.4142
Chili's Grill & Bar Banani,Restaurant,Banani,https://www.google.com/maps/search/?api=1&query=Chilis+Banani+Dhaka,4.3,3.7K,"Road 11, Block D, Banani, Dhaka",23.7945,90.405
Meat Theory Banani,Restaurant,Banani,https://www.google.com/maps/search/?api=1&query=Meat+Theory+Banani+Dhaka,4.5,2.8K,"Road 11, Banani, Dhaka",23.7938,90.4055
Doners Turkish Restaurant Banani,Restaurant,Banani,https://www.google.com/maps/search/?api=1&query=Doners+Turkish+Restaurant+Banani+Dhaka,4.3,1.6K,"Road 10, Banani, Dhaka",23.7925,90.404
Tao Town Banani,Restaurant,Banani,https://www.google.com/maps/search/?api=1&query=Tao+Town+Banani+Dhaka,4.4,2.1K,"Road 11, Banani, Dhaka",23.7952,90.4048
Koreana Restaurant Banani,Restaurant,Banani,https://www.google.com/maps/search/?api=1&query=Koreana+Restaurant+Banani+Dhaka,4.5,1.4K,"Road 27, Block K, Banani, Dhaka",23.796,90.4035
Star Kabab & Restaurant Banani,Restaurant,Banani,https://www.google.com/maps/search/?api=1&query=Star+Kabab+Banani+Dhaka,4.3,5.1K,"Block D, Kemal Ataturk Avenue, Banani, Dhaka",23.7932,90.406
Koyla Lounge Banani,Restaurant,Banani,https://www.google.com/maps/search/?api=1&query=Koyla+Lounge+Banani+Dhaka,4.4,2.3K,"Road 12, Banani, Dhaka",23.7955,90.4062
Madchef Banani,Restaurant,Banani,https://www.google.com/maps/search/?api=1&query=Madchef+Banani+Dhaka,4.2,3.2K,"Road 11, Banani, Dhaka",23.7942,90.4042
O'Play Banani,Restaurant,Banani,https://www.google.com/maps/search/?api=1&query=O+Play+Banani+Dhaka,4.4,1.8K,"Road 11, Block F, Banani, Dhaka",23.7948,90.4058
Burger King Banani 11,Restaurant,Banani,https://www.google.com/maps/search/?api=1&query=Burger+King+Banani+Dhaka,4.1,3.4K,"Road 11, Banani, Dhaka",23.7936,90.4046
BOHO Asian Dining Banani,Restaurant,Banani,https://www.google.com/maps/search/?api=1&query=BOHO+Banani+Dhaka,4.5,1.2K,"Road 11, Banani, Dhaka",23.795,90.4042
Kacchi Bhai Mirpur 1,Restaurant,Mirpur 1,https://www.google.com/maps/search/?api=1&query=Kacchi+Bhai+Mirpur+1+Dhaka,4.3,3.4K,"Road 1, Block D, Mirpur 1, Dhaka",23.8048,90.3538
Chillox Mirpur 1,Restaurant,Mirpur 1,https://www.google.com/maps/search/?api=1&query=Chillox+Mirpur+1+Dhaka,4.1,2.9K,"Sony Cinema Hall area, Mirpur 1, Dhaka",23.8055,90.3555
Rabbani Hotel & Restaurant Mirpur 1,Restaurant,Mirpur 1,https://www.google.com/maps/search/?api=1&query=Rabbani+Hotel+Mirpur+1+Dhaka,4.3,2.5K,"Zoo Road, Mirpur 1, Dhaka",23.8035,90.353
Grand Prince Restaurant Mirpur 1,Restaurant,Mirpur 1,https://www.google.com/maps/search/?api=1&query=Grand+Prince+Hotel+Mirpur+1+Dhaka,4,1.8K,"Main Road, Mirpur 1, Dhaka",23.8062,90.3545
Ambala Restaurant Mirpur 1,Restaurant,Mirpur 1,https://www.google.com/maps/search/?api=1&query=Ambala+Restaurant+Mirpur+1+Dhaka,4.1,1.4K,"Road 4, Mirpur 1, Dhaka",23.804,90.355
Sultan's Dine Mirpur 1,Restaurant,Mirpur 1,https://www.google.com/maps/search/?api=1&query=Sultans+Dine+Mirpur+1+Dhaka,4.5,3.9K,"Near Sony Cinema, Mirpur 1, Dhaka",23.8058,90.354
Bismillah Biryani Mirpur 1,Restaurant,Mirpur 1,https://www.google.com/maps/search/?api=1&query=Bismillah+Biryani+Mirpur+1+Dhaka,4.1,1.5K,"Mukto Bangla, Mirpur 1, Dhaka",23.8032,90.3535
Star Biryani House Mirpur 1,Restaurant,Mirpur 1,https://www.google.com/maps/search/?api=1&query=Star+Biryani+Mirpur+1+Dhaka,4.2,1.7K,"Technical Mor, Mirpur 1, Dhaka",23.8025,90.352
CP Five Star Mirpur 1,Restaurant,Mirpur 1,https://www.google.com/maps/search/?api=1&query=CP+Five+Star+Mirpur+1+Dhaka,4,1.2K,"Block D, Mirpur 1, Dhaka",23.8045,90.3552
Sultan's Dine Mirpur 10,Restaurant,Mirpur 10,https://www.google.com/maps/search/?api=1&query=Sultans+Dine+Mirpur+10+Dhaka,4.6,6.8K,"Roundabout, Mirpur 10, Dhaka",23.8072,90.3688
Star Kabab Mirpur 10,Restaurant,Mirpur 10,https://www.google.com/maps/search/?api=1&query=Star+Kabab+Mirpur+10+Dhaka,4.3,4.9K,"Near Metro Station, Mirpur 10, Dhaka",23.8065,90.3675
Madchef Mirpur 10,Restaurant,Mirpur 10,https://www.google.com/maps/search/?api=1&query=Madchef+Mirpur+10+Dhaka,4.3,3.5K,"Block C, Mirpur 10, Dhaka",23.8082,90.369
Kacchi Bhai Mirpur 10,Restaurant,Mirpur 10,https://www.google.com/maps/search/?api=1&query=Kacchi+Bhai+Mirpur+10+Dhaka,4.4,4.1K,"Circle, Mirpur 10, Dhaka",23.8075,90.368
Buffet Stories Mirpur 10,Restaurant,Mirpur 10,https://www.google.com/maps/search/?api=1&query=Buffet+Stories+Mirpur+10+Dhaka,4.3,2.8K,"Main Road, Mirpur 10, Dhaka",23.8068,90.37
Cafe Rio Buffet Mirpur 10,Restaurant,Mirpur 10,https://www.google.com/maps/search/?api=1&query=Cafe+Rio+Mirpur+10+Dhaka,4.2,3.1K,"Roundabout, Mirpur 10, Dhaka",23.8078,90.367
Sarder's Kitchen Mirpur 10,Restaurant,Mirpur 10,https://www.google.com/maps/search/?api=1&query=Sarders+Kitchen+Mirpur+10+Dhaka,4.2,1.8K,"Senpara Parbata, Mirpur 10, Dhaka",23.806,90.3695
Pizza Burg Mirpur 10,Restaurant,Mirpur 10,https://www.google.com/maps/search/?api=1&query=Pizza+Burg+Mirpur+10+Dhaka,4.3,3.2K,"Roundabout, Mirpur 10, Dhaka",23.807,90.3685
Khana's Mirpur 10,Restaurant,Mirpur 10,https://www.google.com/maps/search/?api=1&query=Khanas+Mirpur+10+Dhaka,4.2,2.7K,"Block C, Mirpur 10, Dhaka",23.808,90.368
Chillox Mirpur 10,Restaurant,Mirpur 10,https://www.google.com/maps/search/?api=1&query=Chillox+Mirpur+10+Dhaka,4.1,2.9K,"Opposite Stadium, Mirpur 10, Dhaka",23.8068,90.3672
Khana's Restaurant Mirpur 11,Restaurant,Mirpur 11,https://www.google.com/maps/search/?api=1&query=Khanas+Restaurant+Mirpur+11+Dhaka,4.3,2.8K,"Main Avenue, Mirpur 11, Dhaka",23.8185,90.364
Hungry Eyes Restaurant Mirpur 11,Restaurant,Mirpur 11,https://www.google.com/maps/search/?api=1&query=Hungry+Eyes+Mirpur+11+Dhaka,4.1,1.6K,"Block D, Mirpur 11, Dhaka",23.8178,90.3655
Pizza Inn Mirpur 11,Restaurant,Mirpur 11,https://www.google.com/maps/search/?api=1&query=Pizza+Inn+Mirpur+11+Dhaka,4,1.9K,"Block D, Avenue 5, Mirpur 11, Dhaka",23.8182,90.3648
Food Engineering Pallabi,Restaurant,Mirpur 11,https://www.google.com/maps/search/?api=1&query=Food+Engineering+Pallabi+Mirpur+11+Dhaka,4.2,1.3K,"Pallabi, Mirpur 11, Dhaka",23.8195,90.3628
Mehman Bari Restaurant Mirpur 11,Restaurant,Mirpur 11,https://www.google.com/maps/search/?api=1&query=Mehman+Bari+Mirpur+11+Dhaka,4.2,1.5K,"Avenue 5, Pallabi, Mirpur 11, Dhaka",23.8175,90.3642
Pizza Weist Mirpur 11,Restaurant,Mirpur 11,https://www.google.com/maps/search/?api=1&query=Pizza+Weist+Mirpur+11+Dhaka,4.1,1.1K,"Pallabi Main Road, Mirpur 11, Dhaka",23.8188,90.365
BFC Best Fried Chicken Mirpur 11,Restaurant,Mirpur 11,https://www.google.com/maps/search/?api=1&query=BFC+Mirpur+11+Dhaka,4,1.7K,"Bus Stand, Mirpur 11, Dhaka",23.818,90.3638
Star Kabab Mirpur 11,Restaurant,Mirpur 11,https://www.google.com/maps/search/?api=1&query=Star+Kabab+Mirpur+11+Dhaka,4.2,2.3K,"Avenue 5, Mirpur 11, Dhaka",23.8172,90.3645
Nongor Rooftop Restaurant Mirpur 12,Restaurant,Mirpur 12,https://www.google.com/maps/search/?api=1&query=Nongor+Rooftop+Restaurant+Mirpur+12+Dhaka,4.3,2.2K,"Near Metro Terminal, Mirpur 12, Dhaka",23.8272,90.3608
Al Razzak Restaurant Mirpur 12,Restaurant,Mirpur 12,https://www.google.com/maps/search/?api=1&query=Al+Razzak+Restaurant+Mirpur+12+Dhaka,4.2,1.9K,"Bus Stand Road, Mirpur 12, Dhaka",23.8275,90.3605
Royal Restaurant Mirpur 12,Restaurant,Mirpur 12,https://www.google.com/maps/search/?api=1&query=Royal+Restaurant+Mirpur+12+Dhaka,4.1,1.7K,"Kazipara /, Mirpur 12, Dhaka",23.8268,90.3618
Pizza Lane Mirpur 12,Restaurant,Mirpur 12,https://www.google.com/maps/search/?api=1&query=Pizza+Lane+Mirpur+12+Dhaka,4,1.2K,"Old Pallabi Road, Mirpur 12, Dhaka",23.828,90.36
Posh Lounge Rooftop Mirpur 12,Restaurant,Mirpur 12,https://www.google.com/maps/search/?api=1&query=Posh+Lounge+Rooftop+Mirpur+12+Dhaka,4.2,1.4K,"Safura Tower, Mirpur 12, Dhaka",23.8262,90.3612
BFC Best Fried Chicken Mirpur 12,Restaurant,Mirpur 12,https://www.google.com/maps/search/?api=1&query=BFC+Block+A+Mirpur+12+Dhaka,4.1,1.5K,"Block A, Mirpur 12, Dhaka",23.827,90.361
Hot Plate Restaurant Mirpur 12,Restaurant,Mirpur 12,https://www.google.com/maps/search/?api=1&query=Hot+Plate+Restaurant+Mirpur+12+Dhaka,4.1,1.1K,"Terminal Road, Mirpur 12, Dhaka",23.8285,90.3603
Radhuni Restaurant Mirpur 12,Restaurant,Mirpur 12,https://www.google.com/maps/search/?api=1&query=Radhuni+Restaurant+Mirpur+12+Dhaka,4,950,"Circle, Mirpur 12, Dhaka",23.8265,90.362
Mirpur Kacchi House Mirpur 12,Restaurant,Mirpur 12,https://www.google.com/maps/search/?api=1&query=Mirpur+Kacchi+House+Mirpur+12+Dhaka,4.2,1.3K,"Bus Stand, Mirpur 12, Dhaka",23.8278,90.3615
Fakruddin Biryani Shantinagar,Restaurant,Shantinagar,https://www.google.com/maps/search/?api=1&query=Fakruddin+Biryani+Shantinagar+Dhaka,4.5,6.2K,"Crossing, Shantinagar, Dhaka",23.7385,90.4135
Haji Biryani Shantinagar,Restaurant,Shantinagar,https://www.google.com/maps/search/?api=1&query=Haji+Biryani+Shantinagar+Dhaka,4.3,4.8K,"Near Bazaar, Shantinagar, Dhaka",23.7378,90.4128
Khana's Classic Shantinagar,Restaurant,Shantinagar,https://www.google.com/maps/search/?api=1&query=Khanas+Shantinagar+Dhaka,4.3,3.1K,"Twin Towers Concord area, Shantinagar, Dhaka",23.739,90.414
Bismillah Restaurant Shantinagar,Restaurant,Shantinagar,https://www.google.com/maps/search/?api=1&query=Bismillah+Restaurant+Shantinagar+Dhaka,4.2,2.3K,"Main Road, Shantinagar, Dhaka",23.7372,90.4122
Bengal Meat Deli Shantinagar,Restaurant,Shantinagar,https://www.google.com/maps/search/?api=1&query=Bengal+Meat+Deli+Shantinagar+Dhaka,4.4,1.7K,"Crossing, Shantinagar, Dhaka",23.7382,90.4138
Chillox Shantinagar,Restaurant,Shantinagar,https://www.google.com/maps/search/?api=1&query=Chillox+Shantinagar+Dhaka,4.2,2.6K,"Twin Towers, Shantinagar, Dhaka",23.7395,90.4145
Kasturi Restaurant Shantinagar,Restaurant,Shantinagar,https://www.google.com/maps/search/?api=1&query=Kasturi+Restaurant+Shantinagar+Dhaka,4.3,1.9K,"Circle, Shantinagar, Dhaka",23.738,90.413
New Star Kabab Shantinagar,Restaurant,Shantinagar,https://www.google.com/maps/search/?api=1&query=New+Star+Kabab+Shantinagar+Dhaka,4.1,1.5K,"Kakrail Border, Shantinagar, Dhaka",23.7368,90.412
Royal Dine Restaurant Shantinagar,Restaurant,Shantinagar,https://www.google.com/maps/search/?api=1&query=Royal+Dine+Shantinagar+Dhaka,4,1.2K,"Twin Towers Concord, Shantinagar, Dhaka",23.7392,90.4142
Shelley's Restaurant Khilgaon,Restaurant,Khilgaon,https://www.google.com/maps/search/?api=1&query=Shelleys+Restaurant+Khilgaon+Dhaka,4.2,2.1K,"Taltola Chowrasta, Khilgaon, Dhaka",23.7515,90.4225
House of Shen Khilgaon,Restaurant,Khilgaon,https://www.google.com/maps/search/?api=1&query=House+of+Shen+Khilgaon+Dhaka,4.4,2.9K,"Shahid Baki Road, Khilgaon, Dhaka",23.7522,90.4218
Longhorn Steaks and Pizza Khilgaon,Restaurant,Khilgaon,https://www.google.com/maps/search/?api=1&query=Longhorn+Steaks+and+Pizza+Khilgaon+Dhaka,4.3,2.5K,"Taltola, Khilgaon, Dhaka",23.7508,90.423
Cafe Park Khilgaon,Restaurant,Khilgaon,https://www.google.com/maps/search/?api=1&query=Cafe+Park+Khilgaon+Dhaka,4.4,3.1K,"Taltola Main Road, Khilgaon, Dhaka",23.7512,90.4222
Chittagong Bull Khilgaon,Restaurant,Khilgaon,https://www.google.com/maps/search/?api=1&query=Chittagong+Bull+Khilgaon+Dhaka,4.5,4.8K,"Shahid Baki Road, Khilgaon, Dhaka",23.7525,90.4215
Pasta Club Khilgaon,Restaurant,Khilgaon,https://www.google.com/maps/search/?api=1&query=Pasta+Club+Khilgaon+Dhaka,4.2,2.4K,"Taltola, Khilgaon, Dhaka",23.7505,90.4228
Lounge De Novo Rooftop Khilgaon,Restaurant,Khilgaon,https://www.google.com/maps/search/?api=1&query=Lounge+De+Novo+Khilgaon+Dhaka,4.3,1.9K,"Nightingale Skyview, Khilgaon, Dhaka",23.7518,90.4235
Crush Station Khilgaon,Restaurant,Khilgaon,https://www.google.com/maps/search/?api=1&query=Crush+Station+Khilgaon+Dhaka,4.3,2.6K,"Taltola Chowrasta, Khilgaon, Dhaka",23.751,90.422
Time Square Dine Khilgaon,Restaurant,Khilgaon,https://www.google.com/maps/search/?api=1&query=Time+Square+Dine+Khilgaon+Dhaka,4.2,1.7K,"Nazma Tower, Khilgaon, Dhaka",23.7514,90.4226
Gold on 7 Rooftop Khilgaon,Restaurant,Khilgaon,https://www.google.com/maps/search/?api=1&query=Gold+on+7+Khilgaon+Dhaka,4.4,1.8K,"Nazma Tower 7th Floor, Khilgaon, Dhaka",23.7516,90.4224
Pizza Town Khilgaon,Restaurant,Khilgaon,https://www.google.com/maps/search/?api=1&query=Pizza+Town+Khilgaon+Dhaka,4.1,2.2K,"Shahid Baki Road, Khilgaon, Dhaka",23.752,90.4216
KURO,Restaurant,Uttara,https://www.google.com/maps/place/KURO/data=!4m7!3m6!1s0x3755c52e80c3cad1:0x82c2ac4e7275038!8m2!3d23.8726446!4d90.3840346!16s%2Fg%2F11y0fggsrd!19sChIJ0crDgC7FVTcROFAn58QqLAg?authuser=0&hl=en&g_ep=EgoyMDI2MDkwOS4wIJJjKgBIAVAD&rclk=1,4.5,1.2K,"Uttara, Dhaka",23.872645,90.384035
The Dining Lounge Uttara,Restaurant,Uttara,https://www.google.com/maps/place/The+Dining+Lounge+Uttara/data=!4m7!3m6!1s0x3755c50065c407c3:0x3152b276482cf97d!8m2!3d23.8748064!4d90.4000963!16s%2Fg%2F11vqxf0jq8!19sChIJwwfEZQDFVTcRffksSHayUjE?authuser=0&hl=en&g_ep=EgoyMDI2MDkwOS4wIJJjKgBIAVAD&rclk=1,4.6,1.2K,"Uttara, Dhaka",23.874806,90.400096
Mainland Chinese Blue Uttara,Restaurant,Uttara,https://www.google.com/maps/place/Mainland+Chinese+Blue+Uttara/data=!4m7!3m6!1s0x3755c5fe8fb98f51:0xf490dcf6ec4f360e!8m2!3d23.8623997!4d90.3995023!16s%2Fg%2F11khzbw41c!19sChIJUY-5j_7FVTcRDjZP7PbckPQ?authuser=0&hl=en&g_ep=EgoyMDI2MDkwOS4wIJJjKgBIAVAD&rclk=1,4.2,1.2K,"Plot No 15, 14th Floor, Siaam Tower, Service Rd , Uttara, Dhaka",23.8624,90.399502
Fork Wave,Restaurant,Uttara,https://www.google.com/maps/place/Fork+Wave/data=!4m7!3m6!1s0x3755c5001b4619d1:0xb267a24f5990609b!8m2!3d23.8674743!4d90.3943561!16s%2Fg%2F11xl6fwj4b!19sChIJ0RlGGwDFVTcRm2CQWU-iZ7I?authuser=0&hl=en&g_ep=EgoyMDI2MDkwOS4wIJJjKgBIAVAD&rclk=1,4.5,1.2K,"1st Floor House 1, Vivek Heights, Road 18 Rabindra Sarani , Uttara, Dhaka",23.867474,90.394356
Charcoal BAR & BBQ Restaurant,Restaurant,Uttara,https://www.google.com/maps/place/Charcoal+BAR+%26+BBQ+Restaurant/data=!4m7!3m6!1s0x3755c7d693f2c0c1:0xe4f1e75507e24c!8m2!3d23.8552426!4d90.404097!16s%2Fg%2F11l3stp5wm!19sChIJwcDyk9bHVTcRTOIHVefx5AA?authuser=0&hl=en&g_ep=EgoyMDI2MDkwOS4wIJJjKgBIAVAD&rclk=1,4.5,1.2K,"Maple Leaf Hotel, Plot 1B, Rd No 1 , Uttara, Dhaka",23.855243,90.404097
Dim Sum Town,Restaurant,Uttara,https://www.google.com/maps/place/Dim+Sum+Town/data=!4m7!3m6!1s0x3755c5b874a4b5d3:0xe81f7c49cf96096!8m2!3d23.8786925!4d90.390891!16s%2Fg%2F11t96lzrx0!19sChIJ07WkdLjFVTcRlmD5nMT3gQ4?authuser=0&hl=en&g_ep=EgoyMDI2MDkwOS4wIJJjKgBIAVAD&rclk=1,4.4,1.2K,"House 24 (Level 3), Road 10/B, Gareeb-e-Nawaz Ave , Uttara, Dhaka",23.878692,90.390891
Ajo Idea Space,Restaurant,Uttara,https://www.google.com/maps/place/Ajo+Idea+Space/data=!4m7!3m6!1s0x3755c4178dd4e377:0x86abe4dac9110516!8m2!3d23.870452!4d90.392198!16s%2Fg%2F11gz9md3w!19sChIJd-PUjRfEVTcRFgURydrkq4Y?authuser=0&hl=en&g_ep=EgoyMDI2MDkwOS4wIJJjKgBIAVAD&rclk=1,4.3,1.2K,"14/A, Road No. 2 Industrial haunt with a global menu , Uttara, Dhaka",23.870452,90.392198
Kala Bhuna & Kabab Nook,Restaurant,Uttara,https://www.google.com/maps/place/Kala+Bhuna+%26+Kabab+Nook/data=!4m7!3m6!1s0x3755c58655345b23:0x9c4a4e43f6776b12!8m2!3d23.867749!4d90.393657!16s%2Fg%2F11w40vtr0z!19sChIJI1s0VYbFVTcREmt39kNOSpw?authuser=0&hl=en&g_ep=EgoyMDI2MDkwOS4wIJJjKgBIAVAD&rclk=1,4.6,1.2K,"House: 5 Lake Drive Rd , Uttara, Dhaka",23.867749,90.393657
Indulge Uttara,Restaurant,Uttara,https://www.google.com/maps/place/Indulge+Uttara/data=!4m7!3m6!1s0x3755c5390e4b7e93:0xb686293284f8a60e!8m2!3d23.869562!4d90.3870109!16s%2Fg%2F11rwxxb1qg!19sChIJk35LDjnFVTcRDqb4hDIphrY?authuser=0&hl=en&g_ep=EgoyMDI2MDkwOS4wIJJjKgBIAVAD&rclk=1,4.3,1.2K,"Uttara, Dhaka",23.869562,90.387011
Lake Terrace,Restaurant,Uttara,https://www.google.com/maps/place/Lake+Terrace/data=!4m7!3m6!1s0x3755c418017b005b:0x4b65f1e2c6f6056c!8m2!3d23.8696791!4d90.3933915!16s%2Fg%2F12hmyx_nw!19sChIJWwB7ARjEVTcRbAX2xuLxZUs?authuser=0&hl=en&g_ep=EgoyMDI2MDkwOS4wIJJjKgBIAVAD&rclk=1,4,1.2K,"House # 25/E, Lake Drive Rd Rooftop steak & seafood restaurant , Uttara, Dhaka",23.869679,90.393392
Station by Chef's Table Uttara,Restaurant,Uttara,https://www.google.com/maps/place/Station+by+Chef%27s+Table+Uttara/data=!4m7!3m6!1s0x3755b9b0df97f3f3:0x9807aebabde347dd!8m2!3d23.8696428!4d90.3896877!16s%2Fg%2F11z18wwh9x!19sChIJ8_OX37C5VTcR3UfjvbquB5g?authuser=0&hl=en&g_ep=EgoyMDI2MDkwOS4wIJJjKgBIAVAD&rclk=1,3.9,1.2K,"Tropical Dilara Tower, Plot 20 Gausul Azam Ave , Uttara, Dhaka",23.869643,90.389688
Trouvaille,Restaurant,Uttara,https://www.google.com/maps/place/Trouvaille/data=!4m7!3m6!1s0x3755c422f24481bf:0xa92ab1e7f8ca7fb7!8m2!3d23.855826!4d90.4035764!16s%2Fg%2F11g9dsl6rt!19sChIJv4FE8iLEVTcRt3_K-OexKqk?authuser=0&hl=en&g_ep=EgoyMDI2MDkwOS4wIJJjKgBIAVAD&rclk=1,4.4,1.2K,"House 2 Road No. 2 , Uttara, Dhaka",23.855826,90.403576
Thai Emerald Uttara,Restaurant,Uttara,https://www.google.com/maps/place/Thai+Emerald+Uttara/data=!4m7!3m6!1s0x3755c4246085c8e9:0xa71633b97a44098b!8m2!3d23.8686575!4d90.3939421!16s%2Fg%2F1hhk33p4m!19sChIJ6ciFYCTEVTcRiwlEerkzFqc?authuser=0&hl=en&g_ep=EgoyMDI2MDkwOS4wIJJjKgBIAVAD&rclk=1,4.3,1.2K,"House 22 Lake Drive Rd , Uttara, Dhaka",23.868658,90.393942
Sayor,Restaurant,Uttara,https://www.google.com/maps/place/Sayor/data=!4m7!3m6!1s0x3755c500341840cb:0xa4c9f23ecf410a7c!8m2!3d23.8691652!4d90.3863269!16s%2Fg%2F11y19h5601!19sChIJy0AYNADFVTcRfApBzz7yyaQ?authuser=0&hl=en&g_ep=EgoyMDI2MDkwOS4wIJJjKgBIAVAD&rclk=1,4.2,1.2K,"Uttara, Dhaka",23.869165,90.386327
WOODNEST Restaurant,Restaurant,Uttara,https://www.google.com/maps/place/WOODNEST+Restaurant/data=!4m7!3m6!1s0x3755c75827ef3e07:0xa327c8edb29224c8!8m2!3d23.8652021!4d90.3626285!16s%2Fg%2F11k43dq14w!19sChIJBz7vJ1jHVTcRyCSSsu3IJ6M?authuser=0&hl=en&g_ep=EgoyMDI2MDkwOS4wIJJjKgBIAVAD&rclk=1,4.1,1.2K,"PLOT-1/A, BLOCK-C Rd 4 , Uttara, Dhaka",23.865202,90.362628
Two Spoons(Uttara),Restaurant,Uttara,https://www.google.com/maps/place/Two+Spoons%28Uttara%29/data=!4m7!3m6!1s0x3755c506efd84ad5:0xd44d9fc62c45b701!8m2!3d23.8724396!4d90.391141!16s%2Fg%2F11lv02_kmq!19sChIJ1UrY7wbFVTcRAbdFLMafTdQ?authuser=0&hl=en&g_ep=EgoyMDI2MDkwOS4wIJJjKgBIAVAD&rclk=1,4.3,1.2K,"Uttara, Dhaka",23.87244,90.391141
"Hotplate lake drive uttara, Dhaka",Restaurant,Uttara,"https://www.google.com/maps/place/Hotplate+lake+drive+uttara,+Dhaka/data=!4m7!3m6!1s0x3755c554f7910855:0x906108694aeebc7b!8m2!3d23.8675706!4d90.3939277!16s%2Fg%2F11h1cty0bt!19sChIJVQiR91TFVTcRe7zuSmkIYZA?authuser=0&hl=en&g_ep=EgoyMDI2MDkwOS4wIJJjKgBIAVAD&rclk=1",4.1,1.2K,"3rd floor, House 6, 4 Lake Drive Rd , Uttara, Dhaka",23.867571,90.393928
Izakaya Uttara,Restaurant,Uttara,https://www.google.com/maps/place/Izakaya+Uttara/data=!4m7!3m6!1s0x3755c54cfa090dad:0x6ac2943a2422289!8m2!3d23.8678688!4d90.3966386!16s%2Fg%2F11khz1l13j!19sChIJrQ0J-kzFVTcRiSJCokMprAY?authuser=0&hl=en&g_ep=EgoyMDI2MDkwOS4wIJJjKgBIAVAD&rclk=1,4.6,1.2K,"House# 26 Rabindra Sarani , Uttara, Dhaka",23.867869,90.396639
Shiraj Chuigosto - Uttara,Restaurant,Uttara,https://www.google.com/maps/place/Shiraj+Chuigosto+-+Uttara/data=!4m7!3m6!1s0x3755c54b3d331a7d:0xc30147f6b9d41704!8m2!3d23.8748094!4d90.4001437!16s%2Fg%2F11jsrdvjcv!19sChIJfRozPUvFVTcRBBfUufZHAcM?authuser=0&hl=en&g_ep=EgoyMDI2MDkwOS4wIJJjKgBIAVAD&rclk=1,4.5,1.2K,"Road 1/B, House 2 , Uttara, Dhaka",23.874809,90.400144
Bali Restaurant,Restaurant,Uttara,https://www.google.com/maps/place/Bali+Restaurant/data=!4m7!3m6!1s0x3755c14af6d67d97:0xa8a7d7e74b72e84f!8m2!3d23.8534172!4d90.3675399!16s%2Fg%2F11wp701wtp!19sChIJl33W9krBVTcRT-hyS-fXp6g?authuser=0&hl=en&g_ep=EgoyMDI2MDkwOS4wIJJjKgBIAVAD&rclk=1,3.5,456,"Sector 17, Uttara Diabari, near 6 no bridge. , Uttara, Dhaka",23.853417,90.36754
"Lakeview Restaurant & Bar, Uttara",Restaurant,Uttara,"https://www.google.com/maps/place/Lakeview+Restaurant+%26+Bar,+Uttara/data=!4m7!3m6!1s0x3755c4171b34e5a1:0x6d14c22d6da3931!8m2!3d23.8723698!4d90.3906265!16s%2Fg%2F11f4qq376r!19sChIJoeU0GxfEVTcRMTna1iJM0QY?authuser=0&hl=en&g_ep=EgoyMDI2MDkwOS4wIJJjKgBIAVAD&rclk=1",4.2,1.2K,"Uttara, Dhaka",23.87237,90.390626
TAKUMI Japanese Restaurant Uttara,Restaurant,Uttara,https://www.google.com/maps/place/TAKUMI+Japanese+Restaurant+Uttara/data=!4m7!3m6!1s0x3755c50041863f07:0x5593812de081ed83!8m2!3d23.8744821!4d90.3896856!16s%2Fg%2F11wy1dj18z!19sChIJBz-GQQDFVTcRg-2B4C2Bk1U?authuser=0&hl=en&g_ep=EgoyMDI2MDkwOS4wIJJjKgBIAVAD&rclk=1,4.5,170,"38 Sonargaon Janapath Road, SBDL PADMANAGOR , Lift -8 , Uttara, Dhaka",23.874482,90.389686
PizzaBurg Uttara Branch,Restaurant,Uttara,https://www.google.com/maps/place/PizzaBurg+Uttara+Branch/data=!4m7!3m6!1s0x3755c54153df3a25:0xb32f92a842080350!8m2!3d23.8788396!4d90.3902312!16s%2Fg%2F11f88jm64j!19sChIJJTrfU0HFVTcRUAMIQqiSL7M?authuser=0&hl=en&g_ep=EgoyMDI2MDkwOS4wIJJjKgBIAVAD&rclk=1,4.8,16.9K,"Uttara, Dhaka",23.87884,90.390231
Sky View Restaurant & Party Center,Restaurant,Uttara,https://www.google.com/maps/place/Sky+View+Restaurant+%26+Party+Center/data=!4m7!3m6!1s0x3755c5969a1f1a43:0xdd179dd4fd14de!8m2!3d23.8645572!4d90.4012063!16s%2Fg%2F11t5qw_5pf!19sChIJQxofmpbFVTcR3hT91J0X3QA?authuser=0&hl=en&g_ep=EgoyMDI2MDkwOS4wIJJjKgBIAVAD&rclk=1,4,154,"House 9 Rd 13 , Uttara, Dhaka",23.864557,90.401206
XINXIAN Restaurant,Restaurant,Uttara,https://www.google.com/maps/place/XINXIAN+Restaurant/data=!4m7!3m6!1s0x3755c4278a55f6c1:0x2715ab0cc1c1222e!8m2!3d23.858005!4d90.4017831!16s%2Fg%2F11h_bgnqt3!19sChIJwfZViifEVTcRLiLBwQyrFSc?authuser=0&hl=en&g_ep=EgoyMDI2MDkwOS4wIJJjKgBIAVAD&rclk=1,4,2.7K,"House No, 1 Rd No 8 , Uttara, Dhaka",23.858005,90.401783
Sushi yAki Uttara,Restaurant,Uttara,https://www.google.com/maps/place/Sushi+yAki+Uttara/data=!4m7!3m6!1s0x3755c50af09e5c27:0xe43addbfd4839e7a!8m2!3d23.8697586!4d90.3921911!16s%2Fg%2F11jyytjw82!19sChIJJ1ye8ArFVTcRep6D1L_dOuQ?authuser=0&hl=en&g_ep=EgoyMDI2MDkwOS4wIJJjKgBIAVAD&rclk=1,4.1,303,"House 4 Road-2 , Uttara, Dhaka",23.869759,90.392191
Uttara Restaurant,Restaurant,Uttara,https://www.google.com/maps/place/Uttara+Restaurant/data=!4m7!3m6!1s0x3755c596f8d27445:0x6f1ce9d1146779d7!8m2!3d23.8758146!4d90.3794502!16s%2Fg%2F11j1cjpwnq!19sChIJRXTS-JbFVTcR13lnFNHpHG8?authuser=0&hl=en&g_ep=EgoyMDI2MDkwOS4wIJJjKgBIAVAD&rclk=1,3.8,755,"Uttara, Dhaka",23.875815,90.37945
Tokyo Kitchen Uttara,Restaurant,Uttara,https://www.google.com/maps/place/Tokyo+Kitchen+Uttara/data=!4m7!3m6!1s0x3755c5007beb3e7b:0x9cb9a770af24170a!8m2!3d23.8741341!4d90.3915764!16s%2Fg%2F11wxphkyml!19sChIJez7rewDFVTcRChckr3CnuZw?authuser=0&hl=en&g_ep=EgoyMDI2MDkwOS4wIJJjKgBIAVAD&rclk=1,4.3,179,"17 Sonargaon Janapath Rd , Uttara, Dhaka",23.874134,90.391576
Dip Fry and Steak,Restaurant,Uttara,https://www.google.com/maps/place/Dip+Fry+and+Steak/data=!4m7!3m6!1s0x3755c5004b2469cf:0x194f83311cf087d5!8m2!3d23.8676626!4d90.3989142!16s%2Fg%2F11y8n667rq!19sChIJz2kkSwDFVTcR1YfwHDGDTxk?authuser=0&hl=en&g_ep=EgoyMDI2MDkwOS4wIJJjKgBIAVAD&rclk=1,4.4,328,"House 05, Level 02, Sector 03, Road, 15 Rabindra Sarani , Uttara, Dhaka",23.867663,90.398914
Sushi Momo Uttara,Restaurant,Uttara,https://www.google.com/maps/place/Sushi+Momo+Uttara/data=!4m7!3m6!1s0x3755c547982322e3:0x10e98d0f7d6c87f2!8m2!3d23.8711388!4d90.4016604!16s%2Fg%2F11r_x28vn3!19sChIJ4yIjmEfFVTcR8odsfQ-N6RA?authuser=0&hl=en&g_ep=EgoyMDI2MDkwOS4wIJJjKgBIAVAD&rclk=1,4.2,307,"House 7, Eshakha Avenue, sector 6, Uttara, Opposite by Rajuk College gate 3, beside Sarabela , Uttara, Dhaka",23.871139,90.40166
The Forestty Roof Top Restaurant,Restaurant,Uttara,https://www.google.com/maps/place/The+Forestty+Roof+Top+Restaurant/data=!4m7!3m6!1s0x3755c5b224d3585d:0x5f171a8da26b59d0!8m2!3d23.8694277!4d90.383806!16s%2Fg%2F11q1vgjcpn!19sChIJXVjTJLLFVTcR0Flroo0aF18?authuser=0&hl=en&g_ep=EgoyMDI2MDkwOS4wIJJjKgBIAVAD&rclk=1,4,310,"Uttara, Dhaka",23.869428,90.383806
Khao San - Uttara,Restaurant,Uttara,https://www.google.com/maps/place/Khao+San+-+Uttara/data=!4m7!3m6!1s0x3755c5a1e4716be9:0x29c74ffbc9e10073!8m2!3d23.8716706!4d90.3910255!16s%2Fg%2F11ydkfdpvr!19sChIJ6Wtx5KHFVTcRcwDhyftPxyk?authuser=0&hl=en&g_ep=EgoyMDI2MDkwOS4wIJJjKgBIAVAD&rclk=1,4.4,284,"House 30, Tropical Sormi Center, Garib-E-Newaz Ave , Uttara, Dhaka",23.871671,90.391025
London Street Restro,Restaurant,Uttara,https://www.google.com/maps/place/London+Street+Restro/data=!4m7!3m6!1s0x3755c5001fb81d35:0xda4a4d36e2de329d!8m2!3d23.8697784!4d90.3921376!16s%2Fg%2F11xnn06wnf!19sChIJNR24HwDFVTcRnTLe4jZNSto?authuser=0&hl=en&g_ep=EgoyMDI2MDkwOS4wIJJjKgBIAVAD&rclk=1,4.7,33,"House # 04 Road 02 , Uttara, Dhaka",23.869778,90.392138
Ocean Lounge,Restaurant,Uttara,https://www.google.com/maps/place/Ocean+Lounge/data=!4m7!3m6!1s0x3755c5c1ef83d335:0x825ca7896c0c157c!8m2!3d23.8694543!4d90.3838741!16s%2Fg%2F11v17j4nqs!19sChIJNdOD78HFVTcRfBUMbImnXII?authuser=0&hl=en&g_ep=EgoyMDI2MDkwOS4wIJJjKgBIAVAD&rclk=1,4.4,85,"Uttara, Dhaka",23.869454,90.383874
YUZU Uttara,Restaurant,Uttara,https://www.google.com/maps/place/YUZU+Uttara/data=!4m7!3m6!1s0x3755c5007d0aedeb:0x7f4f0b516f279da8!8m2!3d23.8691557!4d90.386386!16s%2Fg%2F11mywfxtgt!19sChIJ6-0KfQDFVTcRqJ0nb1ELT38?authuser=0&hl=en&g_ep=EgoyMDI2MDkwOS4wIJJjKgBIAVAD&rclk=1,3.7,47,"Plot 67, Road Gausul Azam Ave , Uttara, Dhaka",23.869156,90.386386
SAO 26,Restaurant,Uttara,https://www.google.com/maps/place/SAO+26/data=!4m7!3m6!1s0x3755c590082431dd:0xa64dae4f772835f7!8m2!3d23.8689757!4d90.3921219!16s%2Fg%2F11g233fy88!19sChIJ3TEkCJDFVTcR9zUod0-uTaY?authuser=0&hl=en&g_ep=EgoyMDI2MDkwOS4wIJJjKgBIAVAD&rclk=1,4.3,1.4K,"House 61, Road No. 2 , Uttara, Dhaka",23.868976,90.392122
Rice & Noodle Uttara,Restaurant,Uttara,https://www.google.com/maps/place/Rice+%26+Noodle+Uttara/data=!4m7!3m6!1s0x3755c414284a6e61:0xed18b5a67f92b971!8m2!3d23.876096!4d90.3910074!16s%2Fg%2F11hb3kwhj_!19sChIJYW5KKBTEVTcRcbmSf6a1GO0?authuser=0&hl=en&g_ep=EgoyMDI2MDkwOS4wIJJjKgBIAVAD&rclk=1,4,762,"Uttara, Dhaka",23.876096,90.391007
Terra Bistro (Uttara),Restaurant,Uttara,https://www.google.com/maps/place/Terra+Bistro+%28Uttara%29/data=!4m7!3m6!1s0x3755c5338c1a2d7b:0xc50e9f77e62ce347!8m2!3d23.8678142!4d90.4051087!16s%2Fg%2F11mtly5bc2!19sChIJey0ajDPFVTcRR-Ms5nefDsU?authuser=0&hl=en&g_ep=EgoyMDI2MDkwOS4wIJJjKgBIAVAD&rclk=1,4,88,"Shahjalal Avenue, House # 42 Rd No. 20/C , Uttara, Dhaka",23.867814,90.405109
Crush Station Uttara,Restaurant,Uttara,https://www.google.com/maps/place/Crush+Station+Uttara/data=!4m7!3m6!1s0x3755c58f13573fad:0xcd8ef7ec93a86f73!8m2!3d23.8707501!4d90.3841101!16s%2Fg%2F11k8h64ndl!19sChIJrT9XE4_FVTcRc2-ok-z3js0?authuser=0&hl=en&g_ep=EgoyMDI2MDkwOS4wIJJjKgBIAVAD&rclk=1,3.7,757,"House 16, 13 Shah Makhdum Ave , Uttara, Dhaka",23.87075,90.38411
West Lake Restaurant,Restaurant,Uttara,https://www.google.com/maps/place/West+Lake+Restaurant/data=!4m7!3m6!1s0x3755c522d8fbaec1:0x24c3ac3432c0284e!8m2!3d23.8721178!4d90.3798015!16s%2Fg%2F11k58y4c83!19sChIJwa772CLFVTcRTijAMjSswyQ?authuser=0&hl=en&g_ep=EgoyMDI2MDkwOS4wIJJjKgBIAVAD&rclk=1,3.9,135,"C, House# 36 Rd No 6 , Uttara, Dhaka",23.872118,90.379801
Uttara food,Restaurant,Uttara,https://www.google.com/maps/place/Uttara+food/data=!4m7!3m6!1s0x3755c5106bd46ff7:0xbed49e186f2c285a!8m2!3d23.8804599!4d90.3858314!16s%2Fg%2F11q265mdf1!19sChIJ92_UaxDFVTcRWigsbxie1L4?authuser=0&hl=en&g_ep=EgoyMDI2MDkwOS4wIJJjKgBIAVAD&rclk=1,4.7,16,"V9JP+58P, Siraj Mkt Rd, Uttara, Dhaka",23.88046,90.385831
Madchef Uttara,Restaurant,Uttara,https://www.google.com/maps/place/Madchef+Uttara/data=!4m7!3m6!1s0x3755c414284c47db:0xfe302a391d2e1a1a!8m2!3d23.8770734!4d90.3909816!16s%2Fg%2F11cn64hqnx!19sChIJ20dMKBTEVTcRGhouHTkqMP4?authuser=0&hl=en&g_ep=EgoyMDI2MDkwOS4wIJJjKgBIAVAD&rclk=1,4.1,1.9K,"House No, 4th Floor, Jewel Tower, 34 Gareeb-e-Nawaz Ave Low-key spot for burgers & sandwiches , Uttara, Dhaka",23.877073,90.390982
Uttara Vooter Adda Restaurant and Party Centre,Restaurant,Uttara,https://www.google.com/maps/place/Uttara+Vooter+Adda+Restaurant+and+Party+Centre/data=!4m7!3m6!1s0x3755c5f8179064bd:0x223c04191dafa5b!8m2!3d23.8646232!4d90.3995858!16s%2Fg%2F11g0ll534t!19sChIJvWSQF_jFVTcRW_rakUHAIwI?authuser=0&hl=en&g_ep=EgoyMDI2MDkwOS4wIJJjKgBIAVAD&rclk=1,3.8,739,"Latif Emporium, Plot # 27 Road 7 , Uttara, Dhaka",23.864623,90.399586
Bamboo Shoot,Restaurant,Uttara,https://www.google.com/maps/place/Bamboo+Shoot/data=!4m7!3m6!1s0x3755c426c18e7fe3:0xf4618c00357b3e28!8m2!3d23.8621715!4d90.3995737!16s%2Fg%2F11c60nv_pc!19sChIJ43-OwSbEVTcRKD57NQCMYfQ?authuser=0&hl=en&g_ep=EgoyMDI2MDkwOS4wIJJjKgBIAVAD&rclk=1,4.2,608,"Paradise Tower, 12th floor, Plot 11, Sector 3, Uttara, Dhaka-1230. Beside Aarong , Uttara, Dhaka",23.862171,90.399574
Biancaffé Uttara,Restaurant,Uttara,https://www.google.com/maps/place/Biancaff%C3%A9+Uttara/data=!4m7!3m6!1s0x3755c5003fe49d83:0x7037aad36d0ce4e!8m2!3d23.8717187!4d90.391178!16s%2Fg%2F11w1b_z3hx!19sChIJg53kPwDFVTcRTs7QNq16Awc?authuser=0&hl=en&g_ep=EgoyMDI2MDkwOS4wIJJjKgBIAVAD&rclk=1,4.4,76,"Level 1, Plot 30, Tropical Shormi Center, Gareeb-e-Nawaz Ave , Uttara, Dhaka",23.871719,90.391178
Roasters Uttara,Restaurant,Uttara,https://www.google.com/maps/place/Roasters+Uttara/data=!4m7!3m6!1s0x3755c54be566e109:0x4d071ca01349a541!8m2!3d23.8680795!4d90.3990711!16s%2Fg%2F11l2jzjw8k!19sChIJCeFm5UvFVTcRQaVJE6AcB00?authuser=0&hl=en&g_ep=EgoyMDI2MDkwOS4wIJJjKgBIAVAD&rclk=1,4.4,39,"Rd 4 , Uttara, Dhaka",23.86808,90.399071
Chillox Uttara,Restaurant,Uttara,https://www.google.com/maps/place/Chillox+Uttara/data=!4m7!3m6!1s0x3755c59d75324847:0x262cf7dd1d79029!8m2!3d23.8741411!4d90.3913319!16s%2Fg%2F11h64v1q82!19sChIJR0gydZ3FVTcRKZDX0X3PYgI?authuser=0&hl=en&g_ep=EgoyMDI2MDkwOS4wIJJjKgBIAVAD&rclk=1,4.2,4.2K,"Union Nahar Square, Lift-2 Sonargaon Janapath Rd , Uttara, Dhaka",23.874141,90.391332
Lounge-3,Restaurant,Uttara,https://www.google.com/maps/place/Lounge-3/data=!4m7!3m6!1s0x3755c59ea0c064e5:0x72ecf94a1522fc55!8m2!3d23.8614828!4d90.3970062!16s%2Fg%2F11vf555hln!19sChIJ5WTAoJ7FVTcRVfwiFUr57HI?authuser=0&hl=en&g_ep=EgoyMDI2MDkwOS4wIJJjKgBIAVAD&rclk=1,4.4,197,"lounge 3 ,House, 21 Road-3 , Uttara, Dhaka",23.861483,90.397006
Aroma Sky Restaurant,Restaurant,Uttara,https://www.google.com/maps/place/Aroma+Sky+Restaurant/data=!4m7!3m6!1s0x3755c50016ae3b81:0xd4cffd205fcb4a55!8m2!3d23.8646061!4d90.3988027!16s%2Fg%2F11mslbm10g!19sChIJgTuuFgDFVTcRVUrLXyD9z9Q?authuser=0&hl=en&g_ep=EgoyMDI2MDkwOS4wIJJjKgBIAVAD&rclk=1,5,4,"1230, Millennium Tower, House - 02 Road 7 , Uttara, Dhaka",23.864606,90.398803
Chaap Ghor Uttara,Restaurant,Uttara,https://www.google.com/maps/place/Chaap+Ghor+Uttara/data=!4m7!3m6!1s0x3755c5ad2353f6c5:0x9e97301bd780bad2!8m2!3d23.8648656!4d90.3957165!16s%2Fg%2F11pf88gpc9!19sChIJxfZTI63FVTcR0rqA1xswl54?authuser=0&hl=en&g_ep=EgoyMDI2MDkwOS4wIJJjKgBIAVAD&rclk=1,4.1,460,"Uttara, Dhaka",23.864866,90.395717
TeaFirin,Restaurant,Uttara,https://www.google.com/maps/place/TeaFirin/data=!4m7!3m6!1s0x3755c422121353e5:0x5f947b774b459750!8m2!3d23.8652732!4d90.3940856!16s%2Fg%2F11vlp3tqb2!19sChIJ5VMTEiLEVTcRUJdFS3d7lF8?authuser=0&hl=en&g_ep=EgoyMDI2MDkwOS4wIJJjKgBIAVAD&rclk=1,4.1,243,"House-14, Ground Floor, Naima’s Paradise, Road-7/A , Uttara, Dhaka",23.865273,90.394086
Tehari Ghar + Sector 3,Restaurant,Uttara,https://www.google.com/maps/place/Tehari+Ghar+%2B+Sector+3/data=!4m7!3m6!1s0x3755c5003992a5b7:0x6df589876c9f5557!8m2!3d23.8627375!4d90.3987194!16s%2Fg%2F11ywjdmg18!19sChIJt6WSOQDFVTcRV1WfbIeJ9W0?authuser=0&hl=en&g_ep=EgoyMDI2MDkwOS4wIJJjKgBIAVAD&rclk=1,4.6,5,"15 Rd 2, Uttara, Dhaka",23.862738,90.398719
Khana's Uttara Flagship,Restaurant,Uttara,https://www.google.com/maps/place/Khana%27s+Uttara+Flagship/data=!4m7!3m6!1s0x3755c58ee84efcd7:0xedd24195ce3c5bb1!8m2!3d23.8659088!4d90.3937376!16s%2Fg%2F11sqfbw54m!19sChIJ1_xO6I7FVTcRsVs8zpVB0u0?authuser=0&hl=en&g_ep=EgoyMDI2MDkwOS4wIJJjKgBIAVAD&rclk=1,4,1.0K,"Uttara, Dhaka",23.865909,90.393738
La Bamba,Restaurant,Uttara,https://www.google.com/maps/place/La+Bamba/data=!4m7!3m6!1s0x3755c4187f5d1a25:0xc8b89f062b9bf1e2!8m2!3d23.867076!4d90.3934744!16s%2Fg%2F1tfmlrgq!19sChIJJRpdfxjEVTcR4vGbKwafuMg?authuser=0&hl=en&g_ep=EgoyMDI2MDkwOS4wIJJjKgBIAVAD&rclk=1,3.9,4.3K,"Rabindra Sarani , Uttara, Dhaka",23.867076,90.393474
MOMOSi,Restaurant,Uttara,https://www.google.com/maps/place/MOMOSi/data=!4m7!3m6!1s0x3755c1ff309b8b7d:0x6c2071e601559ec7!8m2!3d23.8634784!4d90.3988937!16s%2Fg%2F11x6l7nxsy!19sChIJfYubMP_BVTcRx55VAeZxIGw?authuser=0&hl=en&g_ep=EgoyMDI2MDkwOS4wIJJjKgBIAVAD&rclk=1,4.6,55,"House 28/A, Road 02 , Uttara, Dhaka",23.863478,90.398894
Charlie 14,Restaurant,Uttara,https://www.google.com/maps/place/Charlie+14/data=!4m7!3m6!1s0x3755c512a99a6ff3:0x8a38088fdc649588!8m2!3d23.8656092!4d90.393469!16s%2Fg%2F11v03nlzcn!19sChIJ82-aqRLFVTcRiJVk3I8IOIo?authuser=0&hl=en&g_ep=EgoyMDI2MDkwOS4wIJJjKgBIAVAD&rclk=1,4.1,101,"34 Road No. 20 , Uttara, Dhaka",23.865609,90.393469
Margarita Lounge,Restaurant,Uttara,https://www.google.com/maps/place/Margarita+Lounge/data=!4m7!3m6!1s0x3755c520f2d4dd17:0x7eae5c3a3b561c48!8m2!3d23.8622405!4d90.3991584!16s%2Fg%2F11rqzfflmq!19sChIJF93U8iDFVTcRSBxWOzpcrn4?authuser=0&hl=en&g_ep=EgoyMDI2MDkwOS4wIJJjKgBIAVAD&rclk=1,4.3,252,"10th Floor), Plot: 11, Road: 2, Paradise Tower , Uttara, Dhaka",23.86224,90.399158
Uttara Recipe,Restaurant,Uttara,https://www.google.com/maps/place/Uttara+Recipe/data=!4m7!3m6!1s0x3755c42483999089:0xacde4ec98f7e57ca!8m2!3d23.8674347!4d90.3986838!16s%2Fg%2F12hkb89hy!19sChIJiZCZgyTEVTcRyld-j8lO3qw?authuser=0&hl=en&g_ep=EgoyMDI2MDkwOS4wIJJjKgBIAVAD&rclk=1,5,2,"V98X+XFF, Rabindra Sarani , Uttara, Dhaka",23.867435,90.398684
Love Leen Bangla Restaurant,Restaurant,Uttara,https://www.google.com/maps/place/Love+Leen+Bangla+Restaurant/data=!4m7!3m6!1s0x3755c5006beb92e7:0xd000eaf9932b1af1!8m2!3d23.8660388!4d90.3991127!16s%2Fg%2F11wnzththd!19sChIJ55LrawDFVTcR8Rork_nqANA?authuser=0&hl=en&g_ep=EgoyMDI2MDkwOS4wIJJjKgBIAVAD&rclk=1,4.3,266,"House: 1/D, Road no. 02 , Uttara, Dhaka",23.866039,90.399113
Kitchen House Restaurant & Bar,Restaurant,Uttara,https://www.google.com/maps/place/Kitchen+House+Restaurant+%26+Bar/data=!4m7!3m6!1s0x3755c504b3258cbf:0xcb9985c029adad05!8m2!3d23.8620603!4d90.3995883!16s%2Fg%2F11sbdklg56!19sChIJv4wlswTFVTcRBa2tKcCFmcs?authuser=0&hl=en&g_ep=EgoyMDI2MDkwOS4wIJJjKgBIAVAD&rclk=1,4,135,"Level - 6, Paradise Tower, Dhaka - Mymensingh Rd , Uttara, Dhaka",23.86206,90.399588
SEASHORE Buffet & Dine,Restaurant,Uttara,https://www.google.com/maps/place/SEASHORE+Buffet+%26+Dine/data=!4m7!3m6!1s0x3755c50050cb674b:0x65641155e54a8530!8m2!3d23.8619405!4d90.3995399!16s%2Fg%2F11ykpt2398!19sChIJS2fLUADFVTcRMIVK5VURZGU?authuser=0&hl=en&g_ep=EgoyMDI2MDkwOS4wIJJjKgBIAVAD&rclk=1,3.7,88,"Paradise Tower, 8th Floor, House # 11, Road # 2, Jashimuddin Ave, Uttara, Dhaka",23.86194,90.39954
Gao Geram,Restaurant,Uttara,https://www.google.com/maps/place/Gao+Geram/data=!4m7!3m6!1s0x3755c5005dff5d93:0x1b17a31654f6dfa7!8m2!3d23.8714944!4d90.3966252!16s%2Fg%2F11mkxn04fv!19sChIJk13_XQDFVTcRp9_2VBajFxs?authuser=0&hl=en&g_ep=EgoyMDI2MDkwOS4wIJJjKgBIAVAD&rclk=1,4.7,117,"House 32, road 28, sector 7, Uttara, Dhaka (beside 𝐔𝐭𝐭𝐚𝐫𝐚 𝐇𝐢𝐠𝐡 𝐒𝐜𝐡𝐨𝐨𝐥 & 𝐂𝐨𝐥𝐥𝐞𝐠𝐞) , Uttara, Dhaka",23.871494,90.396625
Sector 7 Restaurant & Party Center,Restaurant,Uttara,https://www.google.com/maps/place/Sector+7+Restaurant+%26+Party+Center/data=!4m7!3m6!1s0x3755c424230aff6b:0x59107c95ada642e3!8m2!3d23.8688789!4d90.3998918!16s%2Fg%2F11fxvpqzvx!19sChIJa_8KIyTEVTcR40KmrZV8EFk?authuser=0&hl=en&g_ep=EgoyMDI2MDkwOS4wIJJjKgBIAVAD&rclk=1,3.9,1.9K,"Plot 11, Service Rd , Uttara, Dhaka",23.868879,90.399892
Kabab Lounge,Restaurant,Uttara,https://www.google.com/maps/place/Kabab+Lounge/data=!4m7!3m6!1s0x3755c500670595d9:0x165eec9d3523992d!8m2!3d23.8678471!4d90.3976695!16s%2Fg%2F11m5tph7g1!19sChIJ2ZUFZwDFVTcRLZkjNZ3sXhY?authuser=0&hl=en&g_ep=EgoyMDI2MDkwOS4wIJJjKgBIAVAD&rclk=1,4.6,638,"Plot 14 Rabindra Sarani , Uttara, Dhaka",23.867847,90.39767
Waffle Time Uttara,Restaurant,Uttara,https://www.google.com/maps/place/Waffle+Time+Uttara/data=!4m7!3m6!1s0x3755c57bf4505771:0xd7e97a6dd99773d3!8m2!3d23.8677142!4d90.3939829!16s%2Fg%2F11sb9lqp8h!19sChIJcVdQ9HvFVTcR03OX2W166dc?authuser=0&hl=en&g_ep=EgoyMDI2MDkwOS4wIJJjKgBIAVAD&rclk=1,4.2,375,"House: 6 Lake Drive Rd , Uttara, Dhaka",23.867714,90.393983
Kacchi Darbar - Uttara,Restaurant,Uttara,https://www.google.com/maps/place/Kacchi+Darbar+-+Uttara/data=!4m7!3m6!1s0x3755c5587be96749:0x56604603e6affb06!8m2!3d23.874806!4d90.4001011!16s%2Fg%2F11rww8z400!19sChIJSWfpe1jFVTcRBvuv5gNGYFY?authuser=0&hl=en&g_ep=EgoyMDI2MDkwOS4wIJJjKgBIAVAD&rclk=1,4.3,2.7K,"House Building, Sonargaon Janapath, (opposite of Mascot Plaza) Uttara , Uttara, Dhaka",23.874806,90.400101
Kabab Factory,Restaurant,Uttara,https://www.google.com/maps/place/Kabab+Factory/data=!4m7!3m6!1s0x3755c4228482e57d:0x1d72169fa55a9ea0!8m2!3d23.8681826!4d90.393932!16s%2Fg%2F1tqcjkwk!19sChIJfeWChCLEVTcRoJ5apZ8Wch0?authuser=0&hl=en&g_ep=EgoyMDI2MDkwOS4wIJJjKgBIAVAD&rclk=1,3.8,4.8K,"14 Lake Drive Rd , Uttara, Dhaka",23.868183,90.393932
Shawarma Damasco (Uttara),Restaurant,Uttara,https://www.google.com/maps/place/Shawarma+Damasco+%28Uttara%29/data=!4m7!3m6!1s0x3755c5a80e9fe4b5:0xace54711d01ec136!8m2!3d23.8696954!4d90.3935513!16s%2Fg%2F11sk8bs58l!19sChIJteSfDqjFVTcRNsEe0BFH5aw?authuser=0&hl=en&g_ep=EgoyMDI2MDkwOS4wIJJjKgBIAVAD&rclk=1,4.4,184,"25b Lake Drive Rd , Uttara, Dhaka",23.869695,90.393551
Seafood Restaurant,Restaurant,Uttara,https://www.google.com/maps/place/Seafood+Restaurant/data=!4m7!3m6!1s0x3755c5cb02808995:0x76a5e7fcfe9675e6!8m2!3d23.8677708!4d90.3964204!16s%2Fg%2F11p_0_m52r!19sChIJlYmAAsvFVTcR5nWW_vznpXY?authuser=0&hl=en&g_ep=EgoyMDI2MDkwOS4wIJJjKgBIAVAD&rclk=1,4.1,287,"House #28 Rabindra Sarani , Uttara, Dhaka",23.867771,90.39642
Kyoto Bangladesh,Restaurant,Uttara,https://www.google.com/maps/place/Kyoto+Bangladesh/data=!4m7!3m6!1s0x3755c54cdbf02035:0x5292c6b70406a382!8m2!3d23.867538!4d90.3941149!16s%2Fg%2F11v_43txdh!19sChIJNSDw20zFVTcRgqMGBLfGklI?authuser=0&hl=en&g_ep=EgoyMDI2MDkwOS4wIJJjKgBIAVAD&rclk=1,4.2,180,"House No-1, 9th Floor, Vivek Heights, Road No. 18 , Uttara, Dhaka",23.867538,90.394115
VIRGO LOUNGE,Restaurant,Uttara,https://www.google.com/maps/place/VIRGO+LOUNGE/data=!4m7!3m6!1s0x3755c5c488b90441:0x238475d239921b97!8m2!3d23.8748194!4d90.3990182!16s%2Fg%2F11jzvd340x!19sChIJQQS5iMTFVTcRlxuSOdJ1hCM?authuser=0&hl=en&g_ep=EgoyMDI2MDkwOS4wIJJjKgBIAVAD&rclk=1,4.1,465,"Level 2-3, Plot 8 Sonargaon Janapath Rd , Uttara, Dhaka",23.874819,90.399018
Oven Fresh,Restaurant,Uttara,https://www.google.com/maps/place/Oven+Fresh/data=!4m7!3m6!1s0x3755c5b00387178b:0xa8141b2aff5bb01d!8m2!3d23.8714764!4d90.3992753!16s%2Fg%2F11s58plty1!19sChIJixeHA7DFVTcRHbBb_yobFKg?authuser=0&hl=en&g_ep=EgoyMDI2MDkwOS4wIJJjKgBIAVAD&rclk=1,4.2,361,"House No: 8, Road No: 28, 1 Road-28 , Uttara, Dhaka",23.871476,90.399275
Tasty Treat- Uttara -7 Rabindra Sarani,Restaurant,Uttara,https://www.google.com/maps/place/Tasty+Treat-+Uttara+-7+Rabindra+Sarani/data=!4m7!3m6!1s0x3755c500490e2665:0x638df1cf2b4b8c8c!8m2!3d23.867937!4d90.3979701!16s%2Fg%2F11y95n471f!19sChIJZSYOSQDFVTcRjIxLK8_xjWM?authuser=0&hl=en&g_ep=EgoyMDI2MDkwOS4wIJJjKgBIAVAD&rclk=1,4.3,34,"House-12 Road No. 1 , Uttara, Dhaka",23.867937,90.39797
Mejbani Khana,Restaurant,Uttara,https://www.google.com/maps/place/Mejbani+Khana/data=!4m7!3m6!1s0x3755c422784898d5:0xd14867d69a32d5b4!8m2!3d23.8677147!4d90.3939629!16s%2Fg%2F11cnbn8w40!19sChIJ1ZhIeCLEVTcRtNUymtZnSNE?authuser=0&hl=en&g_ep=EgoyMDI2MDkwOS4wIJJjKgBIAVAD&rclk=1,4.1,2.0K,"House 6 Lake Drive Rd , Uttara, Dhaka",23.867715,90.393963
Pan De Asia Restaurant & Convention Hall,Restaurant,Uttara,https://www.google.com/maps/place/Pan+De+Asia+Restaurant+%26+Convention+Hall/data=!4m7!3m6!1s0x3755c5afe570a74f:0xb9ef70532f7920b0!8m2!3d23.8690581!4d90.4000157!16s%2Fg%2F11gr7368yy!19sChIJT6dw5a_FVTcRsCB5L1Nw77k?authuser=0&hl=en&g_ep=EgoyMDI2MDkwOS4wIJJjKgBIAVAD&rclk=1,4.1,1.1K,"Rajuk Razib, Plot 71 Service Rd , Uttara, Dhaka",23.869058,90.400016
Fill'iz (ফিলিজ),Restaurant,Uttara,https://www.google.com/maps/place/Fill%27iz+%28%E0%A6%AB%E0%A6%BF%E0%A6%B2%E0%A6%BF%E0%A6%9C%29/data=!4m7!3m6!1s0x3755c5bb86b4252b:0xb4df3688f75d6c16!8m2!3d23.8680703!4d90.3939233!16s%2Fg%2F11qz81z_6p!19sChIJKyW0hrvFVTcRFmxd94g237Q?authuser=0&hl=en&g_ep=EgoyMDI2MDkwOS4wIJJjKgBIAVAD&rclk=1,4.3,110,"10 Lake Drive Rd , Uttara, Dhaka",23.86807,90.393923
70s canvas,Restaurant,Uttara,https://www.google.com/maps/place/70s+canvas/data=!4m7!3m6!1s0x3755c5ba283847ab:0xe3d880580a731f5e!8m2!3d23.8680406!4d90.3939169!16s%2Fg%2F11w9w1r7bb!19sChIJq0c4KLrFVTcRXh9zCliA2OM?authuser=0&hl=en&g_ep=EgoyMDI2MDkwOS4wIJJjKgBIAVAD&rclk=1,4.6,9,"Lake Drive Rd , Uttara, Dhaka",23.868041,90.393917
Lovely Loungee,Restaurant,Uttara,https://www.google.com/maps/place/Lovely+Loungee/data=!4m7!3m6!1s0x3755c50e8d4d6ad5:0x6de55c9889a43a17!8m2!3d23.8736879!4d90.3945038!16s%2Fg%2F11mwzgxr03!19sChIJ1WpNjQ7FVTcRFzqkiZhc5W0?authuser=0&hl=en&g_ep=EgoyMDI2MDkwOS4wIJJjKgBIAVAD&rclk=1,4.2,28,"House, 56, Road No. 18 , Uttara, Dhaka",23.873688,90.394504
Zaimah Hotel & Restaurant,Restaurant,Uttara,https://www.google.com/maps/place/Zaimah+Hotel+%26+Restaurant/data=!4m7!3m6!1s0x3755c500573213c7:0x88b9e9dcf4b0b50d!8m2!3d23.8694433!4d90.3939189!16s%2Fg%2F11lzcpgcyt!19sChIJxxMyVwDFVTcRDbWw9NzpuYg?authuser=0&hl=en&g_ep=EgoyMDI2MDkwOS4wIJJjKgBIAVAD&rclk=1,4,187,"House- 36 Lake Drive Rd , Uttara, Dhaka",23.869443,90.393919
Golden Rice,Restaurant,Uttara,https://www.google.com/maps/place/Golden+Rice/data=!4m7!3m6!1s0x3755c53d2210a94f:0xc86dc19d4de93d24!8m2!3d23.8724115!4d90.3988942!16s%2Fg%2F11qqpxpq3f!19sChIJT6kQIj3FVTcRJD3pTZ3Bbcg?authuser=0&hl=en&g_ep=EgoyMDI2MDkwOS4wIJJjKgBIAVAD&rclk=1,4.5,59,"33, house 06, Rd - 17 , Uttara, Dhaka",23.872411,90.398894
Kingfisher Restaurant,Restaurant,Uttara,https://www.google.com/maps/place/Kingfisher+Restaurant/data=!4m7!3m6!1s0x3755c41704ca5b63:0xd584abd84482b4!8m2!3d23.8724013!4d90.3907063!16s%2Fg%2F11f3z9f43f!19sChIJY1vKBBfEVTcRtIJE2KuE1QA?authuser=0&hl=en&g_ep=EgoyMDI2MDkwOS4wIJJjKgBIAVAD&rclk=1,4.2,2.5K,"Uttara, Dhaka",23.872401,90.390706
Ocaso Skyscape,Restaurant,Uttara,https://www.google.com/maps/place/Ocaso+Skyscape/data=!4m7!3m6!1s0x3755c595374bd87f:0xb51594249cca9203!8m2!3d23.8747335!4d90.3986087!16s%2Fg%2F11h7v6sq9r!19sChIJf9hLN5XFVTcRA5LKnCSUFbU?authuser=0&hl=en&g_ep=EgoyMDI2MDkwOS4wIJJjKgBIAVAD&rclk=1,3.9,764,"16 Sonargaon Janapath Rd , Uttara, Dhaka",23.874734,90.398609
Kacchi Bhai - Uttara,Restaurant,Uttara,https://www.google.com/maps/place/Kacchi+Bhai+-+Uttara/data=!4m7!3m6!1s0x3755c5328a64c671:0x4c4f9fd390fb0fb9!8m2!3d23.8746536!4d90.3910852!16s%2Fg%2F11h5d3xbn7!19sChIJccZkijLFVTcRuQ_7kNOfT0w?authuser=0&hl=en&g_ep=EgoyMDI2MDkwOS4wIJJjKgBIAVAD&rclk=1,4.1,5.6K,"Uttara, Dhaka",23.874654,90.391085
La Bamba,Restaurant,Uttara,https://www.google.com/maps/place/La+Bamba/data=!4m7!3m6!1s0x3755c43b8ad674db:0x6606f6026866c490!8m2!3d23.8742958!4d90.3985253!16s%2Fg%2F11b70t2rv8!19sChIJ23TWijvEVTcRkMRmaAL2BmY?authuser=0&hl=en&g_ep=EgoyMDI2MDkwOS4wIJJjKgBIAVAD&rclk=1,3.8,936,"Hous-09, Shonargaon Janapath (Near to House Building), Sector-07, Uttara , Uttara, Dhaka",23.874296,90.398525
Time 4 Shine,Restaurant,Uttara,https://www.google.com/maps/place/Time+4+Shine/data=!4m7!3m6!1s0x3755c5ad20b09f6d:0x8ce58dc3c4ce5e2c!8m2!3d23.874225!4d90.3958868!16s%2Fg%2F11tsyvk_bn!19sChIJbZ-wIK3FVTcRLF7OxMON5Yw?authuser=0&hl=en&g_ep=EgoyMDI2MDkwOS4wIJJjKgBIAVAD&rclk=1,3.8,112,"House: 41 Sonargaon Janapath Rd , Uttara, Dhaka",23.874225,90.395887
Turkish Lounge Espresso,Restaurant,Uttara,https://www.google.com/maps/place/Turkish+Lounge+Espresso/data=!4m7!3m6!1s0x3755c5007009ceb3:0xdb1e881f9e146a7!8m2!3d23.8744678!4d90.391563!16s%2Fg%2F11ynqm0q8b!19sChIJs84JcADFVTcRp0bh-YHosQ0?authuser=0&hl=en&g_ep=EgoyMDI2MDkwOS4wIJJjKgBIAVAD&rclk=1,4.8,672,"9th floor+rooftop, RM plaza, Sonargaon Janapath Rd , Uttara, Dhaka",23.874468,90.391563
Kebabistan,Restaurant,Uttara,https://www.google.com/maps/place/Kebabistan/data=!4m7!3m6!1s0x3755c54558a22a85:0x6ac6dd33bcb4ce90!8m2!3d23.8788219!4d90.3907728!16s%2Fg%2F11ntkg3kct!19sChIJhSqiWEXFVTcRkM60vDPdxmo?authuser=0&hl=en&g_ep=EgoyMDI2MDkwOS4wIJJjKgBIAVAD&rclk=1,4.5,46,"House 24, Garib-E-Newaz Ave , Uttara, Dhaka",23.878822,90.390773
Shororeetu - Premium Bengali Diner,Restaurant,Uttara,https://www.google.com/maps/place/Shororeetu+-+Premium+Bengali+Diner/data=!4m7!3m6!1s0x3755c570327a9363:0xc6b7fb7516698dfa!8m2!3d23.8760592!4d90.3906562!16s%2Fg%2F11zk1dyc58!19sChIJY5N6MnDFVTcR-o1pFnX7t8Y?authuser=0&hl=en&g_ep=EgoyMDI2MDkwOS4wIJJjKgBIAVAD&rclk=1,3.9,78,"House 01, Garib-E-Newaz Ave , Uttara, Dhaka",23.876059,90.390656
Zafran Restaurant,Restaurant,Uttara,https://www.google.com/maps/place/Zafran+Restaurant/data=!4m7!3m6!1s0x3755c596b65e6e01:0x8ca69e80677ae6a6!8m2!3d23.8790049!4d90.3904884!16s%2Fg%2F11gnprm3wh!19sChIJAW5etpbFVTcRpuZ6Z4Cepow?authuser=0&hl=en&g_ep=EgoyMDI2MDkwOS4wIJJjKgBIAVAD&rclk=1,4.1,3.2K,"11 Rd No 10 , Uttara, Dhaka",23.879005,90.390488
Carnish,Restaurant,Uttara,https://www.google.com/maps/place/Carnish/data=!4m7!3m6!1s0x3755c521c12069a5:0xc4561f3cccf15ba2!8m2!3d23.8787358!4d90.3906158!16s%2Fg%2F11krdvvt93!19sChIJpWkgwSHFVTcRolvxzDwfVsQ?authuser=0&hl=en&g_ep=EgoyMDI2MDkwOS4wIJJjKgBIAVAD&rclk=1,4.1,222,"Uttara, Dhaka",23.878736,90.390616
Pizzetta,Restaurant,Uttara,https://www.google.com/maps/place/Pizzetta/data=!4m7!3m6!1s0x3755c5002ca633eb:0x111424c9afbbe904!8m2!3d23.8786425!4d90.3906185!16s%2Fg%2F11nb4mnccr!19sChIJ6zOmLADFVTcRBOm7r8kkFBE?authuser=0&hl=en&g_ep=EgoyMDI2MDkwOS4wIJJjKgBIAVAD&rclk=1,4.5,14,"House # 41, Road Garib-E-Newaz Ave , Uttara, Dhaka",23.878643,90.390619
Fuoco Flagship - Uttara,Restaurant,Uttara,https://www.google.com/maps/place/Fuoco+Flagship+-+Uttara/data=!4m7!3m6!1s0x3755c5a0a704c4cb:0x485f39e8e545538c!8m2!3d23.8786526!4d90.3908854!16s%2Fg%2F11tjvgyt_7!19sChIJy8QEp6DFVTcRjFNF5eg5X0g?authuser=0&hl=en&g_ep=EgoyMDI2MDkwOS4wIJJjKgBIAVAD&rclk=1,4.3,880,"Uttara, Dhaka",23.878653,90.390885
Savory Hub,Restaurant,Uttara,https://www.google.com/maps/place/Savory+Hub/data=!4m7!3m6!1s0x3755c5000b0ef513:0x4c9ab26be7ac068!8m2!3d23.877746!4d90.388352!16s%2Fg%2F11mz2p0rch!19sChIJE_UOCwDFVTcRaMB6viaryQQ?authuser=0&hl=en&g_ep=EgoyMDI2MDkwOS4wIJJjKgBIAVAD&rclk=1,5,6,"33 Rd No 12, Uttara, Dhaka",23.877746,90.388352
Cheese Episode,Restaurant,Uttara,https://www.google.com/maps/place/Cheese+Episode/data=!4m7!3m6!1s0x3755c50ce3464041:0x396eb617c8e9ceee!8m2!3d23.8746342!4d90.3913795!16s%2Fg%2F11hs3b5833!19sChIJQUBG4wzFVTcR7s7pyBe2bjk?authuser=0&hl=en&g_ep=EgoyMDI2MDkwOS4wIJJjKgBIAVAD&rclk=1,3.9,35,"Plot 23 Road No. 2 , Uttara, Dhaka",23.874634,90.391379
Mehfil-e-gosht,Restaurant,Uttara,https://www.google.com/maps/place/Mehfil-e-gosht/data=!4m7!3m6!1s0x3755c50035d478ab:0x2194f4df2980faa8!8m2!3d23.875955!4d90.3910329!16s%2Fg%2F11ys1yppxj!19sChIJq3jUNQDFVTcRqPqAKd_0lCE?authuser=0&hl=en&g_ep=EgoyMDI2MDkwOS4wIJJjKgBIAVAD&rclk=1,3.2,64,"Uttara, Dhaka",23.875955,90.391033
Chef’s Special,Restaurant,Uttara,https://www.google.com/maps/place/Chef%E2%80%99s+Special/data=!4m7!3m6!1s0x3755c5aaaccc9e1b:0x35daa06621e4b293!8m2!3d23.875584!4d90.3905671!16s%2Fg%2F11xg8mchb3!19sChIJG57MrKrFVTcRk7LkIWag2jU?authuser=0&hl=en&g_ep=EgoyMDI2MDkwOS4wIJJjKgBIAVAD&rclk=1,4,42,"1/B Gareeb-E-Nawz Road , Uttara, Dhaka",23.875584,90.390567
Alfresco Uttara,Restaurant,Uttara,https://www.google.com/maps/place/Alfresco+Uttara/data=!4m7!3m6!1s0x3755c419d612818f:0x65ab6f81ad51e49f!8m2!3d23.8751337!4d90.3905799!16s%2Fg%2F11byflj9bq!19sChIJj4ES1hnEVTcRn-RRrYFvq2U?authuser=0&hl=en&g_ep=EgoyMDI2MDkwOS4wIJJjKgBIAVAD&rclk=1,4.1,1.7K,"Uttara, Dhaka",23.875134,90.39058
Cheez Uttara,Restaurant,Uttara,https://www.google.com/maps/place/Cheez+Uttara/data=!4m7!3m6!1s0x3755c518700390d9:0xe79a1e95cffcc94a!8m2!3d23.8770949!4d90.3909591!16s%2Fg%2F11hyk2989m!19sChIJ2ZADcBjFVTcRSsn8z5Uemuc?authuser=0&hl=en&g_ep=EgoyMDI2MDkwOS4wIJJjKgBIAVAD&rclk=1,4.3,349,"Level-6, Juwel Tower, House-34 Garib-E-Newaz Ave , Uttara, Dhaka",23.877095,90.390959
Rice ON 10th,Restaurant,Uttara,https://www.google.com/maps/place/Rice+ON+10th/data=!4m7!3m6!1s0x3755c5eac75073e7:0xd2b77058c93cbfca!8m2!3d23.8789383!4d90.3912083!16s%2Fg%2F11zxcjvm_m!19sChIJ53NQx-rFVTcRyr88yVhwt9I?authuser=0&hl=en&g_ep=EgoyMDI2MDkwOS4wIJJjKgBIAVAD&rclk=1,5,1,"House 15 Road 10A , Uttara, Dhaka",23.878938,90.391208
Sultan's Dine-Uttara,Restaurant,Uttara,https://www.google.com/maps/place/Sultan%27s+Dine-Uttara/data=!4m7!3m6!1s0x3755c5ff881cd74f:0x6b46e650d2841a59!8m2!3d23.8755375!4d90.3905732!16s%2Fg%2F11pm638s4f!19sChIJT9cciP_FVTcRWRqE0lDmRms?authuser=0&hl=en&g_ep=EgoyMDI2MDkwOS4wIJJjKgBIAVAD&rclk=1,4,3.7K,"H# 1/B(1st floor, Quantum Emerald Point, Gareeb-e-Nawaz Avenue , Uttara, Dhaka",23.875538,90.390573
Lake View Restaurant,Restaurant,Uttara,https://www.google.com/maps/place/Lake+View+Restaurant/data=!4m7!3m6!1s0x3755c43e1940cb9b:0xa333db39b11eaf38!8m2!3d23.8770198!4d90.3940225!16s%2Fg%2F11ggls6rmz!19sChIJm8tAGT7EVTcROK8esTnbM6M?authuser=0&hl=en&g_ep=EgoyMDI2MDkwOS4wIJJjKgBIAVAD&rclk=1,4.1,156,"House No. 14 Road No. 5/A , Uttara, Dhaka",23.87702,90.394023
Takeout Uttara,Restaurant,Uttara,https://www.google.com/maps/place/Takeout+Uttara/data=!4m7!3m6!1s0x3755c4165e14cd21:0x31d0d5083e210c2!8m2!3d23.8741238!4d90.3915241!16s%2Fg%2F11g6wzdf12!19sChIJIc0UXhbEVTcRwhDig1ANHQM?authuser=0&hl=en&g_ep=EgoyMDI2MDkwOS4wIJJjKgBIAVAD&rclk=1,4.2,3.8K,"17 Sonargaon Janapath Rd , Uttara, Dhaka",23.874124,90.391524
Crispyon,Restaurant,Uttara,https://www.google.com/maps/place/Crispyon/data=!4m7!3m6!1s0x3755c5698c4505a1:0xca8bf624113d6d47!8m2!3d23.8744034!4d90.3894172!16s%2Fg%2F11z7hcsvmm!19sChIJoQVFjGnFVTcRR209EST2i8o?authuser=0&hl=en&g_ep=EgoyMDI2MDkwOS4wIJJjKgBIAVAD&rclk=1,3.4,5,"Uttara, Dhaka",23.874403,90.389417
Ahmed's Biriyani,Restaurant,Uttara,https://www.google.com/maps/place/Ahmed%27s+Biriyani/data=!4m7!3m6!1s0x3755c55368a2e3ad:0x923925b53a355d61!8m2!3d23.8769824!4d90.3878592!16s%2Fg%2F11rk34h9xy!19sChIJreOiaFPFVTcRYV01OrUlOZI?authuser=0&hl=en&g_ep=EgoyMDI2MDkwOS4wIJJjKgBIAVAD&rclk=1,4.7,11,"House No, 42 Rd -15 , Uttara, Dhaka",23.876982,90.387859
Khana's Uttara Classic,Restaurant,Uttara,https://www.google.com/maps/place/Khana%27s+Uttara+Classic/data=!4m7!3m6!1s0x3755c509e0ac30d3:0xecc6f998db0a14f7!8m2!3d23.8787449!4d90.3908929!16s%2Fg%2F11h2fgq8fn!19sChIJ0zCs4AnFVTcR9xQK25j5xuw?authuser=0&hl=en&g_ep=EgoyMDI2MDkwOS4wIJJjKgBIAVAD&rclk=1,4.1,1.5K,"24 Rd No 10B , Uttara, Dhaka",23.878745,90.390893
Nest Restaurant & Bar,Restaurant,Uttara,https://www.google.com/maps/place/Nest+Restaurant+%26+Bar/data=!4m7!3m6!1s0x3755c51b4e46e6a5:0x92027be08c5631!8m2!3d23.8745341!4d90.3891907!16s%2Fg%2F11klc3vlh2!19sChIJpeZGThvFVTcRMVaM4HsCkgA?authuser=0&hl=en&g_ep=EgoyMDI2MDkwOS4wIJJjKgBIAVAD&rclk=1,4.1,840,"40 Sonargaon Janapath Rd , Uttara, Dhaka",23.874534,90.389191
Kudos Uttara,Restaurant,Uttara,https://www.google.com/maps/place/Kudos+Uttara/data=!4m7!3m6!1s0x3755c419f93045f3:0x64a5493e9a766c4c!8m2!3d23.8744889!4d90.391349!16s%2Fg%2F11jpwcq476!19sChIJ80Uw-RnEVTcRTGx2mj5JpWQ?authuser=0&hl=en&g_ep=EgoyMDI2MDkwOS4wIJJjKgBIAVAD&rclk=1,4.2,1.9K,"House # 24 Sonarga jonopod Road , Uttara, Dhaka",23.874489,90.391349
Zen Table - Uttara,Restaurant,Uttara,https://www.google.com/maps/place/Zen+Table+-+Uttara/data=!4m7!3m6!1s0x3755c59efee36c83:0xe1d7d764b5104961!8m2!3d23.8744832!4d90.3841433!16s%2Fg%2F11zgly2z53!19sChIJg2zj_p7FVTcRYUkQtWTX1-E?authuser=0&hl=en&g_ep=EgoyMDI2MDkwOS4wIJJjKgBIAVAD&rclk=1,4,27,"Makkah Madina Trade Center, Sonargaon Janapath Rd , Uttara, Dhaka",23.874483,90.384143
Bella Italia,Restaurant,Uttara,https://www.google.com/maps/place/Bella+Italia/data=!4m7!3m6!1s0x3755c52c2c529fe9:0x7259640f17cb5608!8m2!3d23.8745095!4d90.39273!16s%2Fg%2F11l2zj31fm!19sChIJ6Z9SLCzFVTcRCFbLFw9kWXI?authuser=0&hl=en&g_ep=EgoyMDI2MDkwOS4wIJJjKgBIAVAD&rclk=1,4.2,93,"Plot 6 Sonargaon Janapath Rd Relaxed restaurant for Italian dining, Uttara, Dhaka",23.874509,90.39273
Falaq Restaurant,Restaurant,Uttara,https://www.google.com/maps/place/Falaq+Restaurant/data=!4m7!3m6!1s0x3755c5a86d47d4df:0x4b85842e18c846b8!8m2!3d23.8757736!4d90.3891168!16s%2Fg%2F11tss4t5w4!19sChIJ39RHbajFVTcRuEbIGC6EhUs?authuser=0&hl=en&g_ep=EgoyMDI2MDkwOS4wIJJjKgBIAVAD&rclk=1,5,3,"Uttara, Dhaka",23.875774,90.389117
Chatgaiya Mejjan,Restaurant,Uttara,https://www.google.com/maps/place/Chatgaiya+Mejjan/data=!4m7!3m6!1s0x3755c5171be6592d:0x9345e0931752f6c0!8m2!3d23.8788981!4d90.3909708!16s%2Fg%2F11k4k1hs94!19sChIJLVnmGxfFVTcRwPZSF5PgRZM?authuser=0&hl=en&g_ep=EgoyMDI2MDkwOS4wIJJjKgBIAVAD&rclk=1,4.4,5,"House No, 21 Rd No. 10A , Uttara, Dhaka",23.878898,90.390971
FINO,Restaurant,Uttara,https://www.google.com/maps/place/FINO/data=!4m7!3m6!1s0x3755c5a8875ce579:0x9f311cb118bccc85!8m2!3d23.8788056!4d90.3905258!16s%2Fg%2F11vbrrbd10!19sChIJeeVch6jFVTcRhcy8GLEcMZ8?authuser=0&hl=en&g_ep=EgoyMDI2MDkwOS4wIJJjKgBIAVAD&rclk=1,3.7,86,"House 41, (Lift-4), Gareeb-e-nawaz, road Uttara 11 , Uttara, Dhaka",23.878806,90.390526
Ashta Banjan - Uttara,Restaurant,Uttara,https://www.google.com/maps/place/Ashta+Banjan+-+Uttara/data=!4m7!3m6!1s0x3755c510f98af1ad:0x2dbb0a6ecef98287!8m2!3d23.874591!4d90.3948148!16s%2Fg%2F11l6mdh8df!19sChIJrfGK-RDFVTcRh4L5zm4Kuy0?authuser=0&hl=en&g_ep=EgoyMDI2MDkwOS4wIJJjKgBIAVAD&rclk=1,3.1,158,"V9FV+RWP, Sonargaon Janapath Rd , Uttara, Dhaka",23.874591,90.394815
Tehari Ghar +,Restaurant,Uttara,https://www.google.com/maps/place/Tehari+Ghar+%2B/data=!4m7!3m6!1s0x3755c5605c1d6217:0xeeead8fcbba2e05a!8m2!3d23.8745135!4d90.3914235!16s%2Fg%2F11s9y9vbbj!19sChIJF2IdXGDFVTcRWuCiu_zY6u4?authuser=0&hl=en&g_ep=EgoyMDI2MDkwOS4wIJJjKgBIAVAD&rclk=1,3.7,88,"Uttara, Dhaka",23.874513,90.391424
90's Dhaka,Restaurant,Uttara,https://www.google.com/maps/place/90%27s+Dhaka/data=!4m7!3m6!1s0x3755c521a07a49dd:0xe3f820125536b7a!8m2!3d23.874597!4d90.3948305!16s%2Fg%2F11p66w8zhw!19sChIJ3Ul6oCHFVTcRemtTJQGCPw4?authuser=0&hl=en&g_ep=EgoyMDI2MDkwOS4wIJJjKgBIAVAD&rclk=1,4.2,367,"60 Sonargaon Janapath Rd , Uttara, Dhaka",23.874597,90.39483
Buttery Zayaka,Restaurant,Uttara,https://www.google.com/maps/place/Buttery+Zayaka/data=!4m7!3m6!1s0x3755c5833bdb7953:0xe168073d0b87e4dd!8m2!3d23.8761052!4d90.3909806!16s%2Fg%2F11k55bqq6b!19sChIJU3nbO4PFVTcR3eSHCz0HaOE?authuser=0&hl=en&g_ep=EgoyMDI2MDkwOS4wIJJjKgBIAVAD&rclk=1,4.7,3,"Uttara, Dhaka",23.876105,90.390981
STREET Food Court,Restaurant,Uttara,https://www.google.com/maps/place/STREET+Food+Court/data=!4m7!3m6!1s0x3755c50036b2c34b:0xc3a7dc0881e2caa0!8m2!3d23.8770734!4d90.3909816!16s%2Fg%2F11wxvqvpvh!19sChIJS8OyNgDFVTcRoMrigQjcp8M?authuser=0&hl=en&g_ep=EgoyMDI2MDkwOS4wIJJjKgBIAVAD&rclk=1,4.5,6,"Uttara, Dhaka",23.877073,90.390982
Textile Community Restaurant,Restaurant,Uttara,https://www.google.com/maps/place/Textile+Community+Restaurant/data=!4m7!3m6!1s0x3755c5c5643f1a71:0xbdde4b9570706d11!8m2!3d23.874756!4d90.391058!16s%2Fg%2F11k48_yzb9!19sChIJcRo_ZMXFVTcREW1wcJVL3r0?authuser=0&hl=en&g_ep=EgoyMDI2MDkwOS4wIJJjKgBIAVAD&rclk=1,5,4,"Uttara, Dhaka",23.874756,90.391058
Domino's Pizza Uttara,Restaurant,Uttara,https://www.google.com/maps/place/Domino%27s+Pizza+Uttara/data=!4m7!3m6!1s0x3755c58e2d3e2433:0xd5b4370265b55b94!8m2!3d23.8732034!4d90.3906933!16s%2Fg%2F11fnptk4lm!19sChIJMyQ-LY7FVTcRlFu1ZQI3tNU?authuser=0&hl=en&g_ep=EgoyMDI2MDkwOS4wIJJjKgBIAVAD&rclk=1,4.2,2.4K,"House -1, road - 13, Garib-E-Newaz Ave , Uttara, Dhaka",23.873203,90.390693
SALT 13,Restaurant,Uttara,https://www.google.com/maps/place/SALT+13/data=!4m7!3m6!1s0x3755c500742c56c9:0x864f7f6ea562b83f!8m2!3d23.870712!4d90.3841215!16s%2Fg%2F11z4y14swb!19sChIJyVYsdADFVTcRP7hipW5_T4Y?authuser=0&hl=en&g_ep=EgoyMDI2MDkwOS4wIJJjKgBIAVAD&rclk=1,4.2,64,"Plot#18, Shah Makhdum Ave, Uttara, Dhaka",23.870712,90.384122
Spice & Beans,Restaurant,Uttara,https://www.google.com/maps/place/Spice+%26+Beans/data=!4m7!3m6!1s0x3755c5d28c528765:0xb89f9b2144b90028!8m2!3d23.870667!4d90.3841065!16s%2Fg%2F11mkxgbpkn!19sChIJZYdSjNLFVTcRKAC5RCGbn7g?authuser=0&hl=en&g_ep=EgoyMDI2MDkwOS4wIJJjKgBIAVAD&rclk=1,4.7,3,"Uttara, Dhaka",23.870667,90.384107
Bangaliana Bhoj Uttara,Restaurant,Uttara,https://www.google.com/maps/place/Bangaliana+Bhoj+Uttara/data=!4m7!3m6!1s0x3755c570b7a8ff59:0x4a899de3f7e8ef65!8m2!3d23.8744072!4d90.3878542!16s%2Fg%2F11zdn4_syp!19sChIJWf-ot3DFVTcRZe_o9-OdiUo?authuser=0&hl=en&g_ep=EgoyMDI2MDkwOS4wIJJjKgBIAVAD&rclk=1,4.3,46,"Level-2, Usman Ali Market, H58,, Sonargaon Jonopoth Road, Sector 13, Uttara, (Opposite of Uttara Square Market) , Uttara, Dhaka",23.874407,90.387854
D's Bistro,Restaurant,Uttara,https://www.google.com/maps/place/D%27s+Bistro/data=!4m7!3m6!1s0x3755c50754bf6b77:0xc9d0ab1b2f55de87!8m2!3d23.8708448!4d90.3841497!16s%2Fg%2F11vf2z1jdn!19sChIJd2u_VAfFVTcRh95VLxur0Mk?authuser=0&hl=en&g_ep=EgoyMDI2MDkwOS4wIJJjKgBIAVAD&rclk=1,4.7,174,"Uttara, Dhaka",23.870845,90.38415
Sara's Kitchen,Restaurant,Uttara,https://www.google.com/maps/place/Sara%27s+Kitchen/data=!4m7!3m6!1s0x3755c576d2abbe21:0x693c39c550688d9d!8m2!3d23.8721551!4d90.3889822!16s%2Fg%2F11zh951s35!19sChIJIb6r0nbFVTcRnY1oUMU5PGk?authuser=0&hl=en&g_ep=EgoyMDI2MDkwOS4wIJJjKgBIAVAD&rclk=1,5,1,"House-24 Rd 10 , Uttara, Dhaka",23.872155,90.388982
Marco Polo’s Uttara,Restaurant,Uttara,https://www.google.com/maps/place/Marco+Polo%E2%80%99s+Uttara/data=!4m7!3m6!1s0x3755c50023c8b8fb:0xc5296250403698eb!8m2!3d23.869567!4d90.389729!16s%2Fg%2F11nbppy2pr!19sChIJ-7jIIwDFVTcR65g2QFBiKcU?authuser=0&hl=en&g_ep=EgoyMDI2MDkwOS4wIJJjKgBIAVAD&rclk=1,4.4,15,"Uttara, Dhaka",23.869567,90.389729
Dining Table - Test the best,Restaurant,Uttara,https://www.google.com/maps/place/Dining+Table+-+Test+the+best/data=!4m7!3m6!1s0x3755c5004b234007:0x7988a190b0e084fa!8m2!3d23.8719221!4d90.3901632!16s%2Fg%2F11yq63z4kx!19sChIJB0AjSwDFVTcR-oTgsJChiHk?authuser=0&hl=en&g_ep=EgoyMDI2MDkwOS4wIJJjKgBIAVAD&rclk=1,5,2,"3, 19 Rd 10 , Uttara, Dhaka",23.871922,90.390163
Crush Momo Uttara,Restaurant,Uttara,https://www.google.com/maps/place/Crush+Momo+Uttara/data=!4m7!3m6!1s0x3755c51188efab59:0xcd696a3f6f6a4a68!8m2!3d23.8696781!4d90.3916112!16s%2Fg%2F11pgcf94x8!19sChIJWavviBHFVTcRaEpqbz9qac0?authuser=0&hl=en&g_ep=EgoyMDI2MDkwOS4wIJJjKgBIAVAD&rclk=1,4.1,300,"House 4 Road-3 , Uttara, Dhaka",23.869678,90.391611
Blossom Restaurant - 百盛港式茶餐厅,Restaurant,Uttara,https://www.google.com/maps/place/Blossom+Restaurant+-+%E7%99%BE%E7%9B%9B%E6%B8%AF%E5%BC%8F%E8%8C%B6%E9%A4%90%E5%8E%85/data=!4m7!3m6!1s0x3755c5995c3ff0cf:0xa5cc17b1eb2aebba!8m2!3d23.8713783!4d90.3841842!16s%2Fg%2F11tjk_ystc!19sChIJz_A_XJnFVTcRuusq67EXzKU?authuser=0&hl=en&g_ep=EgoyMDI2MDkwOS4wIJJjKgBIAVAD&rclk=1,4.3,219,"www.google.com/local/place, rap/edit/location?rg=true13, House - 26 Shah Makhdum Ave , Uttara, Dhaka",23.871378,90.384184
AUDSTS KITCHEN,Restaurant,Uttara,https://www.google.com/maps/place/AUDSTS+KITCHEN/data=!4m7!3m6!1s0x3755c50012757861:0x2d6b701eb9b7447d!8m2!3d23.8723828!4d90.3877828!16s%2Fg%2F11yrfpvb_t!19sChIJYXh1EgDFVTcRfUS3uR5way0?authuser=0&hl=en&g_ep=EgoyMDI2MDkwOS4wIJJjKgBIAVAD&rclk=1,5,2,"b, Rd 10/A, Uttara, Dhaka",23.872383,90.387783
Sushi Taro,Restaurant,Uttara,https://www.google.com/maps/place/Sushi+Taro/data=!4m7!3m6!1s0x3755c50027df7c79:0x3b8c937f0e242c6e!8m2!3d23.8705781!4d90.3905639!16s%2Fg%2F11z4bq6gjt!19sChIJeXzfJwDFVTcRbiwkDn-TjDs?authuser=0&hl=en&g_ep=EgoyMDI2MDkwOS4wIJJjKgBIAVAD&rclk=1,4.6,21,"Plot 15 Garib-E-Newaz Ave , Uttara, Dhaka",23.870578,90.390564
The Munch Station - Uttara,Restaurant,Uttara,https://www.google.com/maps/place/The+Munch+Station+-+Uttara/data=!4m7!3m6!1s0x3755c5d2829a6da5:0xe220d0ae633cd233!8m2!3d23.8707986!4d90.3907047!16s%2Fg%2F11njqdwshv!19sChIJpW2agtLFVTcRM9I8Y67QIOI?authuser=0&hl=en&g_ep=EgoyMDI2MDkwOS4wIJJjKgBIAVAD&rclk=1,3.8,30,"1st Floor, Plot-15 Garib-E-Newaz Ave , Uttara, Dhaka",23.870799,90.390705
Herfy - Uttara,Restaurant,Uttara,https://www.google.com/maps/place/Herfy+-+Uttara/data=!4m7!3m6!1s0x3755c5cfdf1dda8f:0xfdedca60584c3e0c!8m2!3d23.8692502!4d90.3894744!16s%2Fg%2F11gsmxv4zn!19sChIJj9od38_FVTcRDD5MWGDK7f0?authuser=0&hl=en&g_ep=EgoyMDI2MDkwOS4wIJJjKgBIAVAD&rclk=1,4.3,1.9K,"Plot 29 Gausul Azam Ave , Uttara, Dhaka",23.86925,90.389474
Khana's Uttara 6 Metro,Restaurant,Uttara,https://www.google.com/maps/place/Khana%27s+Uttara+6+Metro/data=!4m7!3m6!1s0x3755c5005b4f2233:0x8599654b532cf4ce!8m2!3d23.8681681!4d90.4028106!16s%2Fg%2F11mm8zwwvg!19sChIJMyJPWwDFVTcRzvQsU0tlmYU?authuser=0&hl=en&g_ep=EgoyMDI2MDkwOS4wIJJjKgBIAVAD&rclk=1,4.3,48,"House 2 Road 13, A Shahajalal Ave , Uttara, Dhaka",23.868168,90.402811
Tasu's,Restaurant,Uttara,https://www.google.com/maps/place/Tasu%27s/data=!4m7!3m6!1s0x3755c1d3a333cb0f:0xd00c2549631fe465!8m2!3d23.8578261!4d90.3614415!16s%2Fg%2F11zd56mg8k!19sChIJD8szo9PBVTcRZeQfY0klDNA?authuser=0&hl=en&g_ep=EgoyMDI2MDkwOS4wIJJjKgBIAVAD&rclk=1,4.9,17,"Avenue 3 , Uttara, Dhaka",23.857826,90.361441
Burger Lab Uttara,Restaurant,Uttara,https://www.google.com/maps/place/Burger+Lab+Uttara/data=!4m7!3m6!1s0x3755c586fa549745:0xde90383fc354b1c0!8m2!3d23.8761052!4d90.3909806!16s%2Fg%2F11spdkg07b!19sChIJRZdU-obFVTcRwLFUwz84kN4?authuser=0&hl=en&g_ep=EgoyMDI2MDkwOS4wIJJjKgBIAVAD&rclk=1,4.2,493,"House-16 Gareeb-e-Nawaz Ave , Uttara, Dhaka",23.876105,90.390981
BFC (Best Fried Chicken),Restaurant,Uttara,https://www.google.com/maps/place/BFC+%28Best+Fried+Chicken%29/data=!4m7!3m6!1s0x3755c4271fdb0435:0xb128633002b99b92!8m2!3d23.8609952!4d90.3997316!16s%2Fg%2F1wnd_f69!19sChIJNQTbHyfEVTcRkpu5AjBjKLE?authuser=0&hl=en&g_ep=EgoyMDI2MDkwOS4wIJJjKgBIAVAD&rclk=1,4.1,2.0K,"Plot No.:1, Sector 1, Uttara Tower, Jashimuddin Ave , Uttara, Dhaka",23.860995,90.399732
Checkers,Restaurant,Uttara,https://www.google.com/maps/place/Checkers/data=!4m7!3m6!1s0x3755c4253b09f137:0x9ac124c6817b8013!8m2!3d23.8688218!4d90.4015435!16s%2Fg%2F11c5s_s84p!19sChIJN_EJOyXEVTcRE4B7gcYkwZo?authuser=0&hl=en&g_ep=EgoyMDI2MDkwOS4wIJJjKgBIAVAD&rclk=1,4.1,1.5K,"House-2, Road 13 Rajuk College Rd , Uttara, Dhaka",23.868822,90.401544
BFC (Best Fried Chicken),Restaurant,Uttara,https://www.google.com/maps/place/BFC+%28Best+Fried+Chicken%29/data=!4m7!3m6!1s0x3755c416f55ccb5d:0x7e075e5823616a11!8m2!3d23.8741373!4d90.3914034!16s%2Fg%2F1q5ccckp2!19sChIJXctc9RbEVTcREWphI1heB34?authuser=0&hl=en&g_ep=EgoyMDI2MDkwOS4wIJJjKgBIAVAD&rclk=1,4.2,2.1K,"House# 19, Sector# 13, Sonargaon, Janapath Road, Union Nahar Square, Uttara. , Uttara, Dhaka",23.874137,90.391403
Food Expert - Uttara,Restaurant,Uttara,https://www.google.com/maps/place/Food+Expert+-+Uttara/data=!4m7!3m6!1s0x3755c5007a824ab5:0x6317c9da3b901829!8m2!3d23.8741337!4d90.388943!16s%2Fg%2F11z94dnh6n!19sChIJtUqCegDFVTcRKRiQO9rJF2M?authuser=0&hl=en&g_ep=EgoyMDI2MDkwOS4wIJJjKgBIAVAD&rclk=1,4.2,5,"41 Sonargaon Janapath Rd, Uttara, Dhaka",23.874134,90.388943
Food Caves,Restaurant,Uttara,https://www.google.com/maps/place/Food+Caves/data=!4m7!3m6!1s0x3755c56b2ee18f7b:0x3e8beea0764d44da!8m2!3d23.8753833!4d90.4000036!16s%2Fg%2F11ydz9wc5_!19sChIJe4_hLmvFVTcR2kRNdqDuiz4?authuser=0&hl=en&g_ep=EgoyMDI2MDkwOS4wIJJjKgBIAVAD&rclk=1,4.8,17,"B, House#11, Rd 1 , Uttara, Dhaka",23.875383,90.400004
Burger King Uttara,Restaurant,Uttara,https://www.google.com/maps/place/Burger+King+Uttara/data=!4m7!3m6!1s0x3755c43bf6bb193d:0xcc97ed5613b3df4a!8m2!3d23.8747176!4d90.39847!16s%2Fg%2F11ddxw11nw!19sChIJPRm79jvEVTcRSt-zE1btl8w?authuser=0&hl=en&g_ep=EgoyMDI2MDkwOS4wIJJjKgBIAVAD&rclk=1,4,2.1K,"H.No 16, Sector: 09, Sonargaon Janapath Rd Fast-food chain for grilled burgers , Uttara, Dhaka",23.874718,90.39847
Crisp Uttara,Restaurant,Uttara,https://www.google.com/maps/place/Crisp+Uttara/data=!4m7!3m6!1s0x3755c5075c30f053:0xb4307fb697dde0e0!8m2!3d23.8695651!4d90.3870055!16s%2Fg%2F11jz156z8c!19sChIJU_AwXAfFVTcR4ODdl7Z_MLQ?authuser=0&hl=en&g_ep=EgoyMDI2MDkwOS4wIJJjKgBIAVAD&rclk=1,3.3,69,"Uttara, Dhaka",23.869565,90.387006
The Big Q Uttara,Restaurant,Uttara,https://www.google.com/maps/place/The+Big+Q+Uttara/data=!4m7!3m6!1s0x3755c58a5a9a0017:0x7a3dbd4f5c27dedc!8m2!3d23.8620713!4d90.4006332!16s%2Fg%2F11vl4x642j!19sChIJFwCaWorFVTcR3N4nXE-9PXo?authuser=0&hl=en&g_ep=EgoyMDI2MDkwOS4wIJJjKgBIAVAD&rclk=1,4.9,141,"57 Road 7 , Uttara, Dhaka",23.862071,90.400633
Golden Pizza (গোল্ডেন পিজ্জা),Restaurant,Uttara,https://www.google.com/maps/place/Golden+Pizza+%28%E0%A6%97%E0%A7%8B%E0%A6%B2%E0%A7%8D%E0%A6%A1%E0%A7%87%E0%A6%A8+%E0%A6%AA%E0%A6%BF%E0%A6%9C%E0%A7%8D%E0%A6%9C%E0%A6%BE%29/data=!4m7!3m6!1s0x3755c53dadc849db:0x7c50ca8a91312e6d!8m2!3d23.8645496!4d90.3957267!16s%2Fg%2F11yndjhmll!19sChIJ20nIrT3FVTcRbS4xkYrKUHw?authuser=0&hl=en&g_ep=EgoyMDI2MDkwOS4wIJJjKgBIAVAD&rclk=1,4.4,17,"House 40/A, Road 7, Sector 3 (in front of friends club) , Uttara, Dhaka",23.86455,90.395727
Cha & Chill | Uttara Sector 5,Restaurant,Uttara,https://www.google.com/maps/place/Cha+%26+Chill+%7C+Uttara+Sector+5/data=!4m7!3m6!1s0x3755c50054d80b7d:0xe90ac29476b5e707!8m2!3d23.8653569!4d90.3912461!16s%2Fg%2F11wn8k_2lj!19sChIJfQvYVADFVTcRB-e1dpTCCuk?authuser=0&hl=en&g_ep=EgoyMDI2MDkwOS4wIJJjKgBIAVAD&rclk=1,4.2,90,"V98R+4GR, House-5 Rd No 4 , Uttara, Dhaka",23.865357,90.391246
"FOODFLIX, Uttara",Restaurant,Uttara,"https://www.google.com/maps/place/FOODFLIX,+Uttara/data=!4m7!3m6!1s0x3755c52805146a59:0x989f04f714fd3ae3!8m2!3d23.8674189!4d90.4055029!16s%2Fg%2F11r3f6r4rr!19sChIJWWoUBSjFVTcR4zr9FPcEn5g?authuser=0&hl=en&g_ep=EgoyMDI2MDkwOS4wIJJjKgBIAVAD&rclk=1",4.2,5,"Foodflix, House-2 Rd No. 20/C , Uttara, Dhaka",23.867419,90.405503
KFC Uttara 13,Restaurant,Uttara,https://www.google.com/maps/place/KFC+Uttara+13/data=!4m7!3m6!1s0x3755c416ca09c627:0xd3538fa86eb0d09d!8m2!3d23.8741982!4d90.3919139!16s%2Fg%2F1hc3zq4zf!19sChIJJ8YJyhbEVTcRndCwbqiPU9M?authuser=0&hl=en&g_ep=EgoyMDI2MDkwOS4wIJJjKgBIAVAD&rclk=1,4,3.9K,"H-13, Sonargaon Janapath Rd Fried chicken restaurant chain , Uttara, Dhaka",23.874198,90.391914
KFC Restaurant,Restaurant,Uttara,https://www.google.com/maps/place/KFC+Restaurant/data=!4m7!3m6!1s0x3755c426db1b61a7:0x9559733f73b73058!8m2!3d23.8615537!4d90.3990483!16s%2Fg%2F11c38fd6b6!19sChIJp2Eb2ybEVTcRWDC3cz9zWZU?authuser=0&hl=en&g_ep=EgoyMDI2MDkwOS4wIJJjKgBIAVAD&rclk=1,4.1,1.8K,"Ground Floor, Ahmed Plaza, House-06 Road-2 Fried chicken restaurant chain , Uttara, Dhaka",23.861554,90.399048
Smokie Patty ( Uttara ),Restaurant,Uttara,https://www.google.com/maps/place/Smokie+Patty+%28+Uttara+%29/data=!4m7!3m6!1s0x3755c5aa3a8d812f:0x412c6c7f1aef9860!8m2!3d23.8700319!4d90.3986192!16s%2Fg%2F11zkv1cywh!19sChIJL4GNOqrFVTcRYJjvGn9sLEE?authuser=0&hl=en&g_ep=EgoyMDI2MDkwOS4wIJJjKgBIAVAD&rclk=1,4.2,5,"House : 2E, road : 08, Uttara, Dhaka",23.870032,90.398619
Uttara Kitchen,Restaurant,Uttara,https://www.google.com/maps/place/Uttara+Kitchen/data=!4m7!3m6!1s0x3755c43a4d8bec81:0x9a239cb5b8b7bd28!8m2!3d23.873607!4d90.4009445!16s%2Fg%2F11f318xnxw!19sChIJgeyLTTrEVTcRKL23uLWcI5o?authuser=0&hl=en&g_ep=EgoyMDI2MDkwOS4wIJJjKgBIAVAD&rclk=1,3.6,9,"House- 2, VCF2+C8X, Road No 12, Sector- 6, Uttara , Uttara, Dhaka",23.873607,90.400944
Khazana Restaurant & Kabab Ghar,Restaurant,Uttara,https://www.google.com/maps/place/Khazana+Restaurant+%26+Kabab+Ghar/data=!4m7!3m6!1s0x3755c560b7fe9aeb:0x369f0e31a0c786ee!8m2!3d23.8623455!4d90.3995873!16s%2Fg%2F11rcqjvpcd!19sChIJ65r-t2DFVTcR7obHoDEOnzY?authuser=0&hl=en&g_ep=EgoyMDI2MDkwOS4wIJJjKgBIAVAD&rclk=1,3.8,310,"House: 13, Road:02 , Uttara, Dhaka",23.862345,90.399587
American Burger,Restaurant,Uttara,https://www.google.com/maps/place/American+Burger/data=!4m7!3m6!1s0x3755c421210de963:0xdfae201cf3ff3605!8m2!3d23.8611863!4d90.3972808!16s%2Fg%2F11c1xj0tqq!19sChIJY-kNISHEVTcRBTb_8xwgrt8?authuser=0&hl=en&g_ep=EgoyMDI2MDkwOS4wIJJjKgBIAVAD&rclk=1,4,1.0K,"Uttara, Dhaka",23.861186,90.397281
Burger Xpress - Uttara,Restaurant,Uttara,https://www.google.com/maps/place/Burger+Xpress+-+Uttara/data=!4m7!3m6!1s0x3755c50062a577c5:0xe92ed5fe8bdf458b!8m2!3d23.8788191!4d90.3909135!16s%2Fg%2F11mt1h1c_j!19sChIJxXelYgDFVTcRi0Xfi_7VLuk?authuser=0&hl=en&g_ep=EgoyMDI2MDkwOS4wIJJjKgBIAVAD&rclk=1,3.8,20,"Uttara, Dhaka",23.878819,90.390913
Best kacchi in Dhaka,Restaurant,Uttara,https://www.google.com/maps/place/Best+kacchi+in+Dhaka/data=!4m7!3m6!1s0x3755c5a5d16f0007:0xf99b6b903ccd5f30!8m2!3d23.8574578!4d90.4014067!16s%2Fg%2F11z8tnmbr0!19sChIJBwBv0aXFVTcRMF_NPJBrm_k?authuser=0&hl=en&g_ep=EgoyMDI2MDkwOS4wIJJjKgBIAVAD&rclk=1,5,1,"House 12 Road 7 , Uttara, Dhaka",23.857458,90.401407
Kacchi Wala Uttara,Restaurant,Uttara,https://www.google.com/maps/place/Kacchi+Wala+Uttara/data=!4m7!3m6!1s0x3755c5c4a1bc3f57:0xeef2f06716dfa31b!8m2!3d23.8657653!4d90.3990388!16s%2Fg%2F11hyd79928!19sChIJVz-8ocTFVTcRG6PfFmfw8u4?authuser=0&hl=en&g_ep=EgoyMDI2MDkwOS4wIJJjKgBIAVAD&rclk=1,3.8,721,"House: 1/E, Road: 02, Sector: 03, Uttara, Dhaka: 1230. (beside Oven Fresh) , Uttara, Dhaka",23.865765,90.399039
Biriyani Masala Uttara,Restaurant,Uttara,https://www.google.com/maps/place/Biriyani+Masala+Uttara/data=!4m7!3m6!1s0x3755c5001abb1575:0x53ab3eb4baf70ffc!8m2!3d23.8643163!4d90.3988185!16s%2Fg%2F11njwr8_s2!19sChIJdRW7GgDFVTcR_A_3urQ-q1M?authuser=0&hl=en&g_ep=EgoyMDI2MDkwOS4wIJJjKgBIAVAD&rclk=1,3.6,34,"House 29 Road-2, Uttara, Dhaka",23.864316,90.398819
Muslim Biriyani,Restaurant,Uttara,https://www.google.com/maps/place/Muslim+Biriyani/data=!4m7!3m6!1s0x3755c50005446d3d:0xa6380b57f1d3daed!8m2!3d23.8739512!4d90.379813!16s%2Fg%2F11nvw5ffvd!19sChIJPW1EBQDFVTcR7drT8VcLOKY?authuser=0&hl=en&g_ep=EgoyMDI2MDkwOS4wIJJjKgBIAVAD&rclk=1,3.9,140,"43 Sonargaon Janapath Rd, Uttara, Dhaka",23.873951,90.379813
Nanna Biryani,Restaurant,Uttara,https://www.google.com/maps/place/Nanna+Biryani/data=!4m7!3m6!1s0x3755c41a2ef888a1:0x7b68af338091701b!8m2!3d23.8674332!4d90.3885114!16s%2Fg%2F11d_8cs2hr!19sChIJoYj4LhrEVTcRG3CRgDOvaHs?authuser=0&hl=en&g_ep=EgoyMDI2MDkwOS4wIJJjKgBIAVAD&rclk=1,3.8,235,"House-37, Road-16, Sector-14, Adjacent Juhura Market, South Side of Sector No-14, Uttara , Uttara, Dhaka",23.867433,90.388511
Hamza Biriyani,Restaurant,Uttara,https://www.google.com/maps/place/Hamza+Biriyani/data=!4m7!3m6!1s0x3755c5c74878b789:0x8638b9685a9e5ef2!8m2!3d23.8659811!4d90.3888412!16s%2Fg%2F11stps14ys!19sChIJibd4SMfFVTcR8l6eWmi5OIY?authuser=0&hl=en&g_ep=EgoyMDI2MDkwOS4wIJJjKgBIAVAD&rclk=1,4.1,15,"House-20 Road No. 12 , Uttara, Dhaka",23.865981,90.388841
Dhaka Biriyani House,Restaurant,Uttara,https://www.google.com/maps/place/Dhaka+Biriyani+House/data=!4m7!3m6!1s0x3755c42a0084d533:0x43d94cdb1f92a348!8m2!3d23.8579707!4d90.4079898!16s%2Fg%2F11f1pdb2_m!19sChIJM9WEACrEVTcRSKOSH9tM2UM?authuser=0&hl=en&g_ep=EgoyMDI2MDkwOS4wIJJjKgBIAVAD&rclk=1,3.6,110,"276, Shaheed Latif Road, Koshai Bazar, Uttara , Uttara, Dhaka",23.857971,90.40799
Vaggokul Biriyani,Restaurant,Uttara,https://www.google.com/maps/place/Vaggokul+Biriyani/data=!4m7!3m6!1s0x3755c418294fe385:0xfc69a9692f2f88b6!8m2!3d23.8695524!4d90.3916494!16s%2Fg%2F11f15gd940!19sChIJheNPKRjEVTcRtogvL2mpafw?authuser=0&hl=en&g_ep=EgoyMDI2MDkwOS4wIJJjKgBIAVAD&rclk=1,4,225,"Plot- 04, Shop- 02/D, Uttara Shopping Complex, Sector- 13, Garsul Azam Avenue Road, Uttara , Uttara, Dhaka",23.869552,90.391649
Nababi Biryani House - নবাবী বিরিয়ানি হাউজ,Restaurant,Uttara,https://www.google.com/maps/place/Nababi+Biryani+House+-+%E0%A6%A8%E0%A6%AC%E0%A6%BE%E0%A6%AC%E0%A7%80+%E0%A6%AC%E0%A6%BF%E0%A6%B0%E0%A6%BF%E0%A6%AF%E0%A6%BC%E0%A6%BE%E0%A6%A8%E0%A6%BF+%E0%A6%B9%E0%A6%BE%E0%A6%89%E0%A6%9C/data=!4m7!3m6!1s0x3755c5000b8b013d:0xff0ded3352272fac!8m2!3d23.8691238!4d90.3837809!16s%2Fg%2F11vynsgvn3!19sChIJPQGLCwDFVTcRrC8nUjPtDf8?authuser=0&hl=en&g_ep=EgoyMDI2MDkwOS4wIJJjKgBIAVAD&rclk=1,3.7,22,"Halim Master Market, Plot 29 Shah Makhdum Ave , Uttara, Dhaka",23.869124,90.383781
Tehari Ghar,Restaurant,Uttara,https://www.google.com/maps/place/Tehari+Ghar/data=!4m7!3m6!1s0x3755c5c59eab498f:0x5dfaa6249ae7034e!8m2!3d23.8690098!4d90.3838501!16s%2Fg%2F11fl90gf0w!19sChIJj0mrnsXFVTcRTgPnmiSm-l0?authuser=0&hl=en&g_ep=EgoyMDI2MDkwOS4wIJJjKgBIAVAD&rclk=1,4.3,911,"House 29 Shah Makhdum Ave , Uttara, Dhaka",23.86901,90.38385
Uttara Biriyani House,Restaurant,Uttara,https://www.google.com/maps/place/Uttara+Biriyani+House/data=!4m7!3m6!1s0x3755c42726b18ab9:0x2056ebe2d3edd70f!8m2!3d23.8594122!4d90.4046329!16s%2Fg%2F11c7058fhv!19sChIJuYqxJifEVTcRD9ft0-LrViA?authuser=0&hl=en&g_ep=EgoyMDI2MDkwOS4wIJJjKgBIAVAD&rclk=1,3.8,119,"Sector # 01, House-02 Road-03 , Uttara, Dhaka",23.859412,90.404633
Yamzo,Restaurant,Uttara,https://www.google.com/maps/place/Yamzo/data=!4m7!3m6!1s0x3755c5d5c707fa55:0xd3fce1c08c22116!8m2!3d23.8747335!4d90.3849667!16s%2Fg%2F11npykn_l8!19sChIJVfoHx9XFVTcRFiHCCBzOPw0?authuser=0&hl=en&g_ep=EgoyMDI2MDkwOS4wIJJjKgBIAVAD&rclk=1,4.5,42,"House-80 Rd No 20 , Uttara, Dhaka",23.874734,90.384967
Kebab House - Kebab and Biryani,Restaurant,Uttara,https://www.google.com/maps/place/Kebab+House+-+Kebab+and+Biryani/data=!4m7!3m6!1s0x3755c5463a8f741f:0xfade7cd4d4899077!8m2!3d23.8646955!4d90.3996492!16s%2Fg%2F11gxx7hr8t!19sChIJH3SPOkbFVTcRd5CJ1NR83vo?authuser=0&hl=en&g_ep=EgoyMDI2MDkwOS4wIJJjKgBIAVAD&rclk=1,4,7,"2nd Floor), Plot, Latif Emporium, 27 Road-7 , Uttara, Dhaka",23.864695,90.399649
Salam's Kitchen,Restaurant,Uttara,https://www.google.com/maps/place/Salam%27s+Kitchen/data=!4m7!3m6!1s0x3755c416b7070865:0x1317ac784a499f0e!8m2!3d23.874485!4d90.3894424!16s%2Fg%2F11fmd76nj7!19sChIJZQgHtxbEVTcRDp9JSnisFxM?authuser=0&hl=en&g_ep=EgoyMDI2MDkwOS4wIJJjKgBIAVAD&rclk=1,4,1.7K,"House, 40, Kacha Bazar, Sonargaon Janapath Rd , Uttara, Dhaka",23.874485,90.389442
dhali dining-Authentic Kacchi Biriyani,Restaurant,Uttara,https://www.google.com/maps/place/dhali+dining-Authentic+Kacchi+Biriyani/data=!4m7!3m6!1s0x3755c5c1a7c820df:0x3c4c7588329b5e51!8m2!3d23.8726986!4d90.3906948!16s%2Fg%2F11qmptj2yv!19sChIJ3yDIp8HFVTcRUV6bMoh1TDw?authuser=0&hl=en&g_ep=EgoyMDI2MDkwOS4wIJJjKgBIAVAD&rclk=1,4.3,11,"Uttara, Dhaka",23.872699,90.390695
New Uttara Hazi Biriyani,Restaurant,Uttara,https://www.google.com/maps/place/New+Uttara+Hazi+Biriyani/data=!4m7!3m6!1s0x3755c523af738077:0xa902f553ea157eb6!8m2!3d23.868057!4d90.4001402!16s%2Fg%2F11h0g_3dhv!19sChIJd4BzryPFVTcRtn4V6lP1Aqk?authuser=0&hl=en&g_ep=EgoyMDI2MDkwOS4wIJJjKgBIAVAD&rclk=1,3.2,6,"Uttara, Dhaka",23.868057,90.40014
বিরিয়ানি বক্স,Restaurant,Uttara,https://www.google.com/maps/place/%E0%A6%AC%E0%A6%BF%E0%A6%B0%E0%A6%BF%E0%A6%AF%E0%A6%BC%E0%A6%BE%E0%A6%A8%E0%A6%BF+%E0%A6%AC%E0%A6%95%E0%A7%8D%E0%A6%B8/data=!4m7!3m6!1s0x3755c5003f839b3d:0x6d1b6739528c4469!8m2!3d23.8587064!4d90.4001581!16s%2Fg%2F11zdt6s577!19sChIJPZuDPwDFVTcRaUSMUjlnG20?authuser=0&hl=en&g_ep=EgoyMDI2MDkwOS4wIJJjKgBIAVAD&rclk=1,4.3,1.2K,"Uttara, Dhaka",23.858706,90.400158
Kacchi Dine - Uttara রাজলক্ষ্মী,Restaurant,Uttara,https://www.google.com/maps/place/Kacchi+Dine+-+Uttara+%E0%A6%B0%E0%A6%BE%E0%A6%9C%E0%A6%B2%E0%A6%95%E0%A7%8D%E0%A6%B7%E0%A7%8D%E0%A6%AE%E0%A7%80/data=!4m7!3m6!1s0x3755c50072aeaf9d:0x974e2d3fba5e93af!8m2!3d23.8643662!4d90.3988346!16s%2Fg%2F11x7g9xxdt!19sChIJna-ucgDFVTcRr5Neuj8tTpc?authuser=0&hl=en&g_ep=EgoyMDI2MDkwOS4wIJJjKgBIAVAD&rclk=1,3.7,124,"Uttara, Dhaka",23.864366,90.398835
Nawab Biriyani,Restaurant,Uttara,https://www.google.com/maps/place/Nawab+Biriyani/data=!4m7!3m6!1s0x3755c426a4055aa7:0x5265a51dfad88b20!8m2!3d23.8634923!4d90.3992317!16s%2Fg%2F11f50w9tqb!19sChIJp1oFpCbEVTcRIIvY-h2lZVI?authuser=0&hl=en&g_ep=EgoyMDI2MDkwOS4wIJJjKgBIAVAD&rclk=1,3.6,14,"Plot 28, Road 2, Sector 3, Jashim Uddin Road , Uttara , Uttara, Dhaka",23.863492,90.399232
Ashirbad Biriyani House,Restaurant,Uttara,https://www.google.com/maps/place/Ashirbad+Biriyani+House/data=!4m7!3m6!1s0x3755c43b24d21c45:0x504a353ada4d4858!8m2!3d23.8708263!4d90.4001671!16s%2Fg%2F11ggng7prk!19sChIJRRzSJDvEVTcRWEhN2jo1SlA?authuser=0&hl=en&g_ep=EgoyMDI2MDkwOS4wIJJjKgBIAVAD&rclk=1,4.3,7,"Plot No-85, Sector-07, Near B.N.S Center, Uttara , Uttara, Dhaka",23.870826,90.400167
Kebab & Curry,Restaurant,Uttara,https://www.google.com/maps/place/Kebab+%26+Curry/data=!4m7!3m6!1s0x3755c50048a9127b:0x699164b1048f2896!8m2!3d23.8695491!4d90.3891909!16s%2Fg%2F11ly_7f5_y!19sChIJexKpSADFVTcRliiPBLFkkWk?authuser=0&hl=en&g_ep=EgoyMDI2MDkwOS4wIJJjKgBIAVAD&rclk=1,4.4,108,"Uttara, Dhaka",23.869549,90.389191
Bikrampur Biriyani Ghor,Restaurant,Uttara,https://www.google.com/maps/place/Bikrampur+Biriyani+Ghor/data=!4m7!3m6!1s0x3755c426d0875025:0x4f774f1a6ab8e982!8m2!3d23.8614892!4d90.3989514!16s%2Fg%2F11hcj01ct7!19sChIJJVCH0CbEVTcRgum4ahpPd08?authuser=0&hl=en&g_ep=EgoyMDI2MDkwOS4wIJJjKgBIAVAD&rclk=1,4,2,"Plot No-6, Road No-2, Sector-3, Uttara , Uttara, Dhaka",23.861489,90.398951
Muhammad Biryani O+j,Restaurant,Uttara,https://www.google.com/maps/place/Muhammad+Biryani+O%2Bj/data=!4m7!3m6!1s0x3755c5003d06b2bf:0x4651b7a031d64366!8m2!3d23.8645928!4d90.3994168!16s%2Fg%2F11x5ssc6fm!19sChIJv7IGPQDFVTcRZkPWMaC3UUY?authuser=0&hl=en&g_ep=EgoyMDI2MDkwOS4wIJJjKgBIAVAD&rclk=1,4.6,5,"Uttara, Dhaka",23.864593,90.399417
Suzon Dhaka Briyani House,Restaurant,Uttara,https://www.google.com/maps/place/Suzon+Dhaka+Briyani+House/data=!4m7!3m6!1s0x3755c43bc1557ab7:0x767abdd859ed95ff!8m2!3d23.8747078!4d90.3998488!16s%2Fg%2F11g7nswbpg!19sChIJt3pVwTvEVTcR_5XtWdi9enY?authuser=0&hl=en&g_ep=EgoyMDI2MDkwOS4wIJJjKgBIAVAD&rclk=1,3.5,15,"19 Sonargaon Janapath Rd , Uttara, Dhaka",23.874708,90.399849
B.N.C.C. Canteen & Restaurant,Restaurant,Uttara,https://www.google.com/maps/place/B.N.C.C.+Canteen+%26+Restaurant/data=!4m7!3m6!1s0x3755c5c3b24c9419:0xa834d255b154fc8b!8m2!3d23.8707001!4d90.4050447!16s%2Fg%2F11gr5zhw7y!19sChIJGZRMssPFVTcRi_xUsVXSNKg?authuser=0&hl=en&g_ep=EgoyMDI2MDkwOS4wIJJjKgBIAVAD&rclk=1,4.2,1.2K,"Uttara, Dhaka",23.8707,90.405045
Monir Biryani House,Restaurant,Uttara,https://www.google.com/maps/place/Monir+Biryani+House/data=!4m7!3m6!1s0x3755c50024068215:0x77157faaf0ef56c6!8m2!3d23.8607339!4d90.3989757!16s%2Fg%2F11ldkblydc!19sChIJFYIGJADFVTcRxlbv8Kp_FXc?authuser=0&hl=en&g_ep=EgoyMDI2MDkwOS4wIJJjKgBIAVAD&rclk=1,3.4,16,"Uttara, Dhaka",23.860734,90.398976
Tehari Ghar,Restaurant,Uttara,https://www.google.com/maps/place/Tehari+Ghar/data=!4m7!3m6!1s0x3755c5ada0730ea1:0xdcd8cb602cca8494!8m2!3d23.8747569!4d90.4002128!16s%2Fg%2F11scslm3w7!19sChIJoQ5zoK3FVTcRlITKLGDL2Nw?authuser=0&hl=en&g_ep=EgoyMDI2MDkwOS4wIJJjKgBIAVAD&rclk=1,4.1,57,"Plot # 1/3, Road # 7D, Sector # 9, Uttara, Dhaka",23.874757,90.400213
Biriyani Hut - বিরিয়ানি হাঁট,Restaurant,Uttara,https://www.google.com/maps/place/Biriyani+Hut+-+%E0%A6%AC%E0%A6%BF%E0%A6%B0%E0%A6%BF%E0%A7%9F%E0%A6%BE%E0%A6%A8%E0%A6%BF+%E0%A6%B9%E0%A6%BE%E0%A6%81%E0%A6%9F/data=!4m7!3m6!1s0x3755c5b69a855547:0x67700222ccdd243e!8m2!3d23.8713307!4d90.4042719!16s%2Fg%2F11l1p54pyg!19sChIJR1WFmrbFVTcRPiTdzCICcGc?authuser=0&hl=en&g_ep=EgoyMDI2MDkwOS4wIJJjKgBIAVAD&rclk=1,4,1,"Uttara, Dhaka",23.871331,90.404272
Green & Pepper Restaurant,Restaurant,Bashundhara R/A,https://www.google.com/maps/place/Green+%26+Pepper+Restaurant/data=!4m7!3m6!1s0x3755c7397881859d:0x7729423c9c826200!8m2!3d23.8141077!4d90.4379684!16s%2Fg%2F11s0wjp2gt!19sChIJnYWBeDnHVTcRAGKCnDxCKXc?authuser=0&hl=en&g_ep=EgoyMDI2MDkwOS4wIJJjKgBIAVAD&rclk=1,4.2,290,"Plot 1115 Rd 17 , Bashundhara R/A, Dhaka",23.814108,90.437968
The Green Lounge Bashundhara R/A,Restaurant,Bashundhara R/A,https://www.google.com/maps/place/The+Green+Lounge+Bashundhara+R%2FA/data=!4m7!3m6!1s0x3755c79d62c7c85f:0xa6a2e291af1f0f95!8m2!3d23.8238617!4d90.4296533!16s%2Fg%2F11kb2f9rty!19sChIJX8jHYp3HVTcRlQ8fr5HioqY?authuser=0&hl=en&g_ep=EgoyMDI2MDkwOS4wIJJjKgBIAVAD&rclk=1,4.2,1.3K,"13th floor, Rupayen Shopping Complex, Sayem Sobhan Anvir Rd , Bashundhara R/A, Dhaka",23.823862,90.429653
Secret Recipe Bashundhara R/A Flagship,Restaurant,Bashundhara R/A,https://www.google.com/maps/place/Secret+Recipe+Bashundhara+R%2FA+Flagship/data=!4m7!3m6!1s0x3755c72f6f09574b:0xe1e2e52fc4d55ba1!8m2!3d23.8111627!4d90.4304225!16s%2Fg%2F11js_9dywt!19sChIJS1cJby_HVTcRoVvVxC_l4uE?authuser=0&hl=en&g_ep=EgoyMDI2MDkwOS4wIJJjKgBIAVAD&rclk=1,4.1,463,"Plot No-440,441 & 442, Union Tower , Bashundhara R/A, Dhaka",23.811163,90.430423
Kudos | Bashundhara,Restaurant,Bashundhara R/A,https://www.google.com/maps/place/Kudos+%7C+Bashundhara/data=!4m7!3m6!1s0x3755c748ac246021:0xff4b29652e84e31c!8m2!3d23.8076542!4d90.4279361!16s%2Fg%2F11s33lrl3y!19sChIJIWAkrEjHVTcRHOOELmUpS_8?authuser=0&hl=en&g_ep=EgoyMDI2MDkwOS4wIJJjKgBIAVAD&rclk=1,4.1,621,"442 New Apollo Rd , Bashundhara R/A, Dhaka",23.807654,90.427936
Saffron Dine,Restaurant,Bashundhara R/A,https://www.google.com/maps/place/Saffron+Dine/data=!4m7!3m6!1s0x3755c700343c7b97:0xfbaa31fd0c11f7e7!8m2!3d23.82121!4d90.437827!16s%2Fg%2F11wxkml8sv!19sChIJl3s8NADHVTcR5_cRDP0xqvs?authuser=0&hl=en&g_ep=EgoyMDI2MDkwOS4wIJJjKgBIAVAD&rclk=1,4,172,"77 Rd No. 3 , Bashundhara R/A, Dhaka",23.82121,90.437827
Yaki,Restaurant,Bashundhara R/A,https://www.google.com/maps/place/Yaki/data=!4m7!3m6!1s0x3755c787b9712401:0x57cada7c1f4eee36!8m2!3d23.8123576!4d90.4228914!16s%2Fg%2F11z3wnlvrh!19sChIJASRxuYfHVTcRNu5OH3zaylc?authuser=0&hl=en&g_ep=EgoyMDI2MDkwOS4wIJJjKgBIAVAD&rclk=1,3.8,166,"Bashundhara R/A, Dhaka",23.812358,90.422891
Chillox Bashundhara,Restaurant,Bashundhara R/A,https://www.google.com/maps/place/Chillox+Bashundhara/data=!4m7!3m6!1s0x3755c764a4f960a7:0xe15db084a39996a4!8m2!3d23.811861!4d90.4226898!16s%2Fg%2F11j90d7z_8!19sChIJp2D5pGTHVTcRpJaZo4SwXeE?authuser=0&hl=en&g_ep=EgoyMDI2MDkwOS4wIJJjKgBIAVAD&rclk=1,4.2,1.3K,"2nd Floor, Ka-11, Bashundhara Road (Opposite of Jamuna Future Park's pocket gate) , Bashundhara R/A, Dhaka",23.811861,90.42269
Wooden Spoon,Restaurant,Bashundhara R/A,https://www.google.com/maps/place/Wooden+Spoon/data=!4m7!3m6!1s0x3755c7a541d1c745:0xb5488f9cb16988dd!8m2!3d23.8144308!4d90.425227!16s%2Fg%2F11p55z_n1m!19sChIJRcfRQaXHVTcR3YhpsZyPSLU?authuser=0&hl=en&g_ep=EgoyMDI2MDkwOS4wIJJjKgBIAVAD&rclk=1,4,778,"NSU Main Campus Rd , Bashundhara R/A, Dhaka",23.814431,90.425227
PizzaBurg Bashundhara,Restaurant,Bashundhara R/A,https://www.google.com/maps/place/PizzaBurg+Bashundhara/data=!4m7!3m6!1s0x3755c7cc1dc5a91f:0x37386c719d6fc117!8m2!3d23.8121861!4d90.4229939!16s%2Fg%2F11fst8dmxv!19sChIJH6nFHczHVTcRF8FvnXFsODc?authuser=0&hl=en&g_ep=EgoyMDI2MDkwOS4wIJJjKgBIAVAD&rclk=1,4.8,11.4K,"9/KA, Manson, R/A, Ka-9 Bashundhara Rd , Bashundhara R/A, Dhaka",23.812186,90.422994
Roadside Kitchen Bashundhara R/A,Restaurant,Bashundhara R/A,https://www.google.com/maps/place/Roadside+Kitchen+Bashundhara+R%2FA/data=!4m7!3m6!1s0x3755c7d2e840c6f5:0xe7f2ad4034d63b50!8m2!3d23.812298!4d90.4229032!16s%2Fg%2F11kss77g71!19sChIJ9cZA6NLHVTcRUDvWNECt8uc?authuser=0&hl=en&g_ep=EgoyMDI2MDkwOS4wIJJjKgBIAVAD&rclk=1,4.4,1.5K,"RC6F+X4V, Ka-9 Bashundhara Rd , Bashundhara R/A, Dhaka",23.812298,90.422903
Rajbari Food Court,Restaurant,Bashundhara R/A,https://www.google.com/maps/place/Rajbari+Food+Court/data=!4m7!3m6!1s0x3755c75388a239f5:0xb906fd808165355c!8m2!3d23.8115584!4d90.4261151!16s%2Fg%2F11gvrp6f2y!19sChIJ9TmiiFPHVTcRXDVlgYD9Brk?authuser=0&hl=en&g_ep=EgoyMDI2MDkwOS4wIJJjKgBIAVAD&rclk=1,4.1,3.6K,"Bashundhara R/A, Dhaka",23.811558,90.426115
Loca,Restaurant,Bashundhara R/A,https://www.google.com/maps/place/Loca/data=!4m7!3m6!1s0x3755c64d66dddd8d:0x2192a95cd3f4cb3b!8m2!3d23.8120385!4d90.4223836!16s%2Fg%2F11j4styp51!19sChIJjd3dZk3GVTcRO8v001ypkiE?authuser=0&hl=en&g_ep=EgoyMDI2MDkwOS4wIJJjKgBIAVAD&rclk=1,3.9,227,"11 Bashundhara Rd , Bashundhara R/A, Dhaka",23.812038,90.422384
Heritage Kebab and Restaurant,Restaurant,Bashundhara R/A,https://www.google.com/maps/place/Heritage+Kebab+and+Restaurant/data=!4m7!3m6!1s0x3755c70066a79893:0x455c8f10b43d1c5b!8m2!3d23.8123032!4d90.4303279!16s%2Fg%2F11msslq482!19sChIJk5inZgDHVTcRWxw9tBCPXEU?authuser=0&hl=en&g_ep=EgoyMDI2MDkwOS4wIJJjKgBIAVAD&rclk=1,4,122,"Bashundhara R/A, Dhaka",23.812303,90.430328
"Grabzo Restaurant, Bashundhara Residential Area.",Restaurant,Bashundhara R/A,"https://www.google.com/maps/place/Grabzo+Restaurant,+Bashundhara+Residential+Area./data=!4m7!3m6!1s0x3755c7001ed0a1a7:0x82594c06e938fa6d!8m2!3d23.8119582!4d90.4243714!16s%2Fg%2F11zb51xqtl!19sChIJp6HQHgDHVTcRbfo46QZMWYI?authuser=0&hl=en&g_ep=EgoyMDI2MDkwOS4wIJJjKgBIAVAD&rclk=1",4.8,20,"Bashundhara R/A, Dhaka",23.811958,90.424371
Bashundhara Restaurant And Biryani House,Restaurant,Bashundhara R/A,https://www.google.com/maps/place/Bashundhara+Restaurant+And+Biryani+House/data=!4m7!3m6!1s0x3755c7d3d79c6b31:0xffe1bb54d02c2190!8m2!3d23.8112792!4d90.4262965!16s%2Fg%2F11l3x3lx0m!19sChIJMWuc19PHVTcRkCEs0FS74f8?authuser=0&hl=en&g_ep=EgoyMDI2MDkwOS4wIJJjKgBIAVAD&rclk=1,4.8,21,"RF93+M32, House#148 road#03 , Bashundhara R/A, Dhaka",23.811279,90.426297
WOK ON,Restaurant,Bashundhara R/A,https://www.google.com/maps/place/WOK+ON/data=!4m7!3m6!1s0x3755c7001a375ce7:0x9967b51db40f9cdd!8m2!3d23.8119586!4d90.4385907!16s%2Fg%2F11ylks74yg!19sChIJ51w3GgDHVTcR3ZwPtB21Z5k?authuser=0&hl=en&g_ep=EgoyMDI2MDkwOS4wIJJjKgBIAVAD&rclk=1,4,66,"Ground floor ) ,House no : 1317, Road no :30,31, Bismillah Plaza , Bashundhara R/A, Dhaka",23.811959,90.438591
Fuoco Bashundhara,Restaurant,Bashundhara R/A,https://www.google.com/maps/place/Fuoco+Bashundhara/data=!4m7!3m6!1s0x3755c7006c325857:0xab481eab756aaa9c!8m2!3d23.8119691!4d90.4385881!16s%2Fg%2F11ml2f8k9l!19sChIJV1gybADHVTcRnKpqdaseSKs?authuser=0&hl=en&g_ep=EgoyMDI2MDkwOS4wIJJjKgBIAVAD&rclk=1,2.6,37,"Plot-1317, Road-30,31, Sonia Sobhan 5th Avenue , Bashundhara R/A, Dhaka",23.811969,90.438588
Magpie Restaurant,Restaurant,Bashundhara R/A,https://www.google.com/maps/place/Magpie+Restaurant/data=!4m7!3m6!1s0x3755c6529e33e6ad:0x52fc707647c95102!8m2!3d23.812051!4d90.4220607!16s%2Fg%2F11cmp5f2ns!19sChIJreYznlLGVTcRAlHJR3Zw_FI?authuser=0&hl=en&g_ep=EgoyMDI2MDkwOS4wIJJjKgBIAVAD&rclk=1,4,5.8K,"24, 4 Bashundhara Rd now, Bashundhara R/A, Dhaka",23.812051,90.422061
Salt & Butter,Restaurant,Bashundhara R/A,https://www.google.com/maps/place/Salt+%26+Butter/data=!4m7!3m6!1s0x3755c7225aafcb1b:0xb2ab6572833df2d1!8m2!3d23.8119069!4d90.4233649!16s%2Fg%2F11h0b6lbd8!19sChIJG8uvWiLHVTcR0fI9g3Jlq7I?authuser=0&hl=en&g_ep=EgoyMDI2MDkwOS4wIJJjKgBIAVAD&rclk=1,3.8,401,"RC6F+Q7G, Khana's - Bashundhara R/A, Hazi Abdul Latif Mansion, 9/KA, Manson, R/A, Ka-9 Bashundhara Rd , Bashundhara R/A, Dhaka",23.811907,90.423365
BURGEROLOGY Bashundhara R/A,Restaurant,Bashundhara R/A,https://www.google.com/maps/place/BURGEROLOGY+Bashundhara+R%2FA/data=!4m7!3m6!1s0x3755c64d61c45201:0x9af96a4e958f0211!8m2!3d23.8119433!4d90.4233853!16s%2Fg%2F11hc47zgvq!19sChIJAVLEYU3GVTcREQKPlU5q-Zo?authuser=0&hl=en&g_ep=EgoyMDI2MDkwOS4wIJJjKgBIAVAD&rclk=1,4.3,2.4K,"Ka-7/2, (2nd Floor, Bashundhara Rd , Bashundhara R/A, Dhaka",23.811943,90.423385
Shawarma Damasco (Bashundhara),Restaurant,Bashundhara R/A,https://www.google.com/maps/place/Shawarma+Damasco+%28Bashundhara%29/data=!4m7!3m6!1s0x3755c70987b577e3:0xb6233af579fbdc4d!8m2!3d23.8077844!4d90.4284459!16s%2Fg%2F11t40tx_2p!19sChIJ43e1hwnHVTcRTdz7efU6I7Y?authuser=0&hl=en&g_ep=EgoyMDI2MDkwOS4wIJJjKgBIAVAD&rclk=1,4.4,105,"444 New Apollo Road, Dhali Bari Pocket Gate, Bashundhara, Dhaka- 1229 , Bashundhara R/A, Dhaka",23.807784,90.428446
Burger Lab,Restaurant,Bashundhara R/A,https://www.google.com/maps/place/Burger+Lab/data=!4m7!3m6!1s0x3755c64ce24d787b:0x2578644b8f032693!8m2!3d23.8119093!4d90.4226949!16s%2Fg%2F11ckw_163l!19sChIJe3hN4kzGVTcRkyYDj0tkeCU?authuser=0&hl=en&g_ep=EgoyMDI2MDkwOS4wIJJjKgBIAVAD&rclk=1,4.3,1.6K,"Ka-11, 2 Bashundhara Rd , Bashundhara R/A, Dhaka",23.811909,90.422695
Urban Void Food Court,Restaurant,Bashundhara R/A,https://www.google.com/maps/place/Urban+Void+Food+Court/data=!4m7!3m6!1s0x3755c75cc161451d:0x9841f8fc4b743278!8m2!3d23.812416!4d90.4228591!16s%2Fg%2F11ll7ghgdz!19sChIJHUVhwVzHVTcReDJ0S_z4QZg?authuser=0&hl=en&g_ep=EgoyMDI2MDkwOS4wIJJjKgBIAVAD&rclk=1,4.1,1.1K,"Ka-9 Bashundhara Rd , Bashundhara R/A, Dhaka",23.812416,90.422859
Shawarma House,Restaurant,Bashundhara R/A,https://www.google.com/maps/place/Shawarma+House/data=!4m7!3m6!1s0x3755c64d6ac2218d:0x8e4cb85f56860a2e!8m2!3d23.8119041!4d90.4230849!16s%2Fg%2F119wwckrj!19sChIJjSHCak3GVTcRLgqGVl-4TI4?authuser=0&hl=en&g_ep=EgoyMDI2MDkwOS4wIJJjKgBIAVAD&rclk=1,3.8,581,"Bashundhara Rd , Bashundhara R/A, Dhaka",23.811904,90.423085
Kanary Restaurant,Restaurant,Bashundhara R/A,https://www.google.com/maps/place/Kanary+Restaurant/data=!4m7!3m6!1s0x3755c64ce210710b:0x80e40db2327e41f3!8m2!3d23.812208!4d90.4245041!16s%2Fg%2F11cn170jyn!19sChIJC3EQ4kzGVTcR80F-MrIN5IA?authuser=0&hl=en&g_ep=EgoyMDI2MDkwOS4wIJJjKgBIAVAD&rclk=1,4.1,567,"KA/4 Bashundhara Rd , Bashundhara R/A, Dhaka",23.812208,90.424504
Cheez Bashundhara,Restaurant,Bashundhara R/A,https://www.google.com/maps/place/Cheez+Bashundhara/data=!4m7!3m6!1s0x3755c7181a12c22f:0xba29e7edf175e294!8m2!3d23.8087324!4d90.4303598!16s%2Fg%2F11h9gwyhpx!19sChIJL8ISGhjHVTcRlOJ18e3nKbo?authuser=0&hl=en&g_ep=EgoyMDI2MDkwOS4wIJJjKgBIAVAD&rclk=1,4.4,353,"Jabbar Molla Tower (2nd floor, Evercare Hospital Rd , Bashundhara R/A, Dhaka",23.808732,90.43036
"Long Lounge, Bashundhara",Restaurant,Bashundhara R/A,"https://www.google.com/maps/place/Long+Lounge,+Bashundhara/data=!4m7!3m6!1s0x3755c7de48457b73:0x1b6cfd1ca9947724!8m2!3d23.8138126!4d90.4373153!16s%2Fg%2F11kqw825vt!19sChIJc3tFSN7HVTcRJHeUqRz9bBs?authuser=0&hl=en&g_ep=EgoyMDI2MDkwOS4wIJJjKgBIAVAD&rclk=1",3.5,40,"Rd 17 , Bashundhara R/A, Dhaka",23.813813,90.437315
Lahori Flame Bashundhara RA,Restaurant,Bashundhara R/A,https://www.google.com/maps/place/Lahori+Flame+Bashundhara+RA/data=!4m7!3m6!1s0x3755c700520c601d:0x17a1f0808043fbfe!8m2!3d23.8117968!4d90.4386787!16s%2Fg%2F11nblq08b9!19sChIJHWAMUgDHVTcR_vtDgIDwoRc?authuser=0&hl=en&g_ep=EgoyMDI2MDkwOS4wIJJjKgBIAVAD&rclk=1,3.4,31,"House-1317, Bismillah Plaza, 31 Road No. 30 , Bashundhara R/A, Dhaka",23.811797,90.438679
Toum,Restaurant,Bashundhara R/A,https://www.google.com/maps/place/Toum/data=!4m7!3m6!1s0x3755c76b4b825953:0xfcb38c93872b4ec9!8m2!3d23.8082929!4d90.4293095!16s%2Fg%2F11j120304d!19sChIJU1mCS2vHVTcRyU4rh5OMs_w?authuser=0&hl=en&g_ep=EgoyMDI2MDkwOS4wIJJjKgBIAVAD&rclk=1,4.3,348,"Plot 492, Kuwaiti Mosque Rd , Bashundhara R/A, Dhaka",23.808293,90.42931
Magpie restaurant,Restaurant,Bashundhara R/A,https://www.google.com/maps/place/Magpie+restaurant/data=!4m7!3m6!1s0x3755c78730f60b25:0x3739108710a7af30!8m2!3d23.8097391!4d90.4215034!16s%2Fg%2F11pvwgy4hy!19sChIJJQv2MIfHVTcRMK-nEIcQOTc?authuser=0&hl=en&g_ep=EgoyMDI2MDkwOS4wIJJjKgBIAVAD&rclk=1,4.1,315,"Ka 42/6, Nadda,1st Floor,Progati Sarani Bus Stand Dhaka, Bashundhara R/A, Dhaka",23.809739,90.421503
Herfy Bashundhara,Restaurant,Bashundhara R/A,https://www.google.com/maps/place/Herfy+Bashundhara/data=!4m7!3m6!1s0x3755c747ad1fcf6b:0xc68f87d2eb25bee0!8m2!3d23.8212407!4d90.4378477!16s%2Fg%2F11sxtzvkgg!19sChIJa88frUfHVTcR4L4l69KHj8Y?authuser=0&hl=en&g_ep=EgoyMDI2MDkwOS4wIJJjKgBIAVAD&rclk=1,4.3,783,"RCCQ+PXQ, House # 77/78, (1st Floor), Road-3/4 Block # I, Main Avenue , Bashundhara R/A, Dhaka",23.821241,90.437848
Buffet Lounge Bashundhara,Restaurant,Bashundhara R/A,https://www.google.com/maps/place/Buffet+Lounge+Bashundhara/data=!4m7!3m6!1s0x3755c7001ebb5829:0x666c8a02cc44bdfd!8m2!3d23.8121581!4d90.4248213!16s%2Fg%2F11ytx2jgfw!19sChIJKVi7HgDHVTcR_b1EzAKKbGY?authuser=0&hl=en&g_ep=EgoyMDI2MDkwOS4wIJJjKgBIAVAD&rclk=1,2.5,93,"Bashundhara R/A, Dhaka",23.812158,90.424821
Thai Food Factory,Restaurant,Bashundhara R/A,https://www.google.com/maps/place/Thai+Food+Factory/data=!4m7!3m6!1s0x3755c749eabb69c3:0xaf2babc0bfd78193!8m2!3d23.8118162!4d90.4385293!16s%2Fg%2F11z57_l9k1!19sChIJw2m76knHVTcRk4HXv8CrK68?authuser=0&hl=en&g_ep=EgoyMDI2MDkwOS4wIJJjKgBIAVAD&rclk=1,4.5,102,"Plot-1317, Road-30,31, Sonia Sobhan 5th Avenue , Bashundhara R/A, Dhaka",23.811816,90.438529
Pavo Restaurant Dhaka,Restaurant,Bashundhara R/A,https://www.google.com/maps/place/Pavo+Restaurant+Dhaka/data=!4m7!3m6!1s0x3755c700518d1bf3:0xb8d33817a1515b46!8m2!3d23.8211506!4d90.4377975!16s%2Fg%2F11wvc3r_fs!19sChIJ8xuNUQDHVTcRRltRoRc407g?authuser=0&hl=en&g_ep=EgoyMDI2MDkwOS4wIJJjKgBIAVAD&rclk=1,4,95,"Plot 77, level, 5 Road 3-4 , Bashundhara R/A, Dhaka",23.821151,90.437798
HUNGRY HUB,Restaurant,Bashundhara R/A,https://www.google.com/maps/place/HUNGRY+HUB/data=!4m7!3m6!1s0x3755c7004cf628e1:0xc7cb95264e581d08!8m2!3d23.8143479!4d90.4385433!16s%2Fg%2F11yswd2s92!19sChIJ4Sj2TADHVTcRCB1YTiaVy8c?authuser=0&hl=en&g_ep=EgoyMDI2MDkwOS4wIJJjKgBIAVAD&rclk=1,4.2,28,"Bashundhara R/A, Dhaka",23.814348,90.438543
Tandooriwala Bashundhara,Restaurant,Bashundhara R/A,https://www.google.com/maps/place/Tandooriwala+Bashundhara/data=!4m7!3m6!1s0x3755c75e839053bb:0x43bd8f1b0ef13c1e!8m2!3d23.8123244!4d90.4248534!16s%2Fg%2F11kpp0qs3n!19sChIJu1OQg17HVTcRHjzxDhuPvUM?authuser=0&hl=en&g_ep=EgoyMDI2MDkwOS4wIJJjKgBIAVAD&rclk=1,3.1,20,"4th Floor, Rahman Tower, Jogonnathpur Bashundhara Rd , Bashundhara R/A, Dhaka",23.812324,90.424853
Dhaka Foods,Restaurant,Bashundhara R/A,https://www.google.com/maps/place/Dhaka+Foods/data=!4m7!3m6!1s0x3755c64d6c815555:0x266e32ff369e205f!8m2!3d23.8122317!4d90.4229114!16s%2Fg%2F11gddzqcpc!19sChIJVVWBbE3GVTcRXyCeNv8ybiY?authuser=0&hl=en&g_ep=EgoyMDI2MDkwOS4wIJJjKgBIAVAD&rclk=1,3.7,504,"Ka 9/A, Bashundhara Rd , Bashundhara R/A, Dhaka",23.812232,90.422911
Le Cuisine,Restaurant,Bashundhara R/A,https://www.google.com/maps/place/Le+Cuisine/data=!4m7!3m6!1s0x3755c882fffffff9:0x86b9bc02f025f51!8m2!3d23.8124452!4d90.4229146!16s%2Fg%2F11hd9mr5vd!19sChIJ-f___4LIVTcRUV8CL8Cbawg?authuser=0&hl=en&g_ep=EgoyMDI2MDkwOS4wIJJjKgBIAVAD&rclk=1,4.4,8,"Near Le Cuisine , Le cuisine KA-9/A Urban Void 2nd floor, Bashundhara R/A Main Road , Bashundhara R/A, Dhaka",23.812445,90.422915
Dhali Food Court - Bashundhara R/A,Restaurant,Bashundhara R/A,https://www.google.com/maps/place/Dhali+Food+Court+-+Bashundhara+R%2FA/data=!4m7!3m6!1s0x3755c7cdc7253831:0x510125ddbd7c2807!8m2!3d23.8093589!4d90.431596!16s%2Fg%2F11j218rqxz!19sChIJMTglx83HVTcRByh8vd0lAVE?authuser=0&hl=en&g_ep=EgoyMDI2MDkwOS4wIJJjKgBIAVAD&rclk=1,4.1,4.5K,"Tenament Road , Bashundhara R/A, Dhaka",23.809359,90.431596
Tiffin - টিফিন,Restaurant,Bashundhara R/A,https://www.google.com/maps/place/Tiffin+-+%E0%A6%9F%E0%A6%BF%E0%A6%AB%E0%A6%BF%E0%A6%A8/data=!4m7!3m6!1s0x3755c7ddf64ee739:0xc64a0464a9a9ff12!8m2!3d23.8130999!4d90.4284828!16s%2Fg%2F11y98z8zcs!19sChIJOedO9t3HVTcREv-pqWQESsY?authuser=0&hl=en&g_ep=EgoyMDI2MDkwOS4wIJJjKgBIAVAD&rclk=1,4.8,32,"189 Bashundhara Rd , Bashundhara R/A, Dhaka",23.8131,90.428483
Wasabi Bashundhara R/A,Restaurant,Bashundhara R/A,https://www.google.com/maps/place/Wasabi+Bashundhara+R%2FA/data=!4m7!3m6!1s0x3755c7007bf52b3b:0xd65b730c0ed6a378!8m2!3d23.8122118!4d90.4248318!16s%2Fg%2F11n3v6r3pr!19sChIJOyv1ewDHVTcReKPWDgxzW9Y?authuser=0&hl=en&g_ep=EgoyMDI2MDkwOS4wIJJjKgBIAVAD&rclk=1,4.4,23,"Al haj abdus, Sadat Sobhan Tanvir Rd , Bashundhara R/A, Dhaka",23.812212,90.424832
KAVVA,Restaurant,Bashundhara R/A,https://www.google.com/maps/place/KAVVA/data=!4m7!3m6!1s0x3755c73749f6337f:0x5c9320ddcf7d7ef4!8m2!3d23.8117459!4d90.438652!16s%2Fg%2F11zk2btb2k!19sChIJfzP2STfHVTcR9H59z90gk1w?authuser=0&hl=en&g_ep=EgoyMDI2MDkwOS4wIJJjKgBIAVAD&rclk=1,4.6,96,"Road-30-31, Bismillah Plaza , Bashundhara R/A, Dhaka",23.811746,90.438652
Mint Leaf Restaurant,Restaurant,Bashundhara R/A,https://www.google.com/maps/place/Mint+Leaf+Restaurant/data=!4m7!3m6!1s0x3755c7b54272c9d3:0x1648071c1292e4cd!8m2!3d23.8088054!4d90.4305309!16s%2Fg%2F1hc55rw3l!19sChIJ08lyQrXHVTcRzeSSEhwHSBY?authuser=0&hl=en&g_ep=EgoyMDI2MDkwOS4wIJJjKgBIAVAD&rclk=1,3.7,880,"House-4305, Opposite Apollo Hospital, Kuwaiti Mosque Rd , Bashundhara R/A, Dhaka",23.808805,90.430531
Kacchi Darbar - Bashundhara,Restaurant,Bashundhara R/A,https://www.google.com/maps/place/Kacchi+Darbar+-+Bashundhara/data=!4m7!3m6!1s0x3755c70006977a99:0xc1a5190fdffb7f4f!8m2!3d23.8114029!4d90.4329754!16s%2Fg%2F11z36d9_5z!19sChIJmXqXBgDHVTcRT3_73w8ZpcE?authuser=0&hl=en&g_ep=EgoyMDI2MDkwOS4wIJJjKgBIAVAD&rclk=1,3.8,12,"Ka- 218, Tenement 5, Bashundhara Rd , Bashundhara R/A, Dhaka",23.811403,90.432975
Mealsy Restaurant,Restaurant,Bashundhara R/A,https://www.google.com/maps/place/Mealsy+Restaurant/data=!4m7!3m6!1s0x3755c74505e5576f:0x5e3b76dd5f17860d!8m2!3d23.8125835!4d90.4253712!16s%2Fg%2F11sjjsz40m!19sChIJb1flBUXHVTcRDYYXX912O14?authuser=0&hl=en&g_ep=EgoyMDI2MDkwOS4wIJJjKgBIAVAD&rclk=1,3.9,7,"KA5, 4 Bashundhara Rd , Bashundhara R/A, Dhaka",23.812583,90.425371
Bangaliana Bhoj Bashundhara,Restaurant,Bashundhara R/A,https://www.google.com/maps/place/Bangaliana+Bhoj+Bashundhara/data=!4m7!3m6!1s0x3755c7c69bf2cd6d:0x770634bd04d8d2b1!8m2!3d23.812155!4d90.4226987!16s%2Fg%2F11h8h3ywcm!19sChIJbc3ym8bHVTcRsdLYBL00Bnc?authuser=0&hl=en&g_ep=EgoyMDI2MDkwOS4wIJJjKgBIAVAD&rclk=1,3.8,570,"2nd Floor, Ka-9/a, Abdul Latif Mansion (above Burger King Jagannathpur, Main Gate , Bashundhara R/A, Dhaka",23.812155,90.422699
Waffle Time Bashundhara,Restaurant,Bashundhara R/A,https://www.google.com/maps/place/Waffle+Time+Bashundhara/data=!4m7!3m6!1s0x3755c7def812eaf5:0x9fd2d0576a5bf539!8m2!3d23.8124068!4d90.4249352!16s%2Fg%2F11thdj6p_l!19sChIJ9eoS-N7HVTcROfVbalfQ0p8?authuser=0&hl=en&g_ep=EgoyMDI2MDkwOS4wIJJjKgBIAVAD&rclk=1,4.2,65,"Rahman Tower (Ground Floor), Opposite to Jamuna Old Pocket Gate, Road , Bashundhara R/A, Dhaka",23.812407,90.424935
Burger Xpress Bashundhara,Restaurant,Bashundhara R/A,https://www.google.com/maps/place/Burger+Xpress+Bashundhara/data=!4m7!3m6!1s0x3755c79c9ab5da65:0xe7d1949874e08aa6!8m2!3d23.8083115!4d90.4293004!16s%2Fg%2F11kj41z1ff!19sChIJZdq1mpzHVTcRporgdJiU0ec?authuser=0&hl=en&g_ep=EgoyMDI2MDkwOS4wIJJjKgBIAVAD&rclk=1,4.1,168,"RC5H+9VP, Kuwaiti Mosque Rd , Bashundhara R/A, Dhaka",23.808311,90.4293
Mezzan Haile Aaiun ~ Bashundhara,Restaurant,Bashundhara R/A,https://www.google.com/maps/place/Mezzan+Haile+Aaiun+~+Bashundhara/data=!4m7!3m6!1s0x3755c7e836ab5043:0xd72e946a4ffcaf4b!8m2!3d23.8122045!4d90.4248509!16s%2Fg%2F11s7nvfg8z!19sChIJQ1CrNujHVTcRS6_8T2qULtc?authuser=0&hl=en&g_ep=EgoyMDI2MDkwOS4wIJJjKgBIAVAD&rclk=1,3.9,182,"RC6F+WXR, Bashundhara Rd , Bashundhara R/A, Dhaka",23.812204,90.424851
Street Oven Bashundhara Outlet,Restaurant,Bashundhara R/A,https://www.google.com/maps/place/Street+Oven+Bashundhara+Outlet/data=!4m7!3m6!1s0x3755c7dc5fa117bd:0xea66439ef0409727!8m2!3d23.8122285!4d90.4244799!16s%2Fg%2F11hz2f0924!19sChIJvRehX9zHVTcRJ5dA8J5DZuo?authuser=0&hl=en&g_ep=EgoyMDI2MDkwOS4wIJJjKgBIAVAD&rclk=1,4.1,221,"Ka-4/A, 1st Floor, Bashundhara Rd , Bashundhara R/A, Dhaka",23.812228,90.42448
Nemo Restaurant,Restaurant,Bashundhara R/A,https://www.google.com/maps/place/Nemo+Restaurant/data=!4m7!3m6!1s0x3755c73d55dc3f37:0x6ceef91d660247b8!8m2!3d23.8154753!4d90.4416676!16s%2Fg%2F11zfssqpm7!19sChIJNz_cVT3HVTcRuEcCZh357mw?authuser=0&hl=en&g_ep=EgoyMDI2MDkwOS4wIJJjKgBIAVAD&rclk=1,5,2,"House-1062, 1229 Road No. 16 , Bashundhara R/A, Dhaka",23.815475,90.441668
Chuijhal Restaurant Bashundhara,Restaurant,Bashundhara R/A,https://www.google.com/maps/place/Chuijhal+Restaurant+Bashundhara/data=!4m7!3m6!1s0x3755c64d3c4bc26d:0xc766209eaeb2ef96!8m2!3d23.8117177!4d90.4242565!16s%2Fg%2F11b6hhbrjs!19sChIJbcJLPE3GVTcRlu-yrp4gZsc?authuser=0&hl=en&g_ep=EgoyMDI2MDkwOS4wIJJjKgBIAVAD&rclk=1,4,1.1K,"Bashundhara Road (The Lane Beside Bailey Pithaghor) , Bashundhara R/A, Dhaka",23.811718,90.424256
Centrum Bashundhara,Restaurant,Bashundhara R/A,https://www.google.com/maps/place/Centrum+Bashundhara/data=!4m7!3m6!1s0x3755c781e2689575:0x5a47298d367be489!8m2!3d23.8152279!4d90.4413792!16s%2Fg%2F11yq9zdm6r!19sChIJdZVo4oHHVTcRieR7No0pR1o?authuser=0&hl=en&g_ep=EgoyMDI2MDkwOS4wIJJjKgBIAVAD&rclk=1,4,294,"House-1062, 1229 Road No. 16 , Bashundhara R/A, Dhaka",23.815228,90.441379
Boogeyman,Restaurant,Bashundhara R/A,https://www.google.com/maps/place/Boogeyman/data=!4m7!3m6!1s0x3755c7cdca1ed82b:0x7f8298fb634bc480!8m2!3d23.812416!4d90.4228591!16s%2Fg%2F11spwzl2d1!19sChIJK9geys3HVTcRgMRLY_uYgn8?authuser=0&hl=en&g_ep=EgoyMDI2MDkwOS4wIJJjKgBIAVAD&rclk=1,4.7,42,"Main Gate, Urban Void Food Court, Ka-9/A, Bashundhara Rd , Bashundhara R/A, Dhaka",23.812416,90.422859
THE PATIO,Restaurant,Bashundhara R/A,https://www.google.com/maps/place/THE+PATIO/data=!4m7!3m6!1s0x3755c700307c1601:0x7c6fdc9d5d3f7c1!8m2!3d23.8117798!4d90.4385317!16s%2Fg%2F11myjsm97x!19sChIJARZ8MADHVTcRwffT1cn9xgc?authuser=0&hl=en&g_ep=EgoyMDI2MDkwOS4wIJJjKgBIAVAD&rclk=1,3.6,20,"Bismillah Plaza, Road 30-31 , Bashundhara R/A, Dhaka",23.81178,90.438532
Grand Bistro | Bashundhora Branch,Restaurant,Bashundhara R/A,https://www.google.com/maps/place/Grand+Bistro+%7C+Bashundhora+Branch/data=!4m7!3m6!1s0x3755c7000c738f67:0xce1eb6ab0f97ad52!8m2!3d23.8126707!4d90.4281043!16s%2Fg%2F11xmqf8h86!19sChIJZ49zDADHVTcRUq2XD6u2Hs4?authuser=0&hl=en&g_ep=EgoyMDI2MDkwOS4wIJJjKgBIAVAD&rclk=1,4.3,6,"Bashundhara R/A, Dhaka",23.812671,90.428104
Khana's - The Club House,Restaurant,Bashundhara R/A,https://www.google.com/maps/place/Khana%27s+-+The+Club+House/data=!4m7!3m6!1s0x3755c64d69573381:0x1b6904c6ebc86957!8m2!3d23.8077036!4d90.4280393!16s%2Fg%2F11c6_f6zz1!19sChIJgTNXaU3GVTcRV2nI68YEaRs?authuser=0&hl=en&g_ep=EgoyMDI2MDkwOS4wIJJjKgBIAVAD&rclk=1,4.3,6.6K,"442 New Apollo Rd Fast food spot for burgers & chicken , Bashundhara R/A, Dhaka",23.807704,90.428039
TANDOOR n SPICE Bashundhara,Restaurant,Bashundhara R/A,https://www.google.com/maps/place/TANDOOR+n+SPICE+Bashundhara/data=!4m7!3m6!1s0x3755c74b0a3d9ccb:0x49903e1d759a12ae!8m2!3d23.8143493!4d90.4385557!16s%2Fg%2F11l6_1f8xg!19sChIJy5w9CkvHVTcRrhKadR0-kEk?authuser=0&hl=en&g_ep=EgoyMDI2MDkwOS4wIJJjKgBIAVAD&rclk=1,3.9,55,"shop no-13, Level -2, JCX Business Tower, Jcx business tower, plot-1136/A, 1136/A Japan Street , Bashundhara R/A, Dhaka",23.814349,90.438556
"Dhaka Street, Bashundhara R/A",Restaurant,Bashundhara R/A,"https://www.google.com/maps/place/Dhaka+Street,+Bashundhara+R%2FA/data=!4m7!3m6!1s0x3755c7d9a715f9c5:0x3f31760387dc159a!8m2!3d23.8168181!4d90.4246906!16s%2Fg%2F11x1_x_ngs!19sChIJxfkVp9nHVTcRmhXchwN2MT8?authuser=0&hl=en&g_ep=EgoyMDI2MDkwOS4wIJJjKgBIAVAD&rclk=1",4.7,13,"Bashundhara R/A, Dhaka",23.816818,90.424691
Bingo!,Restaurant,Bashundhara R/A,https://www.google.com/maps/place/Bingo!/data=!4m7!3m6!1s0x3755c5d0e890eaf5:0xec3147735fcb227!8m2!3d23.8165104!4d90.4243488!16s%2Fg%2F11yqwh90g6!19sChIJ9eqQ6NDFVTcRJ7L8NXcUww4?authuser=0&hl=en&g_ep=EgoyMDI2MDkwOS4wIJJjKgBIAVAD&rclk=1,4.8,16,"Bashundhara R/A, Dhaka",23.81651,90.424349
AMICO Restaurant,Restaurant,Bashundhara R/A,https://www.google.com/maps/place/AMICO+Restaurant/data=!4m7!3m6!1s0x3755c70068aeae33:0xffcca11e3e5f94b3!8m2!3d23.8167995!4d90.4246503!16s%2Fg%2F11yvy665bs!19sChIJM66uaADHVTcRs5RfPh6hzP8?authuser=0&hl=en&g_ep=EgoyMDI2MDkwOS4wIJJjKgBIAVAD&rclk=1,5,3,"Bashundhara R/A, Dhaka",23.816799,90.42465
Sultan's Dine Bashundhara,Restaurant,Bashundhara R/A,https://www.google.com/maps/place/Sultan%27s+Dine+Bashundhara/data=!4m7!3m6!1s0x3755c757e7482435:0xaa56e0c8229573dc!8m2!3d23.8117968!4d90.4226414!16s%2Fg%2F11h9bfk1q3!19sChIJNSRI51fHVTcR3HOVIsjgVqo?authuser=0&hl=en&g_ep=EgoyMDI2MDkwOS4wIJJjKgBIAVAD&rclk=1,4.1,3.5K,"Ka- 11/2, Below Apex Showroom, Bashundhara Rd , Bashundhara R/A, Dhaka",23.811797,90.422641
Kolapata Restaurant,Restaurant,Bashundhara R/A,https://www.google.com/maps/place/Kolapata+Restaurant/data=!4m7!3m6!1s0x3755c74a74e7817b:0xad8129fcb7cc40cf!8m2!3d23.8161367!4d90.4246728!16s%2Fg%2F11n33qt6s2!19sChIJe4HndErHVTcRz0DMt_wpga0?authuser=0&hl=en&g_ep=EgoyMDI2MDkwOS4wIJJjKgBIAVAD&rclk=1,3.8,296,"11 Rd No 11 , Bashundhara R/A, Dhaka",23.816137,90.424673
Khubz,Restaurant,Bashundhara R/A,https://www.google.com/maps/place/Khubz/data=!4m7!3m6!1s0x3755c700732bbd53:0x5b2b560d634860d!8m2!3d23.8170316!4d90.4245507!16s%2Fg%2F11ltx3ysms!19sChIJU70rcwDHVTcRDYY01mC1sgU?authuser=0&hl=en&g_ep=EgoyMDI2MDkwOS4wIJJjKgBIAVAD&rclk=1,4.8,8,"Bashundhara R/A, Dhaka",23.817032,90.424551
KICHUU LAGBE?,Restaurant,Bashundhara R/A,https://www.google.com/maps/place/KICHUU+LAGBE%3F/data=!4m7!3m6!1s0x3755c70069cc2487:0xe69dd091eea26c08!8m2!3d23.8165032!4d90.4246345!16s%2Fg%2F11mlwc87mh!19sChIJhyTMaQDHVTcRCGyi7pHQneY?authuser=0&hl=en&g_ep=EgoyMDI2MDkwOS4wIJJjKgBIAVAD&rclk=1,4.3,1.2K,"Bashundhara R/A, Dhaka",23.816503,90.424634
Nuun | নুন,Restaurant,Bashundhara R/A,https://www.google.com/maps/place/Nuun+%7C+%E0%A6%A8%E0%A7%81%E0%A6%A8/data=!4m7!3m6!1s0x3755c7005d34d70b:0x3c76de212c2fcf25!8m2!3d23.8126136!4d90.4281121!16s%2Fg%2F11yytqnktf!19sChIJC9c0XQDHVTcRJc8vLCHedjw?authuser=0&hl=en&g_ep=EgoyMDI2MDkwOS4wIJJjKgBIAVAD&rclk=1,4.3,3,"Top Ten Building, Upstairs (2nd floor),12 D&E, Bashundhara Rd , Bashundhara R/A, Dhaka",23.812614,90.428112
Madraz Kitchen,Restaurant,Bashundhara R/A,https://www.google.com/maps/place/Madraz+Kitchen/data=!4m7!3m6!1s0x3755c7d388931c47:0xc83bf6aef135e23b!8m2!3d23.8093507!4d90.4315889!16s%2Fg%2F11ypyjz_4g!19sChIJRxyTiNPHVTcRO-I18a72O8g?authuser=0&hl=en&g_ep=EgoyMDI2MDkwOS4wIJJjKgBIAVAD&rclk=1,4.8,6,"Bashundhara R/A, Dhaka",23.809351,90.431589
Sara’s Cloud Kitchen - Bashundhara,Restaurant,Bashundhara R/A,https://www.google.com/maps/place/Sara%E2%80%99s+Cloud+Kitchen+-+Bashundhara/data=!4m7!3m6!1s0x3755c7174b2189bd:0xc3d72f5e2ca3cdba!8m2!3d23.8093711!4d90.4315964!16s%2Fg%2F11ltld09t8!19sChIJvYkhSxfHVTcRus2jLF4v18M?authuser=0&hl=en&g_ep=EgoyMDI2MDkwOS4wIJJjKgBIAVAD&rclk=1,4.5,22,"2nd Floor, Dhali Food Court , Bashundhara R/A, Dhaka",23.809371,90.431596
Upstairs Food Court,Restaurant,Bashundhara R/A,https://www.google.com/maps/place/Upstairs+Food+Court/data=!4m7!3m6!1s0x3755c700523b7bd9:0x1dba3a2571001ee2!8m2!3d23.8126748!4d90.4281504!16s%2Fg%2F11wvrw02kd!19sChIJ2Xs7UgDHVTcR4h4AcSU6uh0?authuser=0&hl=en&g_ep=EgoyMDI2MDkwOS4wIJJjKgBIAVAD&rclk=1,4.1,79,"Top Ten Mor, Bashundhara Rd , Bashundhara R/A, Dhaka",23.812675,90.42815
Mashallah kitchen,Restaurant,Bashundhara R/A,https://www.google.com/maps/place/Mashallah+kitchen/data=!4m7!3m6!1s0x3755c700395cafc9:0xdc4a9cb65f786e28!8m2!3d23.8088513!4d90.4323412!16s%2Fg%2F11npyf8zbv!19sChIJya9cOQDHVTcRKG54X7acStw?authuser=0&hl=en&g_ep=EgoyMDI2MDkwOS4wIJJjKgBIAVAD&rclk=1,4.7,3,"1524 Solmaid Bashundhara Notun Rd, Bashundhara R/A, Dhaka",23.808851,90.432341
Shiraj Chui Gosto Bashundhara,Restaurant,Bashundhara R/A,https://www.google.com/maps/place/Shiraj+Chui+Gosto+Bashundhara/data=!4m7!3m6!1s0x3755c7001d0a5e8f:0xfe47b6457e5ee978!8m2!3d23.8123415!4d90.4247037!16s%2Fg%2F11wxgs5hbc!19sChIJj14KHQDHVTcReOlefkW2R_4?authuser=0&hl=en&g_ep=EgoyMDI2MDkwOS4wIJJjKgBIAVAD&rclk=1,3.3,69,"Bashundhara Rd , Bashundhara R/A, Dhaka",23.812341,90.424704
Oh My Grill!,Restaurant,Bashundhara R/A,https://www.google.com/maps/place/Oh+My+Grill!/data=!4m7!3m6!1s0x3755c76025279247:0xeeaef60bd1a9831e!8m2!3d23.8128849!4d90.4270519!16s%2Fg%2F11qnhqnc3q!19sChIJR5InJWDHVTcRHoOp0Qv2ru4?authuser=0&hl=en&g_ep=EgoyMDI2MDkwOS4wIJJjKgBIAVAD&rclk=1,5,2,"Farhana, Bashundhara Rd , Bashundhara R/A, Dhaka",23.812885,90.427052
Doner Dude,Restaurant,Bashundhara R/A,https://www.google.com/maps/place/Doner+Dude/data=!4m7!3m6!1s0x3755c76331260a47:0xbf73d51d4ae2d5c5!8m2!3d23.8123886!4d90.4227724!16s%2Fg%2F11sd6547wr!19sChIJRwomMWPHVTcRxdXiSh3Vc78?authuser=0&hl=en&g_ep=EgoyMDI2MDkwOS4wIJJjKgBIAVAD&rclk=1,4.5,4,"Ka- 9/A, Crowd Yard Food Court, Haji Abdul Latif Mansion, (Beside Urban Void Food Court), Bashundhara R/A Road , Bashundhara R/A, Dhaka",23.812389,90.422772
Kravo,Restaurant,Bashundhara R/A,https://www.google.com/maps/place/Kravo/data=!4m7!3m6!1s0x3755c7005d529873:0x38c66430c6dbfdef!8m2!3d23.816437!4d90.4245028!16s%2Fg%2F11nr8sxfrm!19sChIJc5hSXQDHVTcR7_3bxjBkxjg?authuser=0&hl=en&g_ep=EgoyMDI2MDkwOS4wIJJjKgBIAVAD&rclk=1,5,5,"Bashundhara R/A, Dhaka",23.816437,90.424503
Chicken Out,Restaurant,Bashundhara R/A,https://www.google.com/maps/place/Chicken+Out/data=!4m7!3m6!1s0x3755c7c8f95a913b:0x4269b928b12b14bf!8m2!3d23.8154022!4d90.4414888!16s%2Fg%2F11myxl10dc!19sChIJO5Fa-cjHVTcRvxQrsSi5aUI?authuser=0&hl=en&g_ep=EgoyMDI2MDkwOS4wIJJjKgBIAVAD&rclk=1,3.1,16,"Road No. 16 , Bashundhara R/A, Dhaka",23.815402,90.441489
KFC Bashundhara,Restaurant,Bashundhara R/A,https://www.google.com/maps/place/KFC+Bashundhara/data=!4m7!3m6!1s0x3755c76bdf674989:0xe728d20c10bb7938!8m2!3d23.8122483!4d90.424193!16s%2Fg%2F11g2xdt0lq!19sChIJiUln32vHVTcROHm7EAzSKOc?authuser=0&hl=en&g_ep=EgoyMDI2MDkwOS4wIJJjKgBIAVAD&rclk=1,3.9,743,"1st Floor, Adept NR Complex, Ka-5/2, Bashundhara Rd , Bashundhara R/A, Dhaka",23.812248,90.424193
Takeout Bashundhara,Restaurant,Bashundhara R/A,https://www.google.com/maps/place/Takeout+Bashundhara/data=!4m7!3m6!1s0x3755c9002d0b8a3d:0xc1f21944703ccc4b!8m2!3d23.8119145!4d90.4387115!16s%2Fg%2F11xnnmtgtw!19sChIJPYoLLQDJVTcRS8w8cEQZ8sE?authuser=0&hl=en&g_ep=EgoyMDI2MDkwOS4wIJJjKgBIAVAD&rclk=1,4.2,134,"Plot-1317, Road-30,31, Sonia Sobhan 5th Avenue Block-I , Bashundhara R/A, Dhaka",23.811915,90.438711
CP-Five Star Bashundhara R/A,Restaurant,Bashundhara R/A,https://www.google.com/maps/place/CP-Five+Star+Bashundhara+R%2FA/data=!4m7!3m6!1s0x3755c70007470ad9:0x21b14ec1d9d7052b!8m2!3d23.8143144!4d90.4385752!16s%2Fg%2F11z0_66y3f!19sChIJ2QpHBwDHVTcRKwXX2cFOsSE?authuser=0&hl=en&g_ep=EgoyMDI2MDkwOS4wIJJjKgBIAVAD&rclk=1,3.8,4,"Plot- 1136/A, JCX Business Tower, Food Hut, 2nd Floor, Japan Street , Bashundhara R/A, Dhaka",23.814314,90.438575
American Burger Bashundhara,Restaurant,Bashundhara R/A,https://www.google.com/maps/place/American+Burger+Bashundhara/data=!4m7!3m6!1s0x3755c64b0e8dcbe3:0x70b120d5cba6f4e6!8m2!3d23.8125496!4d90.4282207!16s%2Fg%2F1pp2tzly7!19sChIJ48uNDkvGVTcR5vSmy9UgsXA?authuser=0&hl=en&g_ep=EgoyMDI2MDkwOS4wIJJjKgBIAVAD&rclk=1,3.9,490,"Sayem Rd , Bashundhara R/A, Dhaka",23.81255,90.428221
Domino’s Pizza Basundhara R/A,Restaurant,Bashundhara R/A,https://www.google.com/maps/place/Domino%E2%80%99s+Pizza+Basundhara+R%2FA/data=!4m7!3m6!1s0x3755c7e7813bed7b:0x7ffd904ce7cb6093!8m2!3d23.8126419!4d90.4282091!16s%2Fg%2F11twq2kyy8!19sChIJe-07gefHVTcRk2DL50yQ_X8?authuser=0&hl=en&g_ep=EgoyMDI2MDkwOS4wIJJjKgBIAVAD&rclk=1,4,363,"Plot No- 12/D & 12/E, Main Avenue , Bashundhara R/A, Dhaka",23.812642,90.428209
Fry Bucket - Bashundhara,Restaurant,Bashundhara R/A,https://www.google.com/maps/place/Fry+Bucket+-+Bashundhara/data=!4m7!3m6!1s0x3755c72abc89a373:0xdc11186cc57e28f8!8m2!3d23.8122229!4d90.424868!16s%2Fg%2F11sk5ynnv8!19sChIJc6OJvCrHVTcR-Ch-xWwYEdw?authuser=0&hl=en&g_ep=EgoyMDI2MDkwOS4wIJJjKgBIAVAD&rclk=1,3.6,85,"Bashundhara R/A, Dhaka",23.812223,90.424868
Sceuven Bashundhara R/A,Restaurant,Bashundhara R/A,https://www.google.com/maps/place/Sceuven+Bashundhara+R%2FA/data=!4m7!3m6!1s0x3755c7c1593a4ceb:0xb0e5dfc5132cdd81!8m2!3d23.8125121!4d90.4228101!16s%2Fg%2F11nc3lksgf!19sChIJ60w6WcHHVTcRgd0sE8Xf5bA?authuser=0&hl=en&g_ep=EgoyMDI2MDkwOS4wIJJjKgBIAVAD&rclk=1,4.3,1.2K,"Bashundhara Main Gate Road , Bashundhara R/A, Dhaka",23.812512,90.42281
Food Carnival- A Food Court,Restaurant,Bashundhara R/A,https://www.google.com/maps/place/Food+Carnival-+A+Food+Court/data=!4m7!3m6!1s0x3755c7003e356a99:0x88f8658cbe2d6a91!8m2!3d23.8090004!4d90.4315851!16s%2Fg%2F11ms46nxnk!19sChIJmWo1PgDHVTcRkWotvoxl-Ig?authuser=0&hl=en&g_ep=EgoyMDI2MDkwOS4wIJJjKgBIAVAD&rclk=1,4.2,5,"Bashundhara R/A, Dhaka",23.809,90.431585
Crust & Bunz,Restaurant,Bashundhara R/A,https://www.google.com/maps/place/Crust+%26+Bunz/data=!4m7!3m6!1s0x3755c7f26f59b667:0x7b4286bbc3dd3d57!8m2!3d23.807895!4d90.4304239!16s%2Fg%2F11fs1w0xy5!19sChIJZ7ZZb_LHVTcRVz3dw7uGQns?authuser=0&hl=en&g_ep=EgoyMDI2MDkwOS4wIJJjKgBIAVAD&rclk=1,2.9,58,"Bashundhara R/A, Dhaka",23.807895,90.430424
Captain Chef,Restaurant,Bashundhara R/A,https://www.google.com/maps/place/Captain+Chef/data=!4m7!3m6!1s0x3755c7730642e19b:0xd21b6b7020f93751!8m2!3d23.812636!4d90.4228743!16s%2Fg%2F11lgk79c71!19sChIJm-FCBnPHVTcRUTf5IHBrG9I?authuser=0&hl=en&g_ep=EgoyMDI2MDkwOS4wIJJjKgBIAVAD&rclk=1,3.7,3,"URBAN VOID FOOD COURT, Bashundhara R/A Main Road, 1229 Shop 10 Dhaka.Bangladesh , Bashundhara R/A, Dhaka",23.812636,90.422874
Food 24 paradise,Restaurant,Bashundhara R/A,https://www.google.com/maps/place/Food+24+paradise/data=!4m7!3m6!1s0x3755c7ecc165eeb3:0xe3d14455e3d5911e!8m2!3d23.8204432!4d90.426735!16s%2Fg%2F11wtlb9xmk!19sChIJs-5lwezHVTcRHpHV41VE0eM?authuser=0&hl=en&g_ep=EgoyMDI2MDkwOS4wIJJjKgBIAVAD&rclk=1,5,1,"Bashundhara R/A, Dhaka",23.820443,90.426735
American Burger Bashundhara R/A New Outlet,Restaurant,Bashundhara R/A,https://www.google.com/maps/place/American+Burger+Bashundhara+R%2FA+New+Outlet/data=!4m7!3m6!1s0x3755c7bfcd93f53d:0x6e03b45a4147ac33!8m2!3d23.8121596!4d90.4246693!16s%2Fg%2F11tfv4cqq_!19sChIJPfWTzb_HVTcRM6xHQVq0A24?authuser=0&hl=en&g_ep=EgoyMDI2MDkwOS4wIJJjKgBIAVAD&rclk=1,4,6,"RC6F+VV7, Bashundhara Rd, Bashundhara R/A, Dhaka",23.81216,90.424669
Fritto Bangladesh,Restaurant,Bashundhara R/A,https://www.google.com/maps/place/Fritto+Bangladesh/data=!4m7!3m6!1s0x3755c7005d98ad53:0x9c15b0dea2c8f804!8m2!3d23.8126513!4d90.4280236!16s%2Fg%2F11xn8bsb1b!19sChIJU62YXQDHVTcRBPjIot6wFZw?authuser=0&hl=en&g_ep=EgoyMDI2MDkwOS4wIJJjKgBIAVAD&rclk=1,4,4,"12 Bashundhara Rd , Bashundhara R/A, Dhaka",23.812651,90.428024
Fluryz Bashundhara Outlate,Restaurant,Bashundhara R/A,https://www.google.com/maps/place/Fluryz+Bashundhara+Outlate/data=!4m7!3m6!1s0x3755c71c4de44561:0x81905ecdb2109695!8m2!3d23.8143493!4d90.4385557!16s%2Fg%2F11yt6lbhz0!19sChIJYUXkTRzHVTcRlZYQss1ekIE?authuser=0&hl=en&g_ep=EgoyMDI2MDkwOS4wIJJjKgBIAVAD&rclk=1,3,4,"Bashundhara R/A, Dhaka",23.814349,90.438556
Madchef Bashundhara,Restaurant,Bashundhara R/A,https://www.google.com/maps/place/Madchef+Bashundhara/data=!4m7!3m6!1s0x3755c700550e10ef:0xf225457c6198e856!8m2!3d23.8087251!4d90.430394!16s%2Fg%2F11w_hxpq8_!19sChIJ7xAOVQDHVTcRVuiYYXxFJfI?authuser=0&hl=en&g_ep=EgoyMDI2MDkwOS4wIJJjKgBIAVAD&rclk=1,3.4,41,"1st floor, Jabbar Molla tower, Evercare Hospital Rd, Bashundhara R/A, Dhaka",23.808725,90.430394
Food 24×7 Restaurant,Restaurant,Bashundhara R/A,https://www.google.com/maps/place/Food+24%C3%977+Restaurant/data=!4m7!3m6!1s0x3755c64d04cbf8a3:0x35ddadf43f3ce0fa!8m2!3d23.8125537!4d90.4239147!16s%2Fg%2F11fdykf9pn!19sChIJo_jLBE3GVTcR-uA8P_St3TU?authuser=0&hl=en&g_ep=EgoyMDI2MDkwOS4wIJJjKgBIAVAD&rclk=1,3.5,91,"RC7F+2HF, Bashundhara Rd , Bashundhara R/A, Dhaka",23.812554,90.423915
MT Campus,Restaurant,Bashundhara R/A,https://www.google.com/maps/place/MT+Campus/data=!4m7!3m6!1s0x3755c70035aa09f9:0xe765897c8ccd5748!8m2!3d23.8169418!4d90.4243042!16s%2Fg%2F11mlv3xhns!19sChIJ-QmqNQDHVTcRSFfNjHyJZec?authuser=0&hl=en&g_ep=EgoyMDI2MDkwOS4wIJJjKgBIAVAD&rclk=1,4.9,9,"Bashundhara R/A, Dhaka",23.816942,90.424304
Pizza Hut Bhatara,Restaurant,Bashundhara R/A,https://www.google.com/maps/place/Pizza+Hut+Bhatara/data=!4m7!3m6!1s0x3755c64d15ae82b5:0xc65a6a22a6f8755!8m2!3d23.8122605!4d90.4241702!16s%2Fg%2F11h0lbzk_!19sChIJtYKuFU3GVTcRVYdvKqKmZQw?authuser=0&hl=en&g_ep=EgoyMDI2MDkwOS4wIJJjKgBIAVAD&rclk=1,4.1,1.1K,"Bashundhara Rd Casual pizza chain with wide selection , Bashundhara R/A, Dhaka",23.812261,90.42417
Cheese Express,Restaurant,Bashundhara R/A,https://www.google.com/maps/place/Cheese+Express/data=!4m7!3m6!1s0x3755c757342a75e9:0x5d62e7aa46b902a8!8m2!3d23.8093701!4d90.4314755!16s%2Fg%2F11sj9sh2m4!19sChIJ6XUqNFfHVTcRqAK5RqrnYl0?authuser=0&hl=en&g_ep=EgoyMDI2MDkwOS4wIJJjKgBIAVAD&rclk=1,3,3,"Bashundhara R/A, Dhaka",23.80937,90.431476
Old 90’s,Restaurant,Bashundhara R/A,https://www.google.com/maps/place/Old+90%E2%80%99s/data=!4m7!3m6!1s0x3755c7b5f75391a1:0x21ed173b0c245a3f!8m2!3d23.8121861!4d90.4229939!16s%2Fg%2F11qnh1ckj_!19sChIJoZFT97XHVTcRP1okDDsX7SE?authuser=0&hl=en&g_ep=EgoyMDI2MDkwOS4wIJJjKgBIAVAD&rclk=1,3.8,5,"1229, Hazi Abdul Latif Mansion 9/KA, Manson, R/A, Ka-9 Bashundhara Rd , Bashundhara R/A, Dhaka",23.812186,90.422994
Garlic 'n Ginger,Restaurant,Bashundhara R/A,https://www.google.com/maps/place/Garlic+%27n+Ginger/data=!4m7!3m6!1s0x3755c64d9fe1ba43:0xe85645fcfce10128!8m2!3d23.8133712!4d90.4234168!16s%2Fg%2F11b7q0vlc_!19sChIJQ7rhn03GVTcRKAHh_PxFVug?authuser=0&hl=en&g_ep=EgoyMDI2MDkwOS4wIJJjKgBIAVAD&rclk=1,4.3,2.8K,"Shop-1C-037, 1st Floor, KA-244, Jamuna Future Park Progoti Shoroni, Kuril - NSU Rd , Bashundhara R/A, Dhaka",23.813371,90.423417
Takeout,Restaurant,Bashundhara R/A,https://www.google.com/maps/place/Takeout/data=!4m7!3m6!1s0x3755c73044d9446b:0x632b15f550fac95!8m2!3d23.8135697!4d90.4243033!16s%2Fg%2F11j0rh5x64!19sChIJa0TZRDDHVTcRlawPVV-xMgY?authuser=0&hl=en&g_ep=EgoyMDI2MDkwOS4wIJJjKgBIAVAD&rclk=1,4.1,193,"Level 5, Jamuna Future Park, 9 Progati Sarani Rd , Bashundhara R/A, Dhaka",23.81357,90.424303
Jafran Resto,Restaurant,Bashundhara R/A,https://www.google.com/maps/place/Jafran+Resto/data=!4m7!3m6!1s0x3755c64b670a8717:0xda05fe61c8fedb5f!8m2!3d23.8122253!4d90.4241582!16s%2Fg%2F11cjj5j32f!19sChIJF4cKZ0vGVTcRX9v-yGH-Bdo?authuser=0&hl=en&g_ep=EgoyMDI2MDkwOS4wIJJjKgBIAVAD&rclk=1,4.1,1.8K,"Lift 5, fifth floor, Adept NR Complex( beside Pitha Ghar) ,Opposite to, Jamuna Future Park Pocket Gate Road , Bashundhara R/A, Dhaka",23.812225,90.424158
Pizza Hut Jamuna Future Park,Restaurant,Bashundhara R/A,https://www.google.com/maps/place/Pizza+Hut+Jamuna+Future+Park/data=!4m7!3m6!1s0x3755c7c3cb722905:0xded3b656ec3001ac!8m2!3d23.8131747!4d90.4238252!16s%2Fg%2F11fn6y9r21!19sChIJBSlyy8PHVTcRrAEw7Fa2094?authuser=0&hl=en&g_ep=EgoyMDI2MDkwOS4wIJJjKgBIAVAD&rclk=1,4.1,207,"Bashundhara R/A, Dhaka",23.813175,90.423825
TokyoDango,Restaurant,Bashundhara R/A,https://www.google.com/maps/place/TokyoDango/data=!4m7!3m6!1s0x3755c70077891fc3:0x9b6ea6900f20fc8!8m2!3d23.8125473!4d90.4237988!16s%2Fg%2F11w22xwrtf!19sChIJwx-JdwDHVTcRyA_yAGnqtgk?authuser=0&hl=en&g_ep=EgoyMDI2MDkwOS4wIJJjKgBIAVAD&rclk=1,4.3,87,"Level 5 Shop no- 001, Jamuna Future Park , Bashundhara R/A, Dhaka",23.812547,90.423799
Arsalan Restaurant,Restaurant,Bashundhara R/A,https://www.google.com/maps/place/Arsalan+Restaurant/data=!4m7!3m6!1s0x3755c64dadaaeac3:0xf176a1505f67170d!8m2!3d23.8135673!4d90.4243402!16s%2Fg%2F11c4t33ky8!19sChIJw-qqrU3GVTcRDRdnX1ChdvE?authuser=0&hl=en&g_ep=EgoyMDI2MDkwOS4wIJJjKgBIAVAD&rclk=1,3,211,"Shop 6,7,8,29 Level 5, Zone D, Jamuna Future Park, 1229 1229 , Bashundhara R/A, Dhaka",23.813567,90.42434
Jamuna Future Park,Restaurant,Bashundhara R/A,https://www.google.com/maps/place/Jamuna+Future+Park/data=!4m7!3m6!1s0x3755c64d82f2aff5:0x4064dbf4ade56307!8m2!3d23.8128329!4d90.4216235!16s%2Fg%2F1q5gm1d6f!19sChIJ9a_ygk3GVTcRB2PlrfTbZEA?authuser=0&hl=en&g_ep=EgoyMDI2MDkwOS4wIJJjKgBIAVAD&rclk=1,4.2,3.4K,"234 Bashundhara Rd , Bashundhara R/A, Dhaka",23.812833,90.421623
Domino’s Pizza Jamuna Future Park,Restaurant,Bashundhara R/A,https://www.google.com/maps/place/Domino%E2%80%99s+Pizza+Jamuna+Future+Park/data=!4m7!3m6!1s0x3755c7009bc05967:0x2ff1bb35616f8169!8m2!3d23.8131899!4d90.423553!16s%2Fg%2F11tfv2k3fb!19sChIJZ1nAmwDHVTcRaYFvYTW78S8?authuser=0&hl=en&g_ep=EgoyMDI2MDkwOS4wIJJjKgBIAVAD&rclk=1,4,279,"Bashundhara R/A, Dhaka",23.81319,90.423553
Burger King Jamuna Future Park,Restaurant,Bashundhara R/A,https://www.google.com/maps/place/Burger+King+Jamuna+Future+Park/data=!4m7!3m6!1s0x3755c72286a218fd:0x527b79a2cecda01e!8m2!3d23.8133884!4d90.424253!16s%2Fg%2F11fks656yp!19sChIJ_RiihiLHVTcRHqDNzqJ5e1I?authuser=0&hl=en&g_ep=EgoyMDI2MDkwOS4wIJJjKgBIAVAD&rclk=1,3.7,314,"Jamuna Future Park, Level- 5 Ka-244 Pragati Avenue Unit 5B Shop no: 007-9 , Bashundhara R/A, Dhaka",23.813388,90.424253
Kung Fu Noodles,Restaurant,Bashundhara R/A,https://www.google.com/maps/place/Kung+Fu+Noodles/data=!4m7!3m6!1s0x3755c7ed3a8aa6a7:0xeec9c3c1014fa48a!8m2!3d23.8135625!4d90.4241875!16s%2Fg%2F11ty52gtql!19sChIJp6aKOu3HVTcRiqRPAcHDye4?authuser=0&hl=en&g_ep=EgoyMDI2MDkwOS4wIJJjKgBIAVAD&rclk=1,3.4,77,"Level-5, Jamuna future park, Progoti Sarani - Debogram Rd , Bashundhara R/A, Dhaka",23.813562,90.424188
KFC - Jamuna Future Park Complex,Restaurant,Bashundhara R/A,https://www.google.com/maps/place/KFC+-+Jamuna+Future+Park+Complex/data=!4m7!3m6!1s0x3755c64d078dc7e1:0x91e23da5f7ecdab6!8m2!3d23.8131804!4d90.4236666!16s%2Fg%2F11bx0dljvm!19sChIJ4ceNB03GVTcRttrs96U94pE?authuser=0&hl=en&g_ep=EgoyMDI2MDkwOS4wIJJjKgBIAVAD&rclk=1,4,484,"Shop No # 5C-013, 5th Floor, Jamuna Future Park Complex, KA - 244, Kurli, Progoti Sarani - Debogram Road Fried chicken restaurant chain , Bashundhara R/A, Dhaka",23.81318,90.423667
CP Fried Chicken,Restaurant,Bashundhara R/A,https://www.google.com/maps/place/CP+Fried+Chicken/data=!4m7!3m6!1s0x3755c709eb2a8785:0x7728696de46cd54e!8m2!3d23.8129476!4d90.4210053!16s%2Fg%2F11gkwfjy9w!19sChIJhYcq6wnHVTcRTtVs5G1pKHc?authuser=0&hl=en&g_ep=EgoyMDI2MDkwOS4wIJJjKgBIAVAD&rclk=1,4,15,"Bashundhara R/A, Dhaka",23.812948,90.421005
Mughal Mahal Indian Spicy,Restaurant,Bashundhara R/A,https://www.google.com/maps/place/Mughal+Mahal+Indian+Spicy/data=!4m7!3m6!1s0x3755c64d07c2cf5d:0x6e47d6e2d05024dd!8m2!3d23.8138058!4d90.4245718!16s%2Fg%2F11f4l9c8t7!19sChIJXc_CB03GVTcR3SRQ0OLWR24?authuser=0&hl=en&g_ep=EgoyMDI2MDkwOS4wIJJjKgBIAVAD&rclk=1,3.5,375,"Shop No-5B, 10, 11, 12, 13, 5th Floor, Jamuna Future Park, Kuril - NSU Rd , Bashundhara R/A, Dhaka",23.813806,90.424572
Food Heaven,Restaurant,Bashundhara R/A,https://www.google.com/maps/place/Food+Heaven/data=!4m7!3m6!1s0x3755c64da8506205:0xcea15b4e79ce2133!8m2!3d23.813427!4d90.4238259!16s%2Fg%2F11h1yg23r_!19sChIJBWJQqE3GVTcRMyHOeU5boc4?authuser=0&hl=en&g_ep=EgoyMDI2MDkwOS4wIJJjKgBIAVAD&rclk=1,4.8,4,"Bashundhara R/A, Dhaka",23.813427,90.423826
Vorta Bari Restaurant,Restaurant,Bashundhara R/A,https://www.google.com/maps/place/Vorta+Bari+Restaurant/data=!4m7!3m6!1s0x3755c64d3dfee757:0x59ec9e968f937d1b!8m2!3d23.8115541!4d90.4232268!16s%2Fg%2F11gbx92nr2!19sChIJV-f-PU3GVTcRG32Tj5ae7Fk?authuser=0&hl=en&g_ep=EgoyMDI2MDkwOS4wIJJjKgBIAVAD&rclk=1,3.8,352,"Ka-54, RC6F+J79, 3 Bashundhara Rd , Bashundhara R/A, Dhaka",23.811554,90.423227
Abesh Hotel & Restaurant (Branch-6),Restaurant,Bashundhara R/A,https://www.google.com/maps/place/Abesh+Hotel+%26+Restaurant+%28Branch-6%29/data=!4m7!3m6!1s0x3755c700243eb7fd:0x5421bd8140b957a3!8m2!3d23.8125059!4d90.4227396!16s%2Fg%2F11myy2jw6j!19sChIJ_bc-JADHVTcRo1e5QIG9IVQ?authuser=0&hl=en&g_ep=EgoyMDI2MDkwOS4wIJJjKgBIAVAD&rclk=1,3.9,132,"Bashundhara R/A, Dhaka",23.812506,90.42274
Luchi Chap,Restaurant,Bashundhara R/A,https://www.google.com/maps/place/Luchi+Chap/data=!4m7!3m6!1s0x3755c64d69855659:0xd997bbf0aeccfe9e!8m2!3d23.8120397!4d90.4223825!16s%2Fg%2F11dxdcn7zy!19sChIJWVaFaU3GVTcRnv7MrvC7l9k?authuser=0&hl=en&g_ep=EgoyMDI2MDkwOS4wIJJjKgBIAVAD&rclk=1,3.9,565,"Ka-54, 3 Bashundhara Rd , Bashundhara R/A, Dhaka",23.81204,90.422382
Foxy Chic,Restaurant,Bashundhara R/A,https://www.google.com/maps/place/Foxy+Chic/data=!4m7!3m6!1s0x3755c652895955e1:0x3578ee88feae9aac!8m2!3d23.8129696!4d90.4210076!16s%2Fg%2F11c7sr00nw!19sChIJ4VVZiVLGVTcRrJqu_ojueDU?authuser=0&hl=en&g_ep=EgoyMDI2MDkwOS4wIJJjKgBIAVAD&rclk=1,4.1,31,"Bashundhara R/A, Dhaka",23.81297,90.421008
Chickn Crunch Bashundhara,Restaurant,Bashundhara R/A,https://www.google.com/maps/place/Chickn+Crunch+Bashundhara/data=!4m7!3m6!1s0x3755c700324ccc2f:0xb02570172ef23d0a!8m2!3d23.8135915!4d90.4244301!16s%2Fg%2F11zbh1zgsz!19sChIJL8xMMgDHVTcRCj3yLhdwJbA?authuser=0&hl=en&g_ep=EgoyMDI2MDkwOS4wIJJjKgBIAVAD&rclk=1,1,1,"Ka-244, Jamuna Future Park, Shop - 5A-006, Level 5, Progati Sarani Rd , Bashundhara R/A, Dhaka",23.813592,90.42443
Glazed Jamuna Future Park,Restaurant,Bashundhara R/A,https://www.google.com/maps/place/Glazed+Jamuna+Future+Park/data=!4m7!3m6!1s0x3755c7583a9d86b3:0x3a398719c170162b!8m2!3d23.8135405!4d90.4239441!16s%2Fg%2F11g_rw7rx4!19sChIJs4adOljHVTcRKxZwwRmHOTo?authuser=0&hl=en&g_ep=EgoyMDI2MDkwOS4wIJJjKgBIAVAD&rclk=1,3.3,6,"RC7F+CH8, Progati Sarani Rd, Bashundhara R/A, Dhaka",23.81354,90.423944
Mokja BD,Restaurant,Bashundhara R/A,https://www.google.com/maps/place/Mokja+BD/data=!4m7!3m6!1s0x3755c78970131aa7:0x8de1e37d15de7a8d!8m2!3d23.8126397!4d90.422859!16s%2Fg%2F11s92g1_qb!19sChIJpxoTcInHVTcRjXreFX3j4Y0?authuser=0&hl=en&g_ep=EgoyMDI2MDkwOS4wIJJjKgBIAVAD&rclk=1,4.3,66,"Bashundhara Rd , Bashundhara R/A, Dhaka",23.81264,90.422859
King's Fish Restaurant,Restaurant,Bashundhara R/A,https://www.google.com/maps/place/King%27s+Fish+Restaurant/data=!4m7!3m6!1s0x3755c7bc7fe80419:0x20d7c993fac55d18!8m2!3d23.81346!4d90.4241366!16s%2Fg%2F11v5b8ggtp!19sChIJGQTof7zHVTcRGF3F-pPJ1yA?authuser=0&hl=en&g_ep=EgoyMDI2MDkwOS4wIJJjKgBIAVAD&rclk=1,2.5,13,"Bashundhara R/A, Dhaka",23.81346,90.424137
Halal Shawrma & Luchi,Restaurant,Bashundhara R/A,https://www.google.com/maps/place/Halal+Shawrma+%26+Luchi/data=!4m7!3m6!1s0x3755c7bbf255d993:0xa979bbee02adbf3f!8m2!3d23.8120934!4d90.4240693!16s%2Fg%2F11h0b90n3_!19sChIJk9lV8rvHVTcRP7-tAu67eak?authuser=0&hl=en&g_ep=EgoyMDI2MDkwOS4wIJJjKgBIAVAD&rclk=1,4.4,153,"Bashundhara Rd , Bashundhara R/A, Dhaka",23.812093,90.424069
Indian Spicy Hungry K?,Restaurant,Bashundhara R/A,https://www.google.com/maps/place/Indian+Spicy+Hungry+K%3F/data=!4m7!3m6!1s0x3755c64c531d21d1:0xf27181b8a651402!8m2!3d23.813955!4d90.424499!16s%2Fg%2F11gbxh6jf5!19sChIJ0SEdU0zGVTcRAhRlihsYJw8?authuser=0&hl=en&g_ep=EgoyMDI2MDkwOS4wIJJjKgBIAVAD&rclk=1,3.4,49,"5th floor, JAMUNA FUTURE PARK, Level- 5, Zone- D, Shop No- 024. 244, ka, Pragati Avenue, Basundhara. , Bashundhara R/A, Dhaka",23.813955,90.424499